#融资融券
0000001
0000002
0000006
0000008
0000009
0000012
0000021
0000025
0000027
0000028
0000029
0000030
0000031
0000032
0000034
0000035
0000036
0000039
0000042
0000048
0000049
0000050
0000055
0000058
0000059
0000060
0000061
0000062
0000063
0000065
0000066
0000069
0000070
0000088
0000089
0000090
0000099
0000100
0000151
0000155
0000156
0000157
0000158
0000159
0000166
0000301
0000333
0000338
0000400
0000401
0000402
0000403
0000404
0000408
0000410
0000415
0000417
0000420
0000422
0000423
0000425
0000426
0000428
0000429
0000498
0000501
0000503
0000505
0000510
0000513
0000516
0000517
0000519
0000521
0000524
0000528
0000530
0000531
0000533
0000534
0000536
0000537
0000538
0000539
0000541
0000543
0000544
0000545
0000547
0000550
0000551
0000552
0000553
0000554
0000555
0000557
0000558
0000559
0000560
0000563
0000564
0000565
0000566
0000567
0000568
0000572
0000581
0000582
0000589
0000591
0000592
0000593
0000596
0000598
0000600
0000601
0000603
0000607
0000612
0000617
0000620
0000623
0000625
0000628
0000629
0000630
0000631
0000636
0000650
0000651
0000652
0000655
0000657
0000661
0000665
0000672
0000676
0000678
0000680
0000681
0000682
0000683
0000685
0000686
0000688
0000690
0000700
0000703
0000707
0000708
0000709
0000712
0000713
0000716
0000717
0000718
0000719
0000722
0000723
0000725
0000726
0000728
0000729
0000731
0000733
0000735
0000737
0000738
0000739
0000750
0000755
0000756
0000758
0000761
0000762
0000766
0000767
0000768
0000776
0000777
0000778
0000783
0000785
0000786
0000789
0000790
0000791
0000792
0000795
0000799
0000800
0000801
0000807
0000810
0000811
0000812
0000813
0000815
0000816
0000818
0000819
0000822
0000823
0000825
0000828
0000829
0000830
0000831
0000833
0000837
0000848
0000850
0000852
0000858
0000859
0000860
0000863
0000868
0000869
0000875
0000876
0000877
0000878
0000880
0000883
0000885
0000887
0000888
0000893
0000895
0000898
0000899
0000900
0000901
0000902
0000905
0000910
0000912
0000913
0000915
0000917
0000921
0000922
0000923
0000926
0000927
0000928
0000930
0000931
0000932
0000933
0000935
0000936
0000937
0000938
0000948
0000950
0000951
0000957
0000958
0000959
0000960
0000962
0000963
0000965
0000966
0000967
0000968
0000969
0000970
0000973
0000975
0000977
0000980
0000981
0000983
0000987
0000988
0000990
0000993
0000997
0000998
0000999
0001203
0001220
0001221
0001232
0001233
0001237
0001239
0001246
0001248
0001257
0001267
0001270
0001277
0001279
0001280
0001282
0001285
0001286
0001287
0001289
0001301
0001306
0001309
0001312
0001324
0001325
0001326
0001328
0001335
0001337
0001339
0001356
0001358
0001359
0001360
0001365
0001367
0001369
0001373
0001378
0001379
0001380
0001382
0001386
0001387
0001388
0001389
0001390
0001391
0001393
0001395
0001396
0001399
0001400
0001696
0001872
0001896
0001914
0001965
0001979
0002001
0002003
0002004
0002006
0002007
0002008
0002009
0002010
0002011
0002015
0002016
0002017
0002019
0002020
0002023
0002025
0002026
0002027
0002028
0002029
0002030
0002031
0002032
0002033
0002034
0002035
0002036
0002037
0002038
0002039
0002041
0002042
0002043
0002044
0002045
0002046
0002048
0002049
0002050
0002051
0002053
0002054
0002056
0002057
0002060
0002061
0002062
0002063
0002064
0002065
0002067
0002068
0002073
0002074
0002075
0002077
0002078
0002079
0002080
0002081
0002085
0002088
0002091
0002093
0002094
0002095
0002097
0002099
0002100
0002101
0002104
0002106
0002108
0002110
0002112
0002115
0002117
0002119
0002120
0002121
0002123
0002125
0002126
0002127
0002128
0002129
0002130
0002131
0002132
0002135
0002138
0002139
0002140
0002142
0002145
0002146
0002148
0002149
0002150
0002151
0002152
0002153
0002154
0002155
0002156
0002157
0002158
0002160
0002161
0002163
0002164
0002165
0002166
0002167
0002169
0002171
0002173
0002174
0002176
0002177
0002179
0002180
0002181
0002182
0002183
0002185
0002189
0002190
0002191
0002192
0002194
0002195
0002201
0002202
0002203
0002204
0002206
0002208
0002210
0002212
0002213
0002215
0002216
0002218
0002219
0002221
0002222
0002223
0002229
0002230
0002232
0002233
0002234
0002235
0002236
0002237
0002238
0002239
0002240
0002241
0002242
0002243
0002244
0002245
0002246
0002249
0002250
0002251
0002252
0002254
0002255
0002256
0002258
0002261
0002262
0002263
0002265
0002266
0002267
0002268
0002269
0002270
0002271
0002272
0002273
0002274
0002275
0002276
0002277
0002281
0002283
0002284
0002285
0002287
0002290
0002291
0002292
0002293
0002294
0002297
0002298
0002299
0002300
0002301
0002302
0002303
0002304
0002307
0002309
0002311
0002312
0002317
0002318
0002320
0002324
0002326
0002328
0002329
0002332
0002334
0002335
0002338
0002339
0002340
0002342
0002344
0002346
0002349
0002350
0002351
0002352
0002353
0002354
0002355
0002361
0002362
0002364
0002366
0002367
0002368
0002369
0002370
0002371
0002372
0002373
0002374
0002375
0002376
0002378
0002379
0002382
0002383
0002384
0002385
0002386
0002387
0002389
0002390
0002393
0002395
0002396
0002399
0002400
0002401
0002402
0002405
0002407
0002408
0002409
0002410
0002412
0002413
0002414
0002415
0002416
0002419
0002421
0002422
0002423
0002426
0002428
0002429
0002430
0002432
0002434
0002436
0002437
0002438
0002439
0002440
0002441
0002444
0002445
0002446
0002449
0002451
0002452
0002453
0002454
0002455
0002456
0002458
0002459
0002460
0002461
0002463
0002465
0002466
0002467
0002468
0002469
0002471
0002472
0002474
0002475
0002476
0002478
0002481
0002483
0002484
0002487
0002488
0002489
0002491
0002493
0002497
0002498
0002500
0002506
0002507
0002508
0002511
0002517
0002518
0002519
0002520
0002521
0002522
0002523
0002526
0002527
0002530
0002531
0002532
0002533
0002534
0002536
0002537
0002539
0002541
0002543
0002544
0002545
0002548
0002549
0002553
0002554
0002555
0002556
0002557
0002558
0002560
0002561
0002563
0002565
0002567
0002568
0002570
0002572
0002573
0002574
0002575
0002577
0002579
0002580
0002583
0002585
0002588
0002589
0002590
0002594
0002595
0002596
0002597
0002600
0002601
0002602
0002603
0002606
0002607
0002608
0002611
0002612
0002617
0002623
0002624
0002625
0002626
0002628
0002631
0002635
0002636
0002639
0002641
0002643
0002645
0002646
0002648
0002649
0002653
0002654
0002657
0002662
0002664
0002668
0002670
0002672
0002673
0002675
0002681
0002683
0002685
0002690
0002695
0002697
0002698
0002701
0002703
0002705
0002706
0002707
0002709
0002714
0002716
0002727
0002729
0002733
0002734
0002736
0002737
0002738
0002739
0002741
0002745
0002746
0002747
0002755
0002756
0002761
0002765
0002768
0002773
0002779
0002782
0002783
0002791
0002792
0002796
0002797
0002803
0002805
0002807
0002810
0002812
0002815
0002821
0002824
0002831
0002832
0002837
0002838
0002839
0002840
0002841
0002842
0002843
0002847
0002850
0002851
0002859
0002860
0002863
0002865
0002867
0002869
0002876
0002881
0002885
0002891
0002892
0002895
0002896
0002897
0002901
0002902
0002903
0002906
0002909
0002911
0002912
0002913
0002915
0002916
0002920
0002922
0002925
0002926
0002928
0002929
0002930
0002931
0002935
0002936
0002937
0002938
0002939
0002941
0002943
0002945
0002946
0002947
0002948
0002957
0002958
0002959
0002960
0002965
0002966
0002969
0002978
0002984
0002985
0002987
0002997
0003021
0003022
0003031
0003035
0003039
0003040
0003816
0159100
0159101
0159102
0159107
0159109
0159125
0159128
0159129
0159131
0159133
0159135
0159140
0159141
0159142
0159146
0159147
0159152
0159155
0159157
0159158
0159201
0159202
0159205
0159206
0159207
0159209
0159213
0159215
0159217
0159218
0159221
0159222
0159227
0159232
0159235
0159241
0159242
0159246
0159258
0159259
0159260
0159262
0159263
0159267
0159269
0159272
0159273
0159278
0159286
0159297
0159300
0159305
0159307
0159309
0159310
0159316
0159320
0159325
0159326
0159327
0159329
0159338
0159339
0159351
0159352
0159353
0159356
0159357
0159359
0159360
0159361
0159363
0159368
0159369
0159378
0159381
0159382
0159387
0159388
0159399
0159501
0159502
0159506
0159507
0159509
0159513
0159516
0159518
0159525
0159526
0159529
0159530
0159531
0159545
0159546
0159547
0159549
0159552
0159558
0159559
0159561
0159562
0159566
0159567
0159570
0159577
0159581
0159582
0159583
0159588
0159590
0159592
0159593
0159595
0159597
0159599
0159600
0159601
0159603
0159605
0159607
0159608
0159611
0159612
0159615
0159622
0159625
0159628
0159629
0159632
0159633
0159636
0159637
0159638
0159647
0159649
0159650
0159652
0159655
0159659
0159660
0159663
0159665
0159667
0159671
0159673
0159680
0159681
0159682
0159687
0159688
0159690
0159691
0159692
0159695
0159696
0159697
0159698
0159713
0159715
0159731
0159732
0159736
0159740
0159741
0159742
0159745
0159748
0159750
0159751
0159755
0159758
0159766
0159770
0159775
0159780
0159781
0159782
0159783
0159790
0159792
0159796
0159801
0159806
0159807
0159812
0159813
0159819
0159820
0159825
0159828
0159830
0159831
0159834
0159837
0159839
0159840
0159841
0159842
0159845
0159847
0159851
0159852
0159857
0159858
0159859
0159865
0159866
0159867
0159869
0159870
0159871
0159875
0159876
0159880
0159883
0159887
0159892
0159899
0159901
0159903
0159905
0159908
0159909
0159915
0159919
0159920
0159922
0159925
0159928
0159929
0159930
0159934
0159937
0159938
0159939
0159940
0159941
0159948
0159949
0159952
0159957
0159958
0159967
0159971
0159977
0159992
0159993
0159994
0159995
0159996
0159997
0159998
0300001
0300002
0300003
0300005
0300006
0300007
0300008
0300009
0300012
0300014
0300015
0300017
0300018
0300019
0300024
0300025
0300026
0300031
0300033
0300034
0300035
0300036
0300037
0300039
0300041
0300042
0300045
0300046
0300047
0300048
0300049
0300053
0300054
0300055
0300057
0300058
0300059
0300061
0300065
0300066
0300067
0300070
0300072
0300073
0300075
0300077
0300078
0300079
0300080
0300082
0300083
0300085
0300088
0300094
0300098
0300099
0300100
0300101
0300102
0300109
0300110
0300113
0300115
0300118
0300122
0300124
0300128
0300129
0300130
0300131
0300133
0300134
0300136
0300139
0300142
0300143
0300144
0300145
0300146
0300149
0300151
0300153
0300157
0300158
0300166
0300168
0300170
0300171
0300174
0300177
0300179
0300180
0300181
0300182
0300183
0300184
0300185
0300188
0300189
0300191
0300194
0300197
0300199
0300201
0300203
0300204
0300207
0300217
0300219
0300222
0300223
0300224
0300226
0300229
0300232
0300233
0300236
0300244
0300249
0300251
0300253
0300255
0300257
0300258
0300260
0300261
0300263
0300265
0300266
0300267
0300271
0300274
0300276
0300278
0300284
0300285
0300287
0300294
0300296
0300298
0300299
0300300
0300302
0300303
0300308
0300310
0300315
0300316
0300319
0300320
0300322
0300323
0300324
0300327
0300328
0300331
0300332
0300333
0300337
0300339
0300342
0300346
0300347
0300348
0300349
0300351
0300353
0300355
0300357
0300358
0300360
0300363
0300364
0300369
0300373
0300377
0300378
0300382
0300383
0300390
0300393
0300394
0300395
0300397
0300398
0300401
0300403
0300406
0300408
0300409
0300413
0300414
0300415
0300416
0300418
0300428
0300429
0300432
0300433
0300436
0300437
0300438
0300442
0300443
0300450
0300451
0300454
0300455
0300456
0300457
0300458
0300459
0300463
0300468
0300469
0300471
0300474
0300475
0300476
0300479
0300481
0300482
0300484
0300487
0300492
0300493
0300496
0300497
0300498
0300499
0300502
0300503
0300505
0300507
0300518
0300520
0300525
0300529
0300548
0300558
0300563
0300566
0300567
0300568
0300569
0300570
0300573
0300576
0300579
0300581
0300586
0300587
0300589
0300593
0300595
0300596
0300598
0300601
0300602
0300604
0300607
0300612
0300613
0300614
0300618
0300620
0300623
0300624
0300627
0300628
0300629
0300633
0300634
0300638
0300639
0300641
0300648
0300653
0300655
0300657
0300660
0300661
0300663
0300666
0300671
0300672
0300674
0300676
0300677
0300678
0300679
0300681
0300682
0300684
0300685
0300687
0300690
0300691
0300693
0300696
0300699
0300700
0300709
0300712
0300718
0300720
0300722
0300723
0300724
0300725
0300726
0300735
0300737
0300738
0300739
0300740
0300741
0300745
0300747
0300748
0300750
0300751
0300755
0300757
0300759
0300760
0300761
0300762
0300763
0300765
0300766
0300767
0300768
0300769
0300770
0300772
0300773
0300774
0300775
0300776
0300777
0300779
0300781
0300782
0300784
0300790
0300803
0300804
0300806
0300811
0300814
0300820
0300821
0300825
0300827
0300832
0300834
0300835
0300841
0300842
0300843
0300844
0300846
0300850
0300854
0300855
0300856
0300857
0300860
0300861
0300862
0300863
0300864
0300865
0300866
0300867
0300868
0300869
0300870
0300871
0300872
0300873
0300875
0300876
0300877
0300878
0300879
0300880
0300881
0300882
0300883
0300884
0300885
0300886
0300887
0300888
0300889
0300890
0300891
0300892
0300893
0300894
0300895
0300896
0300897
0300898
0300899
0300900
0300901
0300902
0300903
0300904
0300905
0300906
0300907
0300908
0300909
0300910
0300911
0300912
0300913
0300915
0300916
0300917
0300918
0300919
0300920
0300921
0300922
0300923
0300925
0300926
0300927
0300928
0300929
0300930
0300931
0300932
0300933
0300935
0300936
0300937
0300938
0300939
0300940
0300941
0300942
0300943
0300945
0300946
0300947
0300948
0300949
0300950
0300951
0300952
0300953
0300955
0300956
0300957
0300958
0300959
0300960
0300961
0300962
0300963
0300964
0300965
0300966
0300967
0300968
0300969
0300970
0300971
0300972
0300973
0300975
0300976
0300977
0300978
0300979
0300980
0300981
0300982
0300983
0300984
0300985
0300986
0300987
0300988
0300989
0300990
0300991
0300992
0300993
0300994
0300995
0300996
0300997
0300998
0300999
0301000
0301001
0301002
0301003
0301004
0301005
0301006
0301007
0301008
0301009
0301010
0301011
0301012
0301013
0301015
0301016
0301017
0301018
0301019
0301020
0301021
0301022
0301023
0301024
0301025
0301026
0301027
0301028
0301029
0301031
0301032
0301033
0301035
0301036
0301037
0301038
0301039
0301040
0301041
0301042
0301043
0301045
0301046
0301047
0301048
0301049
0301050
0301051
0301052
0301053
0301055
0301056
0301057
0301058
0301059
0301060
0301061
0301062
0301063
0301065
0301066
0301067
0301068
0301069
0301070
0301071
0301072
0301073
0301075
0301076
0301077
0301078
0301079
0301080
0301081
0301082
0301083
0301085
0301086
0301087
0301088
0301089
0301090
0301091
0301092
0301093
0301095
0301096
0301097
0301098
0301099
0301100
0301101
0301102
0301103
0301105
0301106
0301107
0301108
0301109
0301110
0301111
0301112
0301113
0301115
0301116
0301118
0301119
0301120
0301121
0301122
0301123
0301125
0301126
0301127
0301128
0301129
0301130
0301131
0301132
0301133
0301135
0301136
0301137
0301138
0301141
0301148
0301149
0301150
0301151
0301152
0301153
0301155
0301156
0301157
0301158
0301159
0301160
0301161
0301162
0301163
0301165
0301166
0301167
0301168
0301169
0301170
0301171
0301172
0301173
0301175
0301176
0301177
0301178
0301179
0301180
0301181
0301182
0301183
0301185
0301186
0301187
0301188
0301189
0301190
0301191
0301192
0301193
0301195
0301196
0301197
0301198
0301199
0301200
0301201
0301202
0301203
0301205
0301206
0301207
0301208
0301209
0301210
0301211
0301212
0301213
0301215
0301216
0301217
0301218
0301219
0301220
0301221
0301222
0301223
0301225
0301226
0301227
0301228
0301229
0301230
0301231
0301232
0301233
0301234
0301235
0301236
0301237
0301238
0301239
0301246
0301248
0301251
0301252
0301255
0301256
0301257
0301258
0301259
0301260
0301261
0301262
0301263
0301265
0301266
0301267
0301268
0301269
0301270
0301272
0301273
0301275
0301276
0301277
0301278
0301279
0301280
0301281
0301282
0301283
0301285
0301286
0301287
0301288
0301289
0301290
0301291
0301292
0301293
0301295
0301296
0301297
0301298
0301299
0301300
0301301
0301302
0301303
0301305
0301306
0301307
0301308
0301309
0301310
0301311
0301312
0301313
0301314
0301315
0301316
0301317
0301318
0301319
0301320
0301321
0301322
0301323
0301325
0301326
0301327
0301328
0301329
0301330
0301331
0301332
0301333
0301335
0301336
0301337
0301338
0301339
0301345
0301348
0301349
0301353
0301355
0301356
0301357
0301358
0301359
0301360
0301361
0301362
0301363
0301365
0301366
0301367
0301368
0301369
0301370
0301371
0301372
0301373
0301376
0301377
0301378
0301379
0301380
0301381
0301382
0301383
0301386
0301387
0301388
0301389
0301390
0301391
0301392
0301393
0301395
0301396
0301397
0301398
0301399
0301408
0301413
0301418
0301419
0301421
0301428
0301429
0301439
0301446
0301448
0301449
0301456
0301458
0301459
0301468
0301469
0301479
0301486
0301487
0301488
0301489
0301491
0301498
0301499
0301500
0301501
0301502
0301503
0301505
0301507
0301508
0301509
0301510
0301511
0301512
0301513
0301515
0301516
0301517
0301518
0301519
0301520
0301522
0301525
0301526
0301528
0301529
0301531
0301533
0301535
0301536
0301538
0301539
0301548
0301550
0301551
0301552
0301555
0301556
0301557
0301558
0301559
0301560
0301563
0301565
0301566
0301567
0301568
0301569
0301571
0301575
0301577
0301578
0301580
0301581
0301583
0301584
0301585
0301586
0301587
0301588
0301589
0301590
0301591
0301592
0301595
0301596
0301598
0301599
0301600
0301601
0301602
0301603
0301606
0301607
0301608
0301609
0301611
0301613
0301616
0301617
0301618
0301622
0301626
0301628
0301629
0301630
0301631
0301632
0301633
0301636
0301638
0301655
0301656
0301658
0301660
0301662
0301665
0301666
0301667
0301668
0301669
0301677
0301678
0301680
0301682
0301683
0301686
0301687
0301688
0301689
0301696
0301697
0301699
0301707
0301716
0301717
0302132
1510050
1510100
1510150
1510170
1510180
1510210
1510230
1510300
1510310
1510320
1510330
1510350
1510360
1510410
1510500
1510510
1510580
1510720
1510760
1510880
1510900
1510980
1511010
1511020
1511030
1511090
1511130
1511160
1511180
1511220
1511260
1511270
1511360
1511380
1511520
1511580
1512000
1512010
1512020
1512040
1512050
1512070
1512090
1512100
1512170
1512200
1512220
1512290
1512330
1512400
1512480
1512500
1512510
1512560
1512570
1512580
1512600
1512620
1512630
1512660
1512670
1512680
1512690
1512700
1512710
1512760
1512800
1512810
1512820
1512880
1512890
1512900
1512930
1512940
1512950
1512980
1513000
1513010
1513020
1513030
1513040
1513050
1513060
1513070
1513080
1513090
1513100
1513110
1513120
1513130
1513160
1513180
1513190
1513200
1513260
1513290
1513300
1513310
1513330
1513350
1513380
1513390
1513400
1513500
1513520
1513530
1513550
1513560
1513580
1513600
1513630
1513650
1513660
1513690
1513700
1513730
1513750
1513770
1513780
1513800
1513820
1513850
1513860
1513870
1513880
1513890
1513910
1513920
1513950
1513970
1513980
1515000
1515010
1515020
1515030
1515050
1515060
1515070
1515080
1515100
1515120
1515170
1515180
1515210
1515220
1515230
1515260
1515290
1515300
1515330
1515370
1515380
1515390
1515400
1515450
1515630
1515650
1515700
1515710
1515750
1515790
1515800
1515850
1515880
1515950
1515970
1515980
1516010
1516020
1516080
1516090
1516100
1516120
1516130
1516150
1516160
1516310
1516350
1516510
1516520
1516570
1516630
1516640
1516650
1516670
1516780
1516820
1516860
1516880
1516920
1516970
1517110
1517300
1517380
1517400
1517520
1517900
1518600
1518660
1518680
1518800
1518850
1518860
1518880
1520500
1520550
1520560
1520570
1520650
1520660
1520700
1520830
1520840
1520870
1520880
1520900
1520920
1520970
1520980
1520990
1560010
1560050
1560080
1560090
1560120
1560260
1560280
1560350
1560390
1560510
1560530
1560570
1560610
1560710
1560770
1560780
1560830
1560860
1561100
1561160
1561170
1561330
1561360
1561380
1561550
1561560
1561580
1561910
1561980
1562060
1562310
1562500
1562510
1562550
1562590
1562800
1562880
1562930
1562950
1562960
1563000
1563020
1563080
1563220
1563230
1563300
1563360
1563380
1563390
1563530
1563790
1563800
1563880
1588000
1588010
1588020
1588030
1588050
1588060
1588080
1588090
1588110
1588120
1588160
1588170
1588180
1588190
1588200
1588220
1588230
1588290
1588300
1588330
1588380
1588400
1588460
1588710
1588730
1588750
1588760
1588780
1588790
1588800
1588810
1588830
1588870
1588890
1588930
1588940
1588990
1589000
1589010
1589020
1589070
1589100
1589110
1589120
1589130
1589190
1589210
1589520
1589680
1589720
1589800
1589850
1600000
1600004
1600006
1600007
1600008
1600009
1600010
1600011
1600012
1600015
1600016
1600017
1600018
1600019
1600020
1600021
1600022
1600023
1600025
1600026
1600027
1600028
1600029
1600030
1600031
1600032
1600033
1600035
1600036
1600037
1600038
1600039
1600048
1600050
1600055
1600056
1600057
1600058
1600059
1600060
1600061
1600062
1600063
1600064
1600066
1600067
1600071
1600072
1600073
1600075
1600076
1600078
1600081
1600085
1600088
1600089
1600094
1600095
1600096
1600098
1600100
1600101
1600104
1600105
1600106
1600108
1600109
1600110
1600111
1600113
1600114
1600115
1600116
1600118
1600120
1600121
1600123
1600125
1600126
1600127
1600129
1600131
1600132
1600133
1600135
1600138
1600141
1600143
1600150
1600151
1600153
1600155
1600157
1600158
1600160
1600161
1600162
1600163
1600166
1600167
1600168
1600170
1600171
1600172
1600176
1600177
1600179
1600183
1600184
1600185
1600186
1600188
1600192
1600195
1600196
1600197
1600198
1600199
1600201
1600203
1600206
1600207
1600208
1600210
1600211
1600212
1600216
1600217
1600218
1600219
1600221
1600222
1600223
1600226
1600229
1600230
1600231
1600233
1600236
1600237
1600246
1600248
1600251
1600252
1600255
1600256
1600257
1600258
1600259
1600261
1600266
1600267
1600268
1600269
1600271
1600273
1600276
1600278
1600282
1600284
1600285
1600288
1600292
1600293
1600295
1600298
1600299
1600301
1600305
1600307
1600308
1600309
1600310
1600312
1600313
1600315
1600316
1600318
1600320
1600322
1600323
1600325
1600326
1600328
1600329
1600330
1600331
1600332
1600333
1600335
1600336
1600338
1600339
1600343
1600345
1600346
1600348
1600350
1600351
1600352
1600353
1600354
1600359
1600361
1600362
1600363
1600366
1600367
1600368
1600369
1600372
1600373
1600376
1600377
1600378
1600379
1600380
1600383
1600386
1600388
1600389
1600390
1600391
1600392
1600395
1600398
1600399
1600400
1600403
1600405
1600406
1600409
1600410
1600415
1600416
1600418
1600420
1600422
1600425
1600426
1600428
1600433
1600435
1600436
1600438
1600446
1600448
1600449
1600452
1600456
1600458
1600459
1600460
1600461
1600467
1600469
1600470
1600475
1600477
1600478
1600480
1600481
1600482
1600483
1600486
1600487
1600489
1600490
1600495
1600496
1600497
1600498
1600499
1600500
1600501
1600502
1600503
1600505
1600507
1600508
1600509
1600510
1600511
1600512
1600515
1600516
1600517
1600518
1600519
1600521
1600522
1600523
1600528
1600529
1600531
1600533
1600535
1600536
1600545
1600546
1600547
1600548
1600549
1600550
1600551
1600552
1600556
1600557
1600559
1600562
1600563
1600566
1600567
1600569
1600570
1600571
1600572
1600575
1600577
1600578
1600580
1600582
1600583
1600584
1600585
1600586
1600587
1600588
1600589
1600590
1600592
1600594
1600595
1600596
1600597
1600598
1600600
1600601
1600602
1600604
1600606
1600609
1600610
1600611
1600612
1600616
1600617
1600618
1600619
1600620
1600621
1600622
1600623
1600626
1600629
1600630
1600633
1600635
1600637
1600639
1600640
1600641
1600642
1600643
1600644
1600645
1600648
1600649
1600651
1600653
1600655
1600657
1600660
1600661
1600662
1600663
1600664
1600667
1600668
1600673
1600674
1600675
1600676
1600681
1600682
1600684
1600685
1600686
1600688
1600690
1600691
1600692
1600693
1600694
1600698
1600699
1600702
1600703
1600704
1600707
1600708
1600710
1600711
1600716
1600717
1600718
1600720
1600722
1600728
1600729
1600732
1600733
1600736
1600737
1600739
1600740
1600741
1600742
1600743
1600744
1600748
1600750
1600751
1600754
1600755
1600756
1600757
1600758
1600760
1600761
1600763
1600764
1600765
1600770
1600771
1600773
1600775
1600776
1600777
1600779
1600780
1600782
1600783
1600787
1600789
1600790
1600795
1600797
1600798
1600800
1600801
1600802
1600803
1600805
1600808
1600809
1600810
1600812
1600816
1600820
1600821
1600822
1600825
1600826
1600827
1600830
1600835
1600838
1600839
1600843
1600845
1600846
1600848
1600850
1600851
1600855
1600859
1600860
1600862
1600863
1600864
1600866
1600867
1600868
1600869
1600871
1600872
1600873
1600874
1600875
1600876
1600877
1600879
1600880
1600881
1600882
1600884
1600885
1600886
1600887
1600888
1600893
1600894
1600895
1600897
1600900
1600901
1600903
1600905
1600906
1600908
1600909
1600916
1600917
1600918
1600919
1600926
1600927
1600928
1600929
1600930
1600933
1600936
1600938
1600941
1600956
1600958
1600959
1600961
1600963
1600966
1600967
1600968
1600970
1600971
1600973
1600975
1600976
1600977
1600979
1600985
1600986
1600987
1600988
1600989
1600990
1600993
1600995
1600996
1600997
1600998
1600999
1601000
1601001
1601002
1601003
1601005
1601006
1601008
1601009
1601011
1601012
1601015
1601016
1601018
1601019
1601020
1601021
1601022
1601026
1601033
1601038
1601058
1601061
1601065
1601066
1601068
1601069
1601077
1601083
1601088
1601091
1601096
1601098
1601099
1601100
1601101
1601106
1601107
1601108
1601111
1601112
1601116
1601117
1601118
1601123
1601126
1601127
1601128
1601133
1601136
1601137
1601138
1601139
1601155
1601156
1601158
1601162
1601163
1601166
1601168
1601169
1601177
1601179
1601186
1601187
1601199
1601200
1601208
1601211
1601212
1601216
1601218
1601222
1601225
1601226
1601228
1601229
1601231
1601233
1601236
1601238
1601288
1601298
1601311
1601318
1601319
1601326
1601328
1601333
1601336
1601339
1601360
1601369
1601375
1601377
1601388
1601390
1601398
1601399
1601456
1601500
1601515
1601519
1601555
1601566
1601567
1601568
1601577
1601579
1601588
1601598
1601600
1601601
1601606
1601607
1601608
1601609
1601611
1601615
1601618
1601619
1601628
1601633
1601636
1601658
1601665
1601666
1601668
1601669
1601677
1601678
1601688
1601689
1601696
1601698
1601699
1601700
1601702
1601717
1601727
1601728
1601766
1601777
1601778
1601788
1601789
1601799
1601800
1601801
1601808
1601816
1601818
1601825
1601828
1601838
1601857
1601858
1601860
1601865
1601866
1601868
1601869
1601872
1601877
1601878
1601880
1601881
1601882
1601886
1601888
1601890
1601898
1601899
1601900
1601901
1601908
1601916
1601918
1601919
1601928
1601929
1601933
1601939
1601949
1601952
1601958
1601963
1601965
1601966
1601969
1601975
1601985
1601988
1601990
1601991
1601992
1601995
1601996
1601997
1601998
1601999
1603000
1603004
1603005
1603009
1603010
1603011
1603012
1603014
1603015
1603018
1603019
1603025
1603026
1603027
1603032
1603033
1603035
1603039
1603042
1603043
1603045
1603049
1603050
1603051
1603055
1603062
1603063
1603067
1603069
1603070
1603072
1603075
1603076
1603077
1603078
1603082
1603083
1603085
1603087
1603088
1603091
1603092
1603098
1603099
1603100
1603103
1603105
1603107
1603108
1603113
1603118
1603119
1603120
1603123
1603124
1603125
1603126
1603127
1603128
1603129
1603132
1603135
1603137
1603138
1603156
1603160
1603163
1603166
1603167
1603169
1603171
1603172
1603175
1603178
1603179
1603181
1603185
1603191
1603193
1603194
1603195
1603197
1603198
1603202
1603205
1603207
1603210
1603212
1603218
1603220
1603222
1603223
1603225
1603227
1603228
1603229
1603231
1603233
1603236
1603248
1603257
1603259
1603260
1603262
1603267
1603268
1603270
1603271
1603273
1603275
1603276
1603279
1603283
1603284
1603285
1603288
1603290
1603293
1603296
1603297
1603298
1603299
1603300
1603301
1603305
1603306
1603308
1603310
1603312
1603317
1603318
1603319
1603323
1603325
1603328
1603329
1603330
1603334
1603335
1603337
1603338
1603341
1603344
1603345
1603348
1603350
1603352
1603355
1603357
1603358
1603361
1603366
1603368
1603369
1603370
1603373
1603375
1603376
1603379
1603381
1603382
1603383
1603387
1603391
1603392
1603393
1603395
1603396
1603399
1603400
1603402
1603406
1603407
1603409
1603416
1603418
1603435
1603444
1603448
1603456
1603459
1603466
1603468
1603477
1603486
1603489
1603496
1603501
1603505
1603507
1603508
1603515
1603516
1603527
1603529
1603530
1603533
1603538
1603556
1603565
1603566
1603567
1603568
1603583
1603588
1603589
1603596
1603599
1603601
1603602
1603605
1603606
1603609
1603612
1603613
1603618
1603619
1603626
1603628
1603636
1603638
1603639
1603650
1603658
1603659
1603660
1603662
1603663
1603667
1603668
1603678
1603681
1603686
1603687
1603688
1603690
1603693
1603696
1603698
1603699
1603707
1603708
1603712
1603713
1603719
1603727
1603728
1603730
1603733
1603737
1603738
1603758
1603766
1603776
1603777
1603786
1603799
1603800
1603803
1603806
1603809
1603816
1603826
1603833
1603858
1603866
1603867
1603868
1603871
1603876
1603877
1603881
1603882
1603883
1603885
1603887
1603888
1603890
1603893
1603897
1603899
1603906
1603908
1603915
1603916
1603918
1603919
1603920
1603927
1603936
1603938
1603939
1603960
1603969
1603978
1603979
1603982
1603985
1603986
1603989
1603990
1603993
1603995
1603997
1605011
1605020
1605060
1605090
1605111
1605117
1605123
1605168
1605208
1605277
1605305
1605358
1605366
1605376
1605399
1605499
1605589
1688001
1688002
1688003
1688004
1688005
1688006
1688007
1688008
1688009
1688010
1688011
1688012
1688013
1688015
1688016
1688017
1688018
1688019
1688020
1688021
1688023
1688025
1688026
1688027
1688028
1688029
1688030
1688031
1688032
1688035
1688036
1688037
1688038
1688039
1688041
1688045
1688046
1688047
1688048
1688049
1688050
1688051
1688052
1688055
1688056
1688057
1688058
1688059
1688060
1688061
1688062
1688063
1688065
1688067
1688068
1688069
1688070
1688071
1688072
1688073
1688075
1688077
1688078
1688079
1688080
1688081
1688082
1688083
1688084
1688085
1688087
1688088
1688090
1688091
1688092
1688093
1688095
1688096
1688097
1688098
1688099
1688100
1688101
1688102
1688103
1688105
1688106
1688107
1688108
1688109
1688110
1688111
1688112
1688113
1688114
1688115
1688116
1688117
1688118
1688119
1688120
1688122
1688123
1688125
1688126
1688127
1688128
1688129
1688130
1688131
1688132
1688133
1688135
1688136
1688137
1688138
1688139
1688141
1688143
1688146
1688147
1688148
1688150
1688151
1688152
1688153
1688155
1688156
1688157
1688158
1688159
1688160
1688161
1688162
1688163
1688165
1688166
1688167
1688168
1688169
1688170
1688171
1688172
1688173
1688175
1688176
1688177
1688178
1688179
1688180
1688181
1688182
1688183
1688185
1688186
1688187
1688188
1688190
1688191
1688192
1688193
1688195
1688196
1688197
1688198
1688199
1688200
1688202
1688203
1688205
1688206
1688207
1688208
1688209
1688210
1688211
1688212
1688213
1688215
1688216
1688217
1688218
1688219
1688220
1688221
1688222
1688223
1688225
1688226
1688227
1688228
1688229
1688230
1688231
1688232
1688233
1688234
1688235
1688236
1688237
1688238
1688239
1688244
1688246
1688247
1688248
1688249
1688251
1688252
1688253
1688255
1688256
1688257
1688258
1688259
1688260
1688261
1688262
1688265
1688266
1688267
1688268
1688269
1688271
1688272
1688273
1688275
1688276
1688277
1688278
1688279
1688280
1688281
1688282
1688283
1688285
1688286
1688288
1688289
1688290
1688291
1688292
1688293
1688295
1688296
1688297
1688298
1688299
1688300
1688301
1688302
1688303
1688305
1688306
1688307
1688308
1688309
1688310
1688311
1688312
1688313
1688314
1688315
1688316
1688317
1688318
1688319
1688320
1688321
1688322
1688323
1688325
1688326
1688327
1688328
1688329
1688330
1688331
1688332
1688333
1688334
1688335
1688336
1688337
1688338
1688339
1688343
1688345
1688347
1688348
1688349
1688350
1688351
1688352
1688353
1688355
1688356
1688357
1688358
1688359
1688360
1688361
1688362
1688363
1688365
1688366
1688367
1688368
1688369
1688370
1688371
1688372
1688373
1688375
1688376
1688377
1688378
1688379
1688380
1688381
1688382
1688383
1688385
1688386
1688387
1688388
1688389
1688390
1688391
1688392
1688393
1688395
1688396
1688398
1688399
1688400
1688401
1688403
1688408
1688409
1688410
1688411
1688416
1688418
1688419
1688420
1688425
1688426
1688428
1688429
1688432
1688433
1688435
1688439
1688443
1688448
1688449
1688450
1688455
1688456
1688458
1688459
1688466
1688468
1688469
1688472
1688475
1688478
1688479
1688480
1688484
1688485
1688486
1688488
1688489
1688498
1688499
1688500
1688501
1688502
1688503
1688505
1688506
1688507
1688508
1688509
1688510
1688511
1688512
1688513
1688515
1688516
1688517
1688518
1688519
1688520
1688521
1688522
1688523
1688525
1688526
1688528
1688529
1688530
1688531
1688533
1688535
1688536
1688538
1688539
1688543
1688545
1688548
1688549
1688550
1688551
1688552
1688553
1688556
1688557
1688558
1688559
1688560
1688561
1688562
1688563
1688565
1688566
1688567
1688568
1688569
1688570
1688571
1688573
1688575
1688576
1688577
1688578
1688579
1688580
1688581
1688582
1688583
1688584
1688585
1688586
1688588
1688589
1688590
1688591
1688592
1688593
1688595
1688596
1688597
1688598
1688599
1688600
1688601
1688602
1688603
1688605
1688606
1688607
1688608
1688609
1688610
1688611
1688612
1688613
1688615
1688616
1688617
1688618
1688619
1688620
1688621
1688623
1688625
1688626
1688627
1688628
1688629
1688630
1688631
1688633
1688635
1688636
1688638
1688639
1688646
1688648
1688651
1688652
1688653
1688655
1688656
1688657
1688658
1688659
1688660
1688661
1688662
1688663
1688665
1688667
1688668
1688669
1688670
1688671
1688676
1688677
1688678
1688679
1688680
1688681
1688682
1688683
1688685
1688686
1688687
1688689
1688690
1688691
1688692
1688693
1688695
1688696
1688697
1688698
1688699
1688700
1688701
1688702
1688707
1688708
1688709
1688710
1688711
1688712
1688716
1688717
1688718
1688719
1688720
1688721
1688722
1688726
1688727
1688728
1688729
1688733
1688737
1688739
1688750
1688755
1688757
1688758
1688759
1688765
1688766
1688767
1688768
1688772
1688775
1688776
1688777
1688778
1688779
1688781
1688783
1688785
1688786
1688787
1688788
1688789
1688790
1688793
1688795
1688796
1688797
1688798
1688799
1688800
1688801
1688802
1688805
1688806
1688807
1688808
1688809
1688811
1688813
1688816
1688818
1688819
1688820
1688825
1688826
1688828
1688835
1688836
1688837
1688981
1689009
2920000
2920001
2920002
2920003
2920005
2920006
2920007
2920008
2920009
2920010
2920011
2920012
2920014
2920015
2920016
2920017
2920018
2920019
2920020
2920021
2920022
2920025
2920026
2920027
2920028
2920029
2920030
2920033
2920035
2920036
2920037
2920038
2920039
2920045
2920046
2920047
2920050
2920055
2920056
2920057
2920058
2920059
2920060
2920061
2920062
2920065
2920066
2920068
2920069
2920071
2920072
2920075
2920076
2920077
2920078
2920079
2920080
2920081
2920082
2920083
2920086
2920087
2920088
2920089
2920091
2920092
2920093
2920096
2920098
2920099
2920100
2920101
2920106
2920107
2920108
2920110
2920111
2920112
2920116
2920117
2920118
2920119
2920121
2920122
2920123
2920124
2920125
2920126
2920128
2920130
2920132
2920136
2920138
2920139
2920145
2920146
2920149
2920152
2920156
2920157
2920158
2920159
2920160
2920161
2920163
2920165
2920166
2920167
2920168
2920169
2920171
2920174
2920175
2920176
2920177
2920178
2920179
2920180
2920181
2920183
2920184
2920185
2920186
2920187
2920188
2920189
2920190
2920191
2920193
2920195
2920198
2920199
2920200
2920201
2920202
2920204
2920206
2920207
2920208
2920211
2920212
2920218
2920220
2920221
2920222
2920223
2920225
2920227
2920229
2920230
2920237
2920238
2920239
2920242
2920245
2920247
2920249
2920252
2920258
2920260
2920261
2920262
2920263
2920266
2920267
2920268
2920269
2920270
2920271
2920273
2920274
2920275
2920278
2920284
2920288
2920289
2920298
2920299
2920300
2920304
2920339
2920344
2920346
2920351
2920357
2920363
2920367
2920368
2920370
2920371
2920374
2920375
2920378
2920392
2920394
2920395
2920396
2920402
2920403
2920405
2920407
2920414
2920415
2920418
2920419
2920422
2920425
2920427
2920429
2920433
2920436
2920438
2920445
2920454
2920455
2920469
2920471
2920475
2920476
2920478
2920489
2920491
2920493
2920496
2920504
2920505
2920508
2920509
2920510
2920519
2920522
2920523
2920526
2920527
2920533
2920541
2920547
2920553
2920556
2920564
2920566
2920570
2920571
2920576
2920578
2920579
2920580
2920592
2920593
2920599
2920608
2920627
2920634
2920639
2920640
2920641
2920642
2920651
2920656
2920662
2920663
2920665
2920670
2920675
2920679
2920682
2920685
2920689
2920690
2920693
2920694
2920699
2920701
2920703
2920706
2920717
2920718
2920719
2920720
2920725
2920726
2920729
2920735
2920748
2920751
2920753
2920765
2920768
2920770
2920779
2920781
2920786
2920790
2920792
2920799
2920802
2920806
2920807
2920808
2920809
2920810
2920819
2920821
2920826
2920832
2920833
2920834
2920837
2920839
2920855
2920856
2920857
2920866
2920870
2920871
2920873
2920876
2920879
2920885
2920892
2920895
2920896
2920906
2920914
2920924
2920925
2920926
2920931
2920932
2920942
2920943
2920946
2920950
2920953
2920957
2920961
2920964
2920970
2920971
2920974
2920976
2920978
2920981
2920982
2920985
2920992
#深债ETF
0159110
0159111
0159112
0159113
0159115
0159116
0159200
0159395
0159396
0159397
0159398
0159400
0159600
0159649
0159650
0159651
0159700
0159816
0159972
#中证500
0000009
0000021
0000027
0000032
0000034
0000039
0000050
0000060
0000062
0000088
0000155
0000400
0000415
0000423
0000429
0000513
0000519
0000528
0000537
0000539
0000559
0000582
0000591
0000598
0000623
0000629
0000661
0000683
0000703
0000709
0000723
0000728
0000729
0000733
0000737
0000738
0000739
0000750
0000783
0000785
0000786
0000800
0000825
0000830
0000831
0000878
0000883
0000887
0000893
0000898
0000921
0000932
0000937
0000951
0000959
0000960
0000967
0000983
0000987
0000997
0001203
0001221
0001286
0001309
0001386
0001389
0001696
0002007
0002008
0002025
0002032
0002044
0002056
0002064
0002065
0002078
0002085
0002120
0002126
0002130
0002131
0002138
0002152
0002153
0002155
0002157
0002185
0002195
0002203
0002223
0002244
0002252
0002261
0002262
0002265
0002266
0002271
0002273
0002281
0002299
0002312
0002318
0002335
0002340
0002402
0002407
0002409
0002410
0002414
0002423
0002429
0002430
0002432
0002436
0002444
0002461
0002465
0002472
0002487
0002500
0002508
0002517
0002568
0002583
0002601
0002603
0002608
0002624
0002670
0002673
0002683
0002738
0002739
0002756
0002773
0002797
0002812
0002821
0002831
0002841
0002850
0002851
0002926
0002939
0002945
0002966
0002984
0003021
0003022
0003031
0003035
0300001
0300002
0300003
0300012
0300017
0300024
0300037
0300054
0300058
0300073
0300100
0300115
0300136
0300140
0300142
0300144
0300146
0300207
0300223
0300285
0300339
0300346
0300373
0300383
0300390
0300395
0300432
0300454
0300458
0300474
0300475
0300487
0300496
0300548
0300558
0300567
0300570
0300604
0300620
0300623
0300627
0300666
0300676
0300677
0300679
0300699
0300718
0300724
0300735
0300748
0300751
0300757
0300759
0300763
0300857
0300888
0300919
0300953
0300957
0300972
0301200
0301301
0301358
0301377
0301498
0301526
0301536
0301606
0301611
1600004
1600008
1600021
1600032
1600038
1600060
1600062
1600095
1600098
1600100
1600105
1600109
1600126
1600131
1600132
1600141
1600143
1600153
1600157
1600161
1600166
1600170
1600171
1600177
1600208
1600256
1600282
1600292
1600295
1600298
1600299
1600312
1600316
1600329
1600332
1600339
1600348
1600350
1600352
1600363
1600369
1600377
1600378
1600380
1600390
1600392
1600398
1600435
1600483
1600486
1600497
1600498
1600499
1600511
1600516
1600517
1600521
1600535
1600536
1600546
1600562
1600563
1600566
1600578
1600582
1600583
1600595
1600598
1600601
1600602
1600606
1600637
1600642
1600655
1600663
1600685
1600688
1600699
1600704
1600707
1600711
1600737
1600754
1600763
1600764
1600765
1600801
1600808
1600816
1600820
1600848
1600862
1600863
1600871
1600873
1600879
1600884
1600885
1600901
1600906
1600909
1600927
1600967
1600968
1600970
1600977
1600985
1600988
1600995
1600998
1601000
1601001
1601016
1601019
1601098
1601099
1601106
1601108
1601112
1601118
1601128
1601139
1601155
1601156
1601162
1601179
1601198
1601212
1601216
1601228
1601233
1601236
1601298
1601399
1601555
1601567
1601577
1601598
1601608
1601611
1601615
1601665
1601666
1601696
1601699
1601717
1601799
1601808
1601865
1601866
1601869
1601880
1601928
1601958
1601966
1601990
1601991
1601997
1603000
1603049
1603077
1603087
1603092
1603119
1603129
1603156
1603160
1603175
1603179
1603225
1603233
1603256
1603290
1603298
1603308
1603338
1603341
1603345
1603379
1603444
1603486
1603529
1603565
1603568
1603589
1603596
1603605
1603606
1603650
1603658
1603659
1603688
1603699
1603728
1603737
1603766
1603786
1603806
1603816
1603833
1603858
1603885
1603899
1603920
1603939
1603979
1605358
1605589
1688002
1688017
1688018
1688019
1688027
1688037
1688052
1688065
1688099
1688114
1688120
1688122
1688166
1688169
1688172
1688180
1688187
1688188
1688192
1688200
1688213
1688220
1688234
1688235
1688248
1688266
1688278
1688281
1688295
1688297
1688301
1688313
1688318
1688322
1688331
1688336
1688343
1688347
1688349
1688361
1688363
1688375
1688385
1688387
1688411
1688425
1688469
1688475
1688498
1688520
1688538
1688561
1688563
1688568
1688578
1688582
1688599
1688608
1688615
1688617
1688629
1688676
1688692
1688702
1688708
1688709
1688728
1688772
1688777
1688778
1688819
1689009
#沪港通SH
1510050
1510100
1510150
1510170
1510180
1510210
1510230
1510300
1510310
1510320
1510330
1510350
1510360
1510380
1510390
1510410
1510500
1510510
1510580
1510590
1510710
1510720
1510760
1510810
1510880
1512000
1512020
1512040
1512050
1512080
1512090
1512100
1512170
1512200
1512220
1512290
1512330
1512400
1512480
1512500
1512510
1512560
1512570
1512580
1512600
1512620
1512630
1512660
1512670
1512680
1512690
1512700
1512710
1512720
1512760
1512800
1512810
1512820
1512880
1512890
1512900
1512930
1512950
1512960
1512980
1515000
1515010
1515020
1515030
1515050
1515060
1515070
1515080
1515100
1515120
1515150
1515160
1515170
1515180
1515190
1515210
1515220
1515230
1515250
1515260
1515290
1515300
1515330
1515370
1515380
1515390
1515400
1515450
1515580
1515600
1515630
1515650
1515660
1515680
1515700
1515710
1515750
1515790
1515800
1515810
1515880
1515890
1515900
1515950
1515980
1516020
1516080
1516090
1516100
1516110
1516120
1516130
1516150
1516160
1516290
1516310
1516350
1516460
1516510
1516520
1516570
1516630
1516640
1516650
1516670
1516780
1516820
1516860
1516880
1516920
1516970
1517160
1517300
1517330
1517400
1517520
1517900
1530000
1560010
1560050
1560080
1560090
1560120
1560150
1560170
1560260
1560280
1560350
1560500
1560510
1560530
1560570
1560610
1560700
1560770
1560780
1560800
1560810
1560860
1560880
1561100
1561160
1561230
1561300
1561330
1561360
1561380
1561550
1561560
1561580
1561910
1561980
1561990
1562000
1562080
1562310
1562500
1562510
1562550
1562570
1562590
1562800
1562880
1562930
1562950
1562960
1562970
1562990
1563000
1563020
1563080
1563220
1563230
1563300
1563360
1563380
1563390
1563500
1563520
1563530
1563700
1563760
1563800
1563880
1563900
1563990
1588000
1588020
1588030
1588050
1588060
1588080
1588090
1588120
1588170
1588180
1588190
1588200
1588220
1588230
1588270
1588290
1588300
1588330
1588350
1588380
1588400
1588460
1588710
1588730
1588750
1588760
1588770
1588780
1588790
1588800
1588810
1588830
1588870
1588890
1588900
1588930
1588940
1588990
1589000
1589010
1589020
1589100
1589110
1589520
1589680
1589720
1589800
1589850
1589880
1600000
1600004
1600006
1600007
1600008
1600009
1600010
1600011
1600012
1600015
1600016
1600017
1600018
1600019
1600020
1600021
1600022
1600023
1600025
1600026
1600027
1600028
1600029
1600030
1600031
1600032
1600033
1600035
1600036
1600037
1600038
1600039
1600048
1600050
1600054
1600055
1600056
1600057
1600058
1600059
1600060
1600061
1600062
1600063
1600064
1600066
1600067
1600071
1600072
1600073
1600075
1600078
1600081
1600085
1600088
1600089
1600094
1600095
1600096
1600098
1600100
1600101
1600103
1600104
1600105
1600106
1600108
1600109
1600110
1600111
1600113
1600114
1600115
1600116
1600117
1600118
1600120
1600121
1600123
1600125
1600126
1600127
1600129
1600131
1600132
1600133
1600135
1600138
1600141
1600143
1600150
1600151
1600152
1600153
1600155
1600157
1600158
1600160
1600161
1600162
1600163
1600166
1600167
1600168
1600170
1600171
1600172
1600173
1600176
1600177
1600178
1600179
1600183
1600184
1600185
1600186
1600188
1600189
1600191
1600195
1600196
1600197
1600198
1600199
1600201
1600203
1600206
1600207
1600208
1600210
1600211
1600212
1600216
1600217
1600219
1600221
1600223
1600226
1600227
1600229
1600230
1600231
1600233
1600236
1600237
1600246
1600248
1600251
1600252
1600255
1600256
1600258
1600259
1600266
1600267
1600268
1600269
1600271
1600273
1600276
1600278
1600279
1600282
1600283
1600284
1600285
1600288
1600292
1600295
1600298
1600299
1600300
1600301
1600305
1600307
1600308
1600309
1600310
1600312
1600313
1600315
1600316
1600318
1600320
1600323
1600325
1600326
1600328
1600329
1600330
1600331
1600332
1600335
1600336
1600338
1600339
1600343
1600345
1600346
1600348
1600350
1600351
1600352
1600353
1600360
1600361
1600362
1600363
1600366
1600367
1600368
1600369
1600372
1600373
1600375
1600376
1600377
1600378
1600380
1600382
1600383
1600388
1600389
1600390
1600391
1600392
1600395
1600396
1600397
1600398
1600399
1600400
1600403
1600406
1600409
1600410
1600415
1600416
1600418
1600420
1600422
1600425
1600426
1600428
1600429
1600433
1600435
1600436
1600438
1600446
1600449
1600452
1600456
1600458
1600459
1600460
1600461
1600468
1600469
1600475
1600477
1600478
1600479
1600480
1600481
1600482
1600483
1600486
1600487
1600488
1600489
1600490
1600495
1600496
1600497
1600498
1600499
1600500
1600501
1600502
1600505
1600507
1600508
1600509
1600510
1600511
1600513
1600515
1600516
1600517
1600518
1600519
1600520
1600521
1600522
1600523
1600528
1600529
1600531
1600535
1600536
1600545
1600546
1600547
1600548
1600549
1600550
1600551
1600552
1600556
1600557
1600558
1600559
1600562
1600563
1600566
1600567
1600569
1600570
1600571
1600572
1600575
1600576
1600577
1600578
1600580
1600582
1600583
1600584
1600585
1600586
1600587
1600588
1600589
1600590
1600592
1600593
1600595
1600596
1600597
1600598
1600600
1600601
1600602
1600603
1600604
1600605
1600606
1600609
1600610
1600611
1600612
1600617
1600618
1600619
1600621
1600623
1600626
1600628
1600629
1600633
1600635
1600637
1600639
1600640
1600641
1600642
1600643
1600644
1600645
1600648
1600649
1600650
1600651
1600654
1600655
1600657
1600658
1600660
1600662
1600663
1600664
1600666
1600667
1600673
1600674
1600675
1600676
1600681
1600682
1600683
1600685
1600686
1600688
1600690
1600691
1600693
1600694
1600698
1600699
1600702
1600703
1600704
1600707
1600708
1600710
1600711
1600713
1600714
1600715
1600717
1600718
1600720
1600722
1600724
1600725
1600726
1600728
1600729
1600732
1600733
1600736
1600737
1600739
1600740
1600741
1600742
1600743
1600744
1600746
1600748
1600750
1600751
1600754
1600755
1600756
1600757
1600758
1600760
1600761
1600763
1600764
1600765
1600769
1600770
1600771
1600773
1600775
1600776
1600777
1600779
1600780
1600782
1600783
1600787
1600789
1600790
1600794
1600795
1600796
1600797
1600800
1600801
1600803
1600808
1600809
1600810
1600812
1600814
1600815
1600816
1600817
1600819
1600820
1600821
1600825
1600826
1600827
1600828
1600829
1600835
1600839
1600841
1600843
1600845
1600846
1600848
1600850
1600851
1600855
1600859
1600860
1600861
1600862
1600863
1600864
1600866
1600867
1600868
1600869
1600871
1600872
1600873
1600874
1600875
1600876
1600877
1600879
1600880
1600881
1600882
1600884
1600885
1600886
1600887
1600888
1600893
1600894
1600895
1600897
1600900
1600901
1600903
1600905
1600906
1600908
1600909
1600916
1600917
1600918
1600919
1600925
1600926
1600927
1600928
1600929
1600930
1600933
1600935
1600936
1600938
1600939
1600941
1600955
1600956
1600958
1600959
1600961
1600962
1600963
1600966
1600967
1600968
1600970
1600971
1600973
1600975
1600976
1600977
1600979
1600981
1600982
1600983
1600984
1600985
1600986
1600987
1600988
1600989
1600990
1600993
1600995
1600996
1600997
1600998
1600999
1601000
1601001
1601002
1601003
1601005
1601006
1601008
1601009
1601011
1601012
1601015
1601016
1601018
1601019
1601020
1601021
1601022
1601033
1601038
1601058
1601059
1601061
1601065
1601066
1601068
1601069
1601077
1601083
1601086
1601088
1601089
1601096
1601098
1601099
1601100
1601101
1601106
1601107
1601108
1601111
1601113
1601116
1601117
1601118
1601121
1601126
1601127
1601128
1601133
1601136
1601137
1601138
1601139
1601155
1601156
1601158
1601162
1601163
1601166
1601168
1601169
1601177
1601179
1601186
1601187
1601198
1601199
1601200
1601208
1601211
1601212
1601216
1601218
1601222
1601225
1601226
1601228
1601229
1601231
1601233
1601236
1601238
1601279
1601288
1601298
1601311
1601318
1601319
1601326
1601328
1601330
1601333
1601336
1601339
1601360
1601369
1601375
1601377
1601388
1601390
1601398
1601399
1601456
1601500
1601512
1601515
1601518
1601519
1601528
1601555
1601566
1601567
1601568
1601577
1601579
1601588
1601595
1601598
1601600
1601601
1601606
1601607
1601608
1601609
1601611
1601615
1601618
1601619
1601628
1601633
1601636
1601658
1601665
1601666
1601668
1601669
1601677
1601678
1601686
1601688
1601689
1601696
1601698
1601699
1601700
1601702
1601717
1601727
1601728
1601766
1601777
1601778
1601788
1601789
1601799
1601800
1601801
1601808
1601811
1601816
1601818
1601825
1601827
1601828
1601838
1601857
1601858
1601860
1601865
1601866
1601868
1601869
1601872
1601877
1601878
1601880
1601881
1601882
1601886
1601888
1601890
1601898
1601899
1601900
1601901
1601908
1601916
1601918
1601919
1601921
1601928
1601929
1601933
1601939
1601949
1601952
1601958
1601963
1601965
1601966
1601968
1601969
1601975
1601985
1601988
1601990
1601991
1601992
1601995
1601997
1601998
1603000
1603002
1603004
1603005
1603007
1603009
1603010
1603011
1603012
1603013
1603014
1603015
1603016
1603018
1603019
1603025
1603026
1603027
1603031
1603033
1603035
1603039
1603040
1603043
1603049
1603050
1603052
1603053
1603055
1603057
1603060
1603061
1603062
1603063
1603067
1603068
1603069
1603070
1603071
1603072
1603075
1603077
1603078
1603081
1603082
1603083
1603087
1603088
1603090
1603091
1603093
1603097
1603098
1603099
1603100
1603103
1603105
1603106
1603107
1603108
1603109
1603111
1603112
1603113
1603115
1603118
1603119
1603121
1603122
1603123
1603124
1603125
1603127
1603128
1603129
1603130
1603131
1603132
1603135
1603138
1603153
1603155
1603156
1603158
1603160
1603162
1603163
1603166
1603169
1603170
1603171
1603173
1603178
1603179
1603181
1603185
1603186
1603187
1603191
1603193
1603194
1603195
1603196
1603197
1603198
1603200
1603202
1603203
1603206
1603207
1603209
1603210
1603211
1603212
1603213
1603216
1603217
1603218
1603219
1603220
1603223
1603225
1603226
1603227
1603228
1603229
1603230
1603232
1603233
1603235
1603236
1603239
1603256
1603257
1603258
1603259
1603260
1603262
1603267
1603268
1603270
1603271
1603275
1603277
1603279
1603281
1603283
1603285
1603286
1603288
1603290
1603291
1603296
1603297
1603298
1603299
1603300
1603301
1603303
1603305
1603306
1603308
1603310
1603312
1603313
1603315
1603317
1603319
1603322
1603323
1603325
1603327
1603328
1603333
1603336
1603337
1603338
1603341
1603344
1603345
1603348
1603353
1603355
1603357
1603358
1603360
1603363
1603365
1603366
1603367
1603368
1603369
1603373
1603379
1603380
1603381
1603383
1603387
1603389
1603391
1603392
1603393
1603395
1603396
1603399
1603400
1603406
1603408
1603416
1603421
1603439
1603444
1603456
1603466
1603477
1603486
1603489
1603496
1603499
1603501
1603505
1603507
1603508
1603511
1603515
1603516
1603528
1603529
1603530
1603533
1603535
1603538
1603556
1603565
1603566
1603567
1603568
1603569
1603579
1603583
1603587
1603588
1603589
1603590
1603596
1603598
1603599
1603601
1603605
1603606
1603609
1603610
1603611
1603612
1603613
1603615
1603618
1603619
1603626
1603629
1603630
1603636
1603638
1603639
1603650
1603658
1603659
1603660
1603661
1603662
1603663
1603665
1603666
1603667
1603668
1603676
1603678
1603680
1603683
1603685
1603686
1603687
1603688
1603690
1603693
1603697
1603698
1603699
1603701
1603703
1603707
1603708
1603711
1603712
1603713
1603716
1603719
1603728
1603730
1603733
1603737
1603738
1603757
1603758
1603766
1603767
1603773
1603776
1603778
1603786
1603799
1603800
1603803
1603806
1603809
1603815
1603816
1603823
1603826
1603833
1603848
1603855
1603858
1603859
1603861
1603866
1603867
1603868
1603871
1603876
1603877
1603881
1603882
1603883
1603885
1603887
1603888
1603889
1603890
1603893
1603897
1603899
1603901
1603906
1603912
1603915
1603918
1603919
1603920
1603927
1603929
1603931
1603936
1603938
1603939
1603950
1603960
1603966
1603969
1603977
1603978
1603979
1603983
1603985
1603986
1603988
1603989
1603991
1603992
1603993
1603995
1603997
1605005
1605006
1605007
1605008
1605009
1605011
1605016
1605018
1605020
1605050
1605056
1605060
1605077
1605086
1605088
1605090
1605098
1605099
1605100
1605108
1605111
1605116
1605117
1605118
1605123
1605128
1605133
1605167
1605168
1605178
1605179
1605183
1605188
1605196
1605198
1605222
1605228
1605255
1605268
1605277
1605286
1605287
1605288
1605289
1605296
1605298
1605299
1605300
1605305
1605318
1605319
1605333
1605337
1605338
1605339
1605358
1605365
1605366
1605368
1605369
1605376
1605377
1605378
1605389
1605398
1605488
1605499
1605507
1605555
1605577
1605580
1605589
1605598
1605599
1688001
1688002
1688003
1688005
1688006
1688007
1688008
1688009
1688010
1688011
1688012
1688016
1688017
1688018
1688019
1688020
1688023
1688025
1688027
1688028
1688029
1688031
1688032
1688035
1688036
1688037
1688039
1688041
1688046
1688047
1688048
1688049
1688050
1688052
1688055
1688059
1688062
1688063
1688065
1688068
1688072
1688073
1688075
1688079
1688082
1688083
1688084
1688085
1688087
1688088
1688090
1688091
1688093
1688095
1688097
1688099
1688100
1688101
1688102
1688103
1688105
1688106
1688107
1688108
1688109
1688110
1688111
1688112
1688114
1688116
1688117
1688119
1688120
1688122
1688123
1688125
1688126
1688127
1688128
1688131
1688135
1688136
1688138
1688139
1688141
1688143
1688146
1688147
1688150
1688151
1688153
1688155
1688157
1688159
1688160
1688161
1688165
1688166
1688167
1688168
1688169
1688170
1688172
1688173
1688176
1688177
1688179
1688180
1688182
1688183
1688185
1688186
1688187
1688188
1688190
1688191
1688192
1688195
1688196
1688197
1688198
1688200
1688202
1688205
1688206
1688208
1688209
1688210
1688212
1688213
1688219
1688220
1688221
1688222
1688223
1688225
1688226
1688227
1688228
1688230
1688231
1688232
1688233
1688234
1688235
1688236
1688239
1688247
1688248
1688249
1688252
1688253
1688256
1688257
1688258
1688261
1688262
1688266
1688267
1688268
1688269
1688271
1688275
1688276
1688277
1688278
1688279
1688281
1688282
1688283
1688289
1688290
1688293
1688295
1688297
1688298
1688299
1688300
1688301
1688302
1688303
1688305
1688306
1688307
1688308
1688311
1688312
1688313
1688315
1688318
1688319
1688320
1688321
1688322
1688325
1688327
1688330
1688331
1688332
1688333
1688334
1688336
1688337
1688339
1688343
1688347
1688348
1688349
1688351
1688352
1688353
1688356
1688359
1688360
1688361
1688362
1688363
1688365
1688366
1688368
1688371
1688372
1688375
1688376
1688377
1688378
1688379
1688380
1688381
1688382
1688383
1688385
1688386
1688387
1688388
1688389
1688390
1688392
1688396
1688399
1688400
1688401
1688403
1688408
1688409
1688410
1688411
1688416
1688418
1688425
1688428
1688429
1688432
1688433
1688439
1688443
1688449
1688456
1688469
1688472
1688475
1688478
1688480
1688484
1688486
1688488
1688489
1688498
1688499
1688502
1688503
1688505
1688506
1688507
1688508
1688510
1688512
1688513
1688515
1688516
1688518
1688519
1688520
1688521
1688522
1688523
1688525
1688526
1688531
1688533
1688535
1688536
1688538
1688539
1688543
1688545
1688548
1688549
1688550
1688552
1688556
1688559
1688561
1688562
1688563
1688566
1688567
1688568
1688569
1688575
1688577
1688578
1688580
1688581
1688582
1688583
1688584
1688585
1688586
1688588
1688590
1688591
1688593
1688595
1688596
1688598
1688599
1688601
1688603
1688605
1688606
1688608
1688609
1688610
1688611
1688612
1688615
1688617
1688621
1688623
1688625
1688626
1688627
1688628
1688629
1688630
1688631
1688636
1688639
1688648
1688652
1688653
1688656
1688658
1688660
1688661
1688662
1688663
1688665
1688667
1688668
1688676
1688677
1688678
1688679
1688682
1688683
1688685
1688686
1688690
1688691
1688692
1688696
1688697
1688698
1688699
1688700
1688702
1688707
1688708
1688709
1688710
1688711
1688717
1688719
1688720
1688721
1688726
1688728
1688729
1688733
1688739
1688750
1688757
1688758
1688766
1688767
1688772
1688775
1688776
1688777
1688778
1688779
1688787
1688788
1688789
1688796
1688798
1688799
1688800
1688819
1688981
#沪债ETF
1511010
1511020
1511030
1511060
1511070
1511090
1511100
1511110
1511120
1511130
1511150
1511160
1511180
1511190
1511200
1511220
1511260
1511270
1511360
1511380
1511520
1511580
1551000
1551030
1551060
1551300
1551500
1551510
1551520
1551550
1551560
1551580
1551800
1551900
#货币ETF
0159001
0159003
0159005
1511600
1511620
1511650
1511660
1511670
1511690
1511700
1511770
1511800
1511810
1511820
1511830
1511850
1511860
1511880
1511900
1511910
1511920
1511930
1511950
1511960
1511970
1511980
1511990
#黄金ETF
0159812
0159830
0159831
0159834
0159934
0159937
1518600
1518660
1518680
1518800
1518850
1518860
1518880
1518890
#跨境基金
0158000
0158003
0159010
0159015
0159028
0159040
0159047
0159089
0159091
0159100
0159101
0159102
0159105
0159109
0159117
0159118
0159120
0159121
0159125
0159126
0159127
0159128
0159130
0159131
0159135
0159137
0159152
0159167
0159169
0159170
0159179
0159185
0159186
0159191
0159196
0159198
0159202
0159210
0159217
0159220
0159237
0159239
0159245
0159251
0159262
0159265
0159266
0159268
0159269
0159271
0159273
0159277
0159280
0159281
0159285
0159286
0159297
0159302
0159303
0159312
0159315
0159316
0159318
0159321
0159322
0159323
0159329
0159331
0159333
0159365
0159366
0159501
0159502
0159506
0159509
0159513
0159518
0159519
0159529
0159545
0159550
0159557
0159561
0159562
0159567
0159568
0159569
0159570
0159577
0159605
0159607
0159612
0159615
0159622
0159632
0159636
0159655
0159659
0159660
0159687
0159688
0159691
0159696
0159699
0159711
0159712
0159718
0159723
0159726
0159729
0159735
0159738
0159740
0159741
0159742
0159747
0159748
0159750
0159751
0159776
0159788
0159792
0159793
0159799
0159822
0159823
0159850
0159856
0159866
0159892
0159920
0159941
0159954
0159960
0159976
0159978
0159979
0159983
0159984
0160125
0160138
0160140
0160216
0160322
0160416
0160644
0160717
0160719
0160723
0160922
0160923
0160924
0160925
0161116
0161124
0161125
0161126
0161127
0161128
0161129
0161130
0161210
0161229
0161714
0161815
0161831
0162411
0162415
0162416
0162719
0164403
0164701
0164705
0164815
0164824
0164906
0165513
0166402
0167302
1501018
1501021
1501023
1501068
1501300
1510900
1513000
1513010
1513020
1513030
1513040
1513050
1513060
1513070
1513080
1513090
1513100
1513110
1513120
1513130
1513140
1513150
1513160
1513170
1513180
1513190
1513200
1513210
1513220
1513230
1513240
1513260
1513280
1513290
1513300
1513310
1513320
1513330
1513350
1513360
1513380
1513390
1513400
1513500
1513520
1513530
1513550
1513560
1513580
1513590
1513600
1513620
1513630
1513650
1513660
1513690
1513700
1513720
1513730
1513750
1513770
1513780
1513800
1513810
1513820
1513830
1513850
1513860
1513870
1513880
1513890
1513900
1513910
1513920
1513930
1513950
1513970
1513980
1513990
1520500
1520510
1520520
1520530
1520550
1520560
1520570
1520580
1520590
1520600
1520610
1520620
1520630
1520650
1520660
1520670
1520680
1520690
1520700
1520710
1520720
1520730
1520740
1520750
1520760
1520770
1520780
1520790
1520810
1520820
1520830
1520840
1520850
1520860
1520870
1520880
1520890
1520900
1520910
1520920
1520930
1520940
1520950
1520960
1520970
1520980
1520990
1526000
1526010
1526030
1526050
1526060
1526070
#深证成指
0000001
0000002
0000009
0000021
0000027
0000029
0000032
0000034
0000039
0000050
0000060
0000062
0000063
0000066
0000069
0000088
0000089
0000099
0000100
0000155
0000156
0000157
0000166
0000301
0000333
0000338
0000400
0000408
0000415
0000422
0000423
0000425
0000426
0000429
0000513
0000519
0000528
0000537
0000538
0000539
0000543
0000547
0000555
0000559
0000563
0000568
0000581
0000582
0000591
0000596
0000598
0000617
0000623
0000625
0000628
0000629
0000630
0000636
0000651
0000657
0000661
0000682
0000683
0000686
0000688
0000703
0000708
0000709
0000723
0000725
0000728
0000729
0000733
0000737
0000738
0000739
0000750
0000766
0000768
0000776
0000778
0000783
0000785
0000786
0000791
0000792
0000799
0000800
0000801
0000807
0000825
0000830
0000831
0000858
0000875
0000876
0000877
0000878
0000883
0000887
0000893
0000895
0000898
0000902
0000921
0000927
0000932
0000933
0000935
0000937
0000938
0000951
0000958
0000959
0000960
0000963
0000966
0000967
0000969
0000970
0000973
0000975
0000977
0000983
0000987
0000988
0000997
0000998
0000999
0001203
0001213
0001221
0001267
0001280
0001286
0001287
0001289
0001309
0001386
0001389
0001391
0001696
0001872
0001965
0001979
0002001
0002007
0002008
0002010
0002015
0002019
0002025
0002027
0002028
0002032
0002044
0002048
0002049
0002050
0002056
0002060
0002064
0002065
0002074
0002078
0002080
0002085
0002091
0002096
0002120
0002126
0002128
0002129
0002130
0002131
0002138
0002139
0002142
0002145
0002151
0002152
0002153
0002155
0002156
0002157
0002176
0002179
0002180
0002185
0002195
0002202
0002203
0002222
0002223
0002230
0002236
0002237
0002240
0002241
0002244
0002245
0002249
0002252
0002261
0002262
0002265
0002266
0002268
0002270
0002271
0002273
0002281
0002294
0002299
0002304
0002311
0002312
0002318
0002320
0002335
0002340
0002352
0002353
0002368
0002371
0002372
0002373
0002378
0002384
0002385
0002389
0002402
0002405
0002407
0002408
0002409
0002410
0002414
0002415
0002416
0002422
0002423
0002428
0002429
0002430
0002432
0002436
0002439
0002444
0002456
0002459
0002460
0002461
0002463
0002465
0002466
0002468
0002472
0002475
0002484
0002487
0002493
0002497
0002500
0002506
0002507
0002508
0002517
0002518
0002531
0002532
0002544
0002545
0002555
0002558
0002563
0002568
0002583
0002594
0002595
0002600
0002601
0002602
0002603
0002607
0002608
0002617
0002624
0002625
0002648
0002653
0002670
0002673
0002683
0002690
0002698
0002701
0002709
0002714
0002716
0002736
0002738
0002739
0002747
0002755
0002756
0002773
0002797
0002812
0002821
0002831
0002837
0002841
0002847
0002850
0002851
0002895
0002901
0002906
0002916
0002920
0002925
0002926
0002938
0002939
0002945
0002948
0002958
0002966
0002978
0002984
0003021
0003022
0003031
0003035
0003816
0300001
0300002
0300003
0300009
0300012
0300014
0300015
0300017
0300024
0300033
0300034
0300037
0300054
0300058
0300059
0300070
0300073
0300088
0300100
0300102
0300115
0300122
0300124
0300136
0300142
0300144
0300146
0300182
0300207
0300223
0300229
0300236
0300251
0300253
0300255
0300274
0300285
0300296
0300308
0300316
0300339
0300346
0300347
0300357
0300364
0300373
0300383
0300390
0300394
0300395
0300408
0300413
0300418
0300428
0300432
0300433
0300438
0300442
0300450
0300454
0300456
0300457
0300458
0300459
0300468
0300474
0300475
0300476
0300487
0300496
0300498
0300502
0300529
0300548
0300558
0300567
0300568
0300570
0300573
0300601
0300604
0300620
0300623
0300627
0300628
0300638
0300660
0300661
0300666
0300672
0300674
0300676
0300677
0300679
0300682
0300699
0300718
0300724
0300726
0300735
0300747
0300748
0300750
0300751
0300757
0300759
0300760
0300761
0300763
0300765
0300773
0300775
0300776
0300777
0300779
0300782
0300803
0300811
0300832
0300857
0300866
0300870
0300888
0300896
0300910
0300919
0300953
0300957
0300972
0300979
0300999
0301029
0301039
0301095
0301155
0301165
0301171
0301200
0301205
0301217
0301219
0301236
0301238
0301267
0301269
0301275
0301297
0301301
0301308
0301316
0301345
0301358
0301377
0301498
0301511
0301526
0301536
0301550
0301589
0301606
0301611
0301626
0301656
0302132
#转融券
0000001
0000002
0000006
0000009
0000012
0000027
0000028
0000031
0000039
0000046
0000049
0000050
0000060
0000061
0000062
0000063
0000069
0000078
0000088
0000089
0000099
0000100
0000151
0000156
0000157
0000333
0000338
0000400
0000401
0000402
0000410
0000413
0000415
0000417
0000422
0000423
0000425
0000426
0000501
0000503
0000506
0000511
0000513
0000516
0000525
0000528
0000536
0000537
0000538
0000539
0000540
0000541
0000543
0000550
0000551
0000552
0000554
0000559
0000563
0000566
0000568
0000572
0000581
0000592
0000596
0000598
0000607
0000616
0000623
0000625
0000629
0000630
0000631
0000650
0000651
0000655
0000661
0000667
0000671
0000680
0000685
0000686
0000690
0000693
0000697
0000709
0000712
0000718
0000725
0000728
0000729
0000731
0000732
0000738
0000739
0000748
0000750
0000758
0000761
0000762
0000768
0000776
0000777
0000778
0000780
0000783
0000786
0000788
0000789
0000790
0000792
0000793
0000800
0000801
0000807
0000811
0000812
0000816
0000823
0000825
0000826
0000829
0000830
0000831
0000839
0000848
0000851
0000858
0000860
0000868
0000869
0000876
0000877
0000878
0000883
0000887
0000895
0000897
0000898
0000901
0000905
0000915
0000917
0000921
0000926
0000930
0000933
0000937
0000938
0000939
0000960
0000961
0000962
0000963
0000968
0000969
0000970
0000973
0000975
0000977
0000979
0000983
0000988
0000989
0000996
0000997
0000998
0000999
0001914
0002001
0002004
0002005
0002007
0002008
0002011
0002016
0002022
0002023
0002024
0002025
0002028
0002029
0002030
0002038
0002041
0002048
0002049
0002050
0002051
0002055
0002056
0002063
0002064
0002065
0002067
0002069
0002070
0002073
0002078
0002079
0002081
0002091
0002092
0002093
0002095
0002104
0002106
0002108
0002117
0002118
0002128
0002129
0002130
0002138
0002140
0002142
0002146
0002148
0002151
0002152
0002153
0002154
0002158
0002161
0002176
0002179
0002181
0002183
0002185
0002190
0002191
0002202
0002203
0002204
0002219
0002221
0002223
0002229
0002230
0002233
0002236
0002237
0002241
0002242
0002244
0002250
0002251
0002252
0002261
0002262
0002266
0002267
0002268
0002269
0002273
0002275
0002276
0002277
0002281
0002285
0002287
0002292
0002293
0002294
0002299
0002304
0002307
0002308
0002310
0002311
0002312
0002313
0002317
0002318
0002325
0002340
0002344
0002353
0002355
0002368
0002369
0002371
0002375
0002378
0002385
0002393
0002396
0002399
0002400
0002401
0002405
0002407
0002408
0002410
0002414
0002415
0002416
0002419
0002423
0002424
0002428
0002429
0002431
0002437
0002439
0002440
0002444
0002450
0002456
0002460
0002461
0002465
0002467
0002470
0002474
0002475
0002476
0002482
0002490
0002493
0002500
0002501
0002508
0002518
0002524
0002556
0002570
0002571
0002573
0002574
0002577
0002579
0002594
0002603
0002642
0002646
0002648
0002653
0002673
0002681
0002701
0300001
0300002
0300003
0300005
0300010
0300014
0300015
0300017
0300020
0300024
0300026
0300027
0300034
0300039
0300052
0300053
0300055
0300058
0300059
0300065
0300070
0300072
0300074
0300077
0300079
0300088
0300090
0300093
0300104
0300115
0300122
0300124
0300128
0300133
0300134
0300146
0300147
0300152
0300157
0300168
0300170
0300191
0300199
0300202
0300203
0300205
0300212
0300216
0300226
0300228
0300251
0300253
0300257
0300273
0300274
0300315
0300355
1600000
1600006
1600007
1600008
1600009
1600010
1600011
1600015
1600016
1600017
1600018
1600019
1600021
1600022
1600023
1600026
1600027
1600028
1600029
1600030
1600031
1600036
1600037
1600038
1600039
1600048
1600050
1600056
1600058
1600059
1600060
1600062
1600063
1600066
1600067
1600068
1600073
1600077
1600078
1600079
1600085
1600086
1600088
1600089
1600094
1600096
1600098
1600100
1600104
1600107
1600108
1600109
1600110
1600111
1600112
1600113
1600115
1600116
1600118
1600119
1600120
1600123
1600125
1600132
1600135
1600138
1600139
1600141
1600143
1600146
1600149
1600150
1600151
1600153
1600155
1600157
1600158
1600160
1600161
1600166
1600169
1600170
1600171
1600175
1600176
1600177
1600179
1600183
1600185
1600186
1600187
1600188
1600193
1600196
1600197
1600198
1600199
1600200
1600201
1600206
1600208
1600209
1600210
1600216
1600218
1600219
1600220
1600221
1600222
1600223
1600225
1600229
1600230
1600237
1600239
1600240
1600251
1600252
1600256
1600257
1600259
1600260
1600261
1600266
1600267
1600270
1600271
1600276
1600277
1600285
1600288
1600289
1600292
1600293
1600298
1600300
1600307
1600309
1600311
1600312
1600315
1600316
1600318
1600320
1600321
1600323
1600325
1600329
1600330
1600331
1600332
1600333
1600335
1600336
1600340
1600343
1600348
1600350
1600352
1600354
1600362
1600363
1600366
1600369
1600372
1600373
1600375
1600376
1600377
1600380
1600382
1600383
1600386
1600387
1600388
1600389
1600390
1600391
1600392
1600395
1600406
1600409
1600410
1600415
1600416
1600418
1600422
1600425
1600426
1600432
1600433
1600435
1600436
1600446
1600449
1600456
1600458
1600459
1600460
1600467
1600470
1600478
1600481
1600482
1600483
1600486
1600489
1600490
1600491
1600495
1600497
1600498
1600499
1600500
1600502
1600503
1600509
1600515
1600516
1600517
1600518
1600519
1600521
1600522
1600523
1600525
1600526
1600528
1600535
1600536
1600537
1600543
1600545
1600546
1600547
1600549
1600551
1600557
1600559
1600563
1600566
1600568
1600570
1600572
1600575
1600578
1600580
1600582
1600583
1600584
1600585
1600587
1600588
1600592
1600594
1600595
1600596
1600597
1600600
1600601
1600604
1600606
1600609
1600611
1600614
1600616
1600620
1600624
1600626
1600633
1600635
1600636
1600637
1600639
1600640
1600642
1600643
1600645
1600648
1600649
1600651
1600652
1600653
1600654
1600655
1600660
1600661
1600662
1600663
1600664
1600667
1600668
1600673
1600674
1600675
1600677
1600680
1600684
1600688
1600690
1600692
1600694
1600696
1600699
1600702
1600703
1600704
1600705
1600707
1600711
1600716
1600717
1600718
1600720
1600728
1600729
1600730
1600737
1600739
1600740
1600741
1600742
1600743
1600744
1600747
1600748
1600750
1600751
1600755
1600756
1600757
1600759
1600761
1600765
1600770
1600771
1600773
1600775
1600776
1600777
1600783
1600787
1600789
1600790
1600795
1600797
1600800
1600801
1600802
1600804
1600805
1600807
1600808
1600809
1600811
1600815
1600816
1600820
1600823
1600825
1600826
1600827
1600830
1600831
1600835
1600837
1600838
1600839
1600844
1600846
1600851
1600855
1600859
1600863
1600867
1600868
1600872
1600873
1600874
1600875
1600877
1600879
1600880
1600881
1600884
1600886
1600887
1600893
1600894
1600895
1600900
1600967
1600970
1600971
1600976
1600978
1600987
1600993
1600998
1600999
1601000
1601001
1601002
1601005
1601006
1601009
1601012
1601018
1601038
1601088
1601098
1601099
1601101
1601106
1601111
1601117
1601118
1601139
1601158
1601166
1601168
1601169
1601179
1601186
1601216
1601218
1601225
1601231
1601238
1601258
1601288
1601311
1601318
1601328
1601333
1601336
1601369
1601377
1601388
1601390
1601398
1601519
1601555
1601600
1601601
1601607
1601608
1601618
1601628
1601633
1601666
1601668
1601669
1601678
1601688
1601699
1601717
1601718
1601727
1601766
1601777
1601788
1601789
1601800
1601801
1601808
1601818
1601857
1601866
1601872
1601877
1601880
1601886
1601888
1601898
1601899
1601901
1601918
1601919
1601928
1601929
1601933
1601939
1601958
1601988
1601989
1601991
1601992
1601996
1601998
1601999
1603000
1603993
#深港通SZ
0000001
0000002
0000006
0000008
0000009
0000011
0000012
0000019
0000021
0000025
0000026
0000027
0000028
0000029
0000030
0000031
0000032
0000034
0000035
0000036
0000039
0000042
0000045
0000048
0000049
0000050
0000058
0000059
0000060
0000061
0000062
0000063
0000065
0000066
0000069
0000070
0000088
0000089
0000090
0000096
0000099
0000100
0000155
0000156
0000157
0000158
0000166
0000301
0000333
0000338
0000400
0000401
0000402
0000403
0000404
0000408
0000409
0000410
0000411
0000415
0000417
0000420
0000422
0000423
0000425
0000426
0000429
0000430
0000498
0000501
0000503
0000506
0000507
0000510
0000513
0000516
0000517
0000519
0000521
0000523
0000524
0000525
0000526
0000528
0000531
0000532
0000533
0000534
0000536
0000537
0000538
0000539
0000541
0000543
0000544
0000546
0000547
0000550
0000551
0000552
0000553
0000555
0000557
0000558
0000559
0000560
0000561
0000563
0000564
0000566
0000567
0000568
0000571
0000572
0000581
0000582
0000589
0000591
0000592
0000593
0000595
0000596
0000597
0000598
0000599
0000600
0000601
0000603
0000612
0000617
0000620
0000623
0000625
0000628
0000629
0000630
0000631
0000636
0000650
0000651
0000652
0000655
0000656
0000657
0000659
0000661
0000665
0000670
0000672
0000676
0000678
0000680
0000681
0000682
0000683
0000685
0000686
0000688
0000690
0000697
0000700
0000703
0000708
0000709
0000711
0000712
0000716
0000717
0000718
0000719
0000720
0000721
0000722
0000723
0000725
0000727
0000728
0000729
0000733
0000735
0000737
0000738
0000739
0000750
0000751
0000753
0000755
0000756
0000758
0000759
0000761
0000762
0000766
0000767
0000768
0000776
0000777
0000778
0000783
0000785
0000786
0000791
0000792
0000795
0000796
0000797
0000799
0000800
0000801
0000807
0000810
0000811
0000813
0000815
0000816
0000818
0000819
0000822
0000823
0000825
0000828
0000829
0000830
0000831
0000833
0000837
0000839
0000848
0000852
0000858
0000859
0000860
0000862
0000863
0000868
0000869
0000875
0000876
0000877
0000878
0000880
0000881
0000882
0000883
0000885
0000886
0000887
0000888
0000892
0000893
0000895
0000898
0000899
0000900
0000901
0000902
0000905
0000906
0000908
0000912
0000913
0000915
0000917
0000920
0000921
0000922
0000923
0000925
0000927
0000928
0000930
0000932
0000933
0000935
0000936
0000937
0000938
0000948
0000949
0000950
0000951
0000957
0000958
0000959
0000960
0000962
0000963
0000966
0000967
0000968
0000969
0000970
0000973
0000975
0000977
0000980
0000981
0000983
0000987
0000988
0000989
0000990
0000993
0000997
0000998
0000999
0001203
0001207
0001208
0001212
0001213
0001221
0001223
0001227
0001232
0001233
0001236
0001237
0001238
0001248
0001257
0001258
0001267
0001269
0001270
0001279
0001280
0001283
0001285
0001286
0001287
0001288
0001289
0001298
0001301
0001306
0001308
0001309
0001311
0001312
0001313
0001314
0001316
0001322
0001323
0001328
0001330
0001331
0001332
0001337
0001338
0001339
0001356
0001359
0001365
0001369
0001376
0001380
0001382
0001386
0001388
0001389
0001390
0001391
0001393
0001399
0001400
0001696
0001872
0001896
0001914
0001965
0001979
0002001
0002003
0002004
0002006
0002007
0002008
0002009
0002010
0002011
0002014
0002015
0002016
0002017
0002019
0002020
0002023
0002025
0002026
0002027
0002028
0002029
0002030
0002031
0002032
0002033
0002034
0002035
0002036
0002037
0002038
0002039
0002040
0002041
0002042
0002043
0002044
0002045
0002046
0002047
0002048
0002049
0002050
0002051
0002052
0002053
0002056
0002057
0002059
0002060
0002061
0002062
0002063
0002064
0002065
0002067
0002068
0002073
0002074
0002075
0002077
0002078
0002079
0002080
0002081
0002083
0002085
0002086
0002088
0002091
0002092
0002093
0002094
0002095
0002096
0002097
0002099
0002100
0002101
0002103
0002104
0002106
0002108
0002110
0002111
0002112
0002115
0002116
0002117
0002119
0002120
0002121
0002123
0002124
0002125
0002126
0002127
0002128
0002129
0002130
0002131
0002132
0002134
0002135
0002137
0002138
0002139
0002140
0002142
0002145
0002146
0002148
0002149
0002150
0002151
0002152
0002153
0002154
0002155
0002156
0002157
0002158
0002160
0002161
0002163
0002164
0002165
0002166
0002167
0002169
0002170
0002171
0002173
0002174
0002176
0002177
0002179
0002180
0002181
0002182
0002183
0002185
0002187
0002189
0002190
0002191
0002192
0002194
0002195
0002196
0002197
0002201
0002202
0002203
0002204
0002206
0002208
0002210
0002212
0002213
0002214
0002215
0002216
0002218
0002219
0002221
0002222
0002223
0002225
0002226
0002228
0002229
0002230
0002232
0002233
0002235
0002236
0002237
0002238
0002239
0002240
0002241
0002242
0002243
0002244
0002245
0002246
0002249
0002250
0002251
0002252
0002254
0002255
0002256
0002258
0002261
0002262
0002263
0002264
0002265
0002266
0002267
0002268
0002269
0002270
0002271
0002272
0002273
0002274
0002275
0002276
0002277
0002279
0002281
0002283
0002284
0002285
0002287
0002289
0002290
0002291
0002292
0002293
0002294
0002297
0002298
0002299
0002300
0002301
0002302
0002303
0002304
0002307
0002309
0002310
0002311
0002312
0002314
0002315
0002317
0002318
0002320
0002321
0002322
0002324
0002326
0002327
0002328
0002332
0002334
0002335
0002338
0002339
0002340
0002342
0002344
0002345
0002346
0002348
0002349
0002350
0002351
0002352
0002353
0002354
0002356
0002358
0002361
0002362
0002364
0002365
0002366
0002367
0002368
0002369
0002370
0002371
0002372
0002373
0002375
0002376
0002378
0002379
0002380
0002382
0002383
0002384
0002385
0002386
0002387
0002389
0002390
0002392
0002393
0002396
0002399
0002400
0002401
0002402
0002405
0002406
0002407
0002408
0002409
0002410
0002413
0002414
0002415
0002416
0002418
0002419
0002421
0002422
0002423
0002426
0002427
0002428
0002429
0002430
0002432
0002434
0002436
0002437
0002438
0002439
0002440
0002441
0002444
0002445
0002446
0002448
0002449
0002452
0002453
0002454
0002455
0002456
0002458
0002459
0002460
0002461
0002463
0002465
0002466
0002467
0002468
0002469
0002470
0002471
0002472
0002474
0002475
0002478
0002480
0002481
0002482
0002483
0002484
0002487
0002488
0002489
0002490
0002491
0002493
0002497
0002498
0002500
0002506
0002507
0002508
0002510
0002511
0002515
0002516
0002517
0002518
0002519
0002520
0002521
0002522
0002523
0002526
0002527
0002530
0002531
0002532
0002533
0002534
0002536
0002537
0002539
0002540
0002541
0002543
0002544
0002545
0002546
0002549
0002550
0002552
0002553
0002555
0002556
0002557
0002558
0002559
0002560
0002562
0002563
0002564
0002565
0002567
0002568
0002570
0002572
0002573
0002575
0002577
0002579
0002580
0002582
0002583
0002584
0002585
0002588
0002589
0002590
0002594
0002595
0002596
0002597
0002600
0002601
0002602
0002603
0002605
0002606
0002607
0002608
0002609
0002611
0002612
0002616
0002617
0002624
0002625
0002626
0002627
0002631
0002632
0002635
0002636
0002637
0002638
0002639
0002640
0002641
0002642
0002643
0002645
0002646
0002647
0002648
0002649
0002651
0002653
0002654
0002655
0002657
0002658
0002662
0002664
0002668
0002670
0002672
0002673
0002675
0002676
0002677
0002678
0002681
0002683
0002685
0002688
0002690
0002695
0002697
0002698
0002701
0002703
0002705
0002706
0002707
0002708
0002709
0002713
0002714
0002716
0002718
0002721
0002724
0002727
0002728
0002730
0002733
0002734
0002735
0002736
0002737
0002738
0002739
0002741
0002745
0002746
0002747
0002749
0002752
0002755
0002756
0002757
0002758
0002761
0002765
0002766
0002768
0002772
0002773
0002777
0002779
0002782
0002785
0002786
0002787
0002788
0002791
0002792
0002793
0002796
0002797
0002801
0002803
0002805
0002807
0002810
0002812
0002815
0002818
0002819
0002821
0002823
0002824
0002827
0002829
0002831
0002832
0002833
0002837
0002838
0002839
0002840
0002841
0002842
0002843
0002845
0002846
0002847
0002850
0002851
0002859
0002865
0002866
0002867
0002868
0002869
0002870
0002876
0002878
0002880
0002881
0002882
0002884
0002885
0002886
0002889
0002891
0002892
0002895
0002896
0002897
0002901
0002902
0002906
0002907
0002911
0002913
0002915
0002916
0002918
0002919
0002920
0002922
0002925
0002926
0002928
0002929
0002930
0002931
0002935
0002936
0002937
0002938
0002939
0002940
0002941
0002943
0002945
0002946
0002947
0002948
0002950
0002951
0002953
0002955
0002956
0002957
0002958
0002959
0002960
0002961
0002965
0002966
0002967
0002969
0002970
0002971
0002973
0002975
0002978
0002979
0002980
0002983
0002984
0002985
0002986
0002987
0002988
0002989
0002990
0002991
0002992
0002993
0002996
0002997
0003000
0003002
0003005
0003006
0003009
0003010
0003012
0003013
0003018
0003019
0003020
0003021
0003022
0003029
0003031
0003033
0003035
0003036
0003039
0003040
0003041
0003043
0003816
0159107
0159123
0159129
0159133
0159141
0159142
0159201
0159205
0159206
0159209
0159213
0159215
0159218
0159221
0159222
0159227
0159232
0159233
0159235
0159241
0159246
0159258
0159259
0159260
0159263
0159267
0159272
0159273
0159278
0159300
0159305
0159307
0159309
0159310
0159320
0159321
0159326
0159327
0159330
0159336
0159337
0159338
0159339
0159351
0159352
0159353
0159356
0159357
0159358
0159359
0159360
0159361
0159362
0159363
0159368
0159378
0159381
0159382
0159387
0159388
0159399
0159516
0159526
0159530
0159531
0159547
0159549
0159552
0159558
0159559
0159562
0159566
0159581
0159583
0159588
0159590
0159591
0159592
0159593
0159595
0159596
0159599
0159601
0159602
0159603
0159608
0159611
0159623
0159625
0159628
0159629
0159633
0159637
0159638
0159647
0159652
0159667
0159671
0159673
0159680
0159681
0159682
0159690
0159692
0159697
0159698
0159713
0159715
0159731
0159732
0159736
0159745
0159755
0159758
0159766
0159770
0159780
0159781
0159782
0159783
0159790
0159796
0159801
0159805
0159806
0159807
0159813
0159814
0159819
0159820
0159825
0159828
0159837
0159839
0159840
0159841
0159842
0159845
0159847
0159851
0159852
0159857
0159859
0159864
0159865
0159867
0159870
0159871
0159875
0159876
0159880
0159883
0159890
0159898
0159899
0159901
0159903
0159905
0159908
0159909
0159915
0159919
0159922
0159925
0159928
0159929
0159938
0159939
0159940
0159948
0159949
0159952
0159957
0159958
0159959
0159964
0159967
0159968
0159971
0159977
0159992
0159993
0159994
0159995
0159996
0159997
0159998
0300001
0300002
0300003
0300004
0300005
0300006
0300007
0300008
0300009
0300012
0300014
0300015
0300016
0300017
0300018
0300019
0300024
0300026
0300031
0300033
0300034
0300035
0300036
0300037
0300039
0300041
0300042
0300043
0300045
0300046
0300047
0300048
0300049
0300053
0300054
0300055
0300057
0300058
0300059
0300061
0300062
0300063
0300065
0300066
0300067
0300070
0300071
0300072
0300073
0300075
0300077
0300079
0300080
0300082
0300083
0300084
0300085
0300088
0300093
0300098
0300099
0300100
0300101
0300102
0300107
0300109
0300111
0300113
0300115
0300118
0300119
0300120
0300121
0300122
0300124
0300125
0300127
0300128
0300129
0300130
0300131
0300133
0300134
0300136
0300137
0300138
0300139
0300140
0300142
0300143
0300144
0300145
0300146
0300149
0300151
0300153
0300158
0300159
0300161
0300164
0300166
0300168
0300170
0300171
0300174
0300177
0300179
0300180
0300181
0300182
0300183
0300184
0300185
0300188
0300189
0300191
0300192
0300194
0300196
0300197
0300199
0300200
0300201
0300203
0300204
0300206
0300207
0300209
0300210
0300213
0300215
0300217
0300219
0300221
0300222
0300223
0300224
0300226
0300227
0300228
0300229
0300231
0300232
0300233
0300236
0300244
0300248
0300249
0300250
0300251
0300252
0300253
0300255
0300256
0300257
0300258
0300259
0300260
0300261
0300263
0300265
0300267
0300271
0300274
0300276
0300277
0300278
0300284
0300285
0300286
0300287
0300288
0300291
0300292
0300293
0300294
0300296
0300298
0300300
0300302
0300303
0300304
0300307
0300308
0300310
0300315
0300316
0300318
0300319
0300320
0300322
0300323
0300324
0300327
0300328
0300331
0300332
0300337
0300339
0300341
0300342
0300343
0300346
0300347
0300348
0300349
0300351
0300353
0300354
0300355
0300357
0300358
0300360
0300363
0300364
0300368
0300369
0300373
0300376
0300377
0300378
0300380
0300382
0300383
0300384
0300386
0300388
0300389
0300390
0300393
0300394
0300395
0300397
0300398
0300399
0300400
0300401
0300402
0300403
0300406
0300408
0300409
0300411
0300413
0300415
0300416
0300418
0300421
0300427
0300428
0300429
0300432
0300433
0300435
0300436
0300438
0300440
0300441
0300442
0300443
0300444
0300446
0300447
0300448
0300450
0300451
0300454
0300455
0300456
0300457
0300458
0300459
0300461
0300463
0300465
0300466
0300467
0300468
0300469
0300470
0300471
0300473
0300474
0300475
0300476
0300480
0300481
0300482
0300483
0300485
0300486
0300487
0300488
0300489
0300490
0300492
0300493
0300494
0300496
0300497
0300498
0300499
0300502
0300503
0300505
0300506
0300507
0300516
0300520
0300523
0300525
0300528
0300529
0300530
0300531
0300532
0300533
0300537
0300539
0300540
0300541
0300542
0300545
0300546
0300547
0300548
0300551
0300552
0300558
0300559
0300561
0300563
0300566
0300567
0300568
0300569
0300570
0300572
0300573
0300576
0300577
0300579
0300580
0300581
0300584
0300586
0300587
0300589
0300590
0300592
0300593
0300595
0300596
0300598
0300601
0300602
0300603
0300604
0300607
0300611
0300613
0300617
0300618
0300619
0300620
0300622
0300623
0300624
0300627
0300628
0300629
0300632
0300633
0300634
0300638
0300641
0300643
0300648
0300652
0300655
0300657
0300658
0300660
0300661
0300662
0300663
0300666
0300669
0300671
0300672
0300674
0300676
0300677
0300678
0300679
0300680
0300681
0300682
0300684
0300685
0300687
0300688
0300689
0300690
0300691
0300693
0300695
0300696
0300697
0300698
0300699
0300700
0300702
0300703
0300705
0300706
0300708
0300709
0300711
0300712
0300715
0300718
0300720
0300722
0300723
0300724
0300725
0300726
0300727
0300729
0300731
0300733
0300735
0300737
0300738
0300739
0300740
0300741
0300745
0300747
0300748
0300750
0300751
0300755
0300756
0300757
0300758
0300759
0300760
0300761
0300762
0300763
0300765
0300766
0300767
0300768
0300769
0300770
0300772
0300773
0300774
0300775
0300776
0300777
0300779
0300781
0300782
0300783
0300785
0300788
0300790
0300791
0300792
0300793
0300797
0300801
0300802
0300803
0300806
0300809
0300810
0300811
0300814
0300815
0300816
0300818
0300819
0300820
0300821
0300822
0300825
0300827
0300830
0300832
0300833
0300834
0300835
0300836
0300840
0300841
0300842
0300843
0300846
0300847
0300848
0300850
0300852
0300855
0300856
0300857
0300859
0300860
0300861
0300863
0300866
0300867
0300868
0300869
0300870
0300872
0300873
0300879
0300882
0300885
0300887
0300888
0300889
0300893
0300894
0300895
0300896
0300900
0300903
0300905
0300909
0300910
0300911
0300913
0300916
0300917
0300918
0300919
0300925
0300926
0300938
0300940
0300941
0300943
0300945
0300946
0300951
0300952
0300953
0300957
0300959
0300963
0300964
0300968
0300969
0300972
0300973
0300975
0300976
0300978
0300979
0300981
0300983
0300984
0300986
0300990
0300991
0300997
0300999
0301000
0301002
0301004
0301005
0301007
0301012
0301013
0301015
0301016
0301017
0301018
0301021
0301028
0301029
0301031
0301035
0301038
0301039
0301042
0301047
0301048
0301050
0301051
0301058
0301061
0301069
0301070
0301071
0301073
0301075
0301076
0301077
0301078
0301080
0301085
0301086
0301087
0301090
0301091
0301092
0301093
0301095
0301096
0301099
0301101
0301109
0301110
0301116
0301120
0301123
0301127
0301128
0301132
0301137
0301141
0301148
0301149
0301150
0301153
0301155
0301160
0301162
0301165
0301168
0301171
0301175
0301177
0301179
0301180
0301182
0301183
0301187
0301188
0301189
0301190
0301191
0301196
0301200
0301201
0301202
0301205
0301206
0301207
0301208
0301209
0301210
0301211
0301213
0301215
0301216
0301217
0301219
0301220
0301225
0301228
0301230
0301232
0301235
0301236
0301238
0301239
0301246
0301248
0301251
0301252
0301256
0301259
0301260
0301261
0301262
0301263
0301265
0301267
0301268
0301269
0301275
0301277
0301280
0301282
0301285
0301286
0301291
0301292
0301293
0301297
0301301
0301303
0301305
0301306
0301307
0301308
0301310
0301311
0301312
0301316
0301317
0301319
0301323
0301325
0301326
0301327
0301328
0301330
0301332
0301333
0301338
0301339
0301345
0301348
0301349
0301357
0301358
0301362
0301363
0301365
0301366
0301367
0301368
0301369
0301370
0301371
0301373
0301376
0301377
0301379
0301381
0301382
0301383
0301387
0301389
0301391
0301392
0301393
0301396
0301397
0301398
0301408
0301413
0301421
0301439
0301449
0301458
0301468
0301479
0301486
0301487
0301488
0301489
0301491
0301498
0301500
0301501
0301507
0301508
0301510
0301511
0301513
0301516
0301517
0301518
0301522
0301525
0301526
0301529
0301531
0301535
0301536
0301538
0301548
0301550
0301551
0301556
0301557
0301558
0301559
0301563
0301565
0301566
0301568
0301571
0301575
0301580
0301583
0301584
0301589
0301590
0301592
0301595
0301596
0301599
0301600
0301602
0301603
0301606
0301607
0301608
0301609
0301611
0301613
0301617
0301618
0301622
0301626
0301628
0301629
0301630
0301631
0301632
0301638
0301656
0301658
0301662
0301665
0301667
0301668
0301669
0301677
0301678
0301680
0301682
0301683
0301687
0301696
0301707
0301717
0302132
#跨市场ETF
0158001
0158005
0158006
0158008
0158009
0158010
0158012
0158013
0158017
0158019
0158023
0158026
0158027
0158028
0158030
0158032
0158036
0158037
0158038
0158040
0158043
0158046
0158047
0158051
0158065
0158066
0159007
0159008
0159011
0159012
0159013
0159016
0159017
0159018
0159019
0159020
0159021
0159022
0159023
0159025
0159026
0159027
0159029
0159030
0159031
0159032
0159033
0159035
0159036
0159037
0159038
0159039
0159041
0159042
0159043
0159045
0159046
0159048
0159049
0159050
0159051
0159052
0159053
0159055
0159056
0159057
0159058
0159059
0159060
0159061
0159062
0159063
0159065
0159066
0159067
0159068
0159070
0159071
0159072
0159073
0159075
0159077
0159078
0159079
0159082
0159083
0159085
0159086
0159087
0159093
0159095
0159096
0159098
0159099
0159103
0159106
0159108
0159111
0159112
0159113
0159115
0159116
0159119
0159123
0159129
0159133
0159136
0159138
0159139
0159140
0159141
0159142
0159145
0159146
0159147
0159148
0159150
0159151
0159153
0159155
0159156
0159157
0159158
0159159
0159160
0159161
0159162
0159163
0159165
0159166
0159168
0159171
0159172
0159173
0159175
0159176
0159177
0159178
0159180
0159181
0159182
0159183
0159188
0159189
0159192
0159193
0159195
0159197
0159199
0159200
0159201
0159203
0159206
0159207
0159208
0159209
0159213
0159215
0159218
0159221
0159222
0159223
0159225
0159226
0159227
0159228
0159229
0159230
0159231
0159232
0159233
0159235
0159236
0159238
0159240
0159241
0159248
0159249
0159253
0159255
0159257
0159258
0159259
0159260
0159263
0159267
0159272
0159275
0159276
0159278
0159283
0159296
0159299
0159300
0159301
0159305
0159306
0159307
0159309
0159310
0159311
0159319
0159320
0159325
0159326
0159327
0159328
0159330
0159332
0159335
0159336
0159337
0159338
0159339
0159350
0159351
0159352
0159353
0159355
0159356
0159357
0159358
0159359
0159360
0159361
0159362
0159376
0159378
0159379
0159380
0159385
0159386
0159389
0159390
0159391
0159392
0159393
0159500
0159503
0159505
0159507
0159508
0159510
0159511
0159512
0159515
0159516
0159517
0159520
0159521
0159522
0159523
0159525
0159526
0159527
0159528
0159530
0159531
0159532
0159533
0159535
0159536
0159537
0159538
0159539
0159540
0159541
0159542
0159543
0159546
0159547
0159549
0159551
0159552
0159553
0159555
0159556
0159558
0159559
0159560
0159565
0159566
0159581
0159582
0159583
0159585
0159586
0159587
0159588
0159589
0159590
0159591
0159592
0159593
0159595
0159596
0159599
0159600
0159601
0159602
0159603
0159606
0159608
0159609
0159610
0159611
0159613
0159616
0159617
0159618
0159619
0159620
0159621
0159623
0159625
0159627
0159628
0159629
0159630
0159631
0159633
0159635
0159637
0159638
0159639
0159640
0159641
0159642
0159643
0159645
0159646
0159647
0159652
0159653
0159656
0159657
0159658
0159661
0159662
0159663
0159665
0159666
0159667
0159669
0159670
0159671
0159672
0159673
0159675
0159676
0159677
0159678
0159679
0159680
0159681
0159682
0159683
0159685
0159686
0159689
0159690
0159692
0159693
0159695
0159697
0159698
0159700
0159701
0159703
0159706
0159707
0159708
0159709
0159713
0159715
0159716
0159717
0159719
0159720
0159721
0159725
0159728
0159730
0159731
0159732
0159736
0159739
0159743
0159745
0159752
0159755
0159756
0159757
0159758
0159760
0159761
0159763
0159766
0159767
0159768
0159769
0159770
0159773
0159775
0159777
0159778
0159779
0159780
0159781
0159782
0159783
0159786
0159787
0159789
0159790
0159791
0159795
0159796
0159797
0159798
0159800
0159801
0159803
0159805
0159806
0159807
0159811
0159813
0159815
0159819
0159820
0159824
0159825
0159827
0159828
0159835
0159836
0159837
0159838
0159839
0159840
0159841
0159842
0159843
0159845
0159846
0159847
0159848
0159849
0159851
0159852
0159853
0159855
0159857
0159858
0159859
0159861
0159862
0159863
0159864
0159865
0159867
0159869
0159870
0159871
0159872
0159873
0159875
0159876
0159877
0159880
0159881
0159883
0159885
0159886
0159887
0159888
0159889
0159890
0159891
0159895
0159896
0159897
0159898
0159899
0159907
0159919
0159922
0159923
0159925
0159928
0159929
0159930
0159931
0159933
0159935
0159936
0159938
0159939
0159940
0159944
0159945
0159951
0159959
0159962
0159965
0159968
0159973
0159974
0159982
0159986
0159987
0159990
0159992
0159993
0159994
0159995
0159996
0159997
0159998
0159999
1510300
1510310
1510320
1510330
1510350
1510360
1510370
1510380
1510390
1510500
1510510
1510530
1510550
1510560
1510570
1510580
1510590
1512000
1512010
1512020
1512030
1512040
1512050
1512060
1512070
1512080
1512090
1512100
1512120
1512130
1512140
1512150
1512160
1512170
1512180
1512190
1512200
1512220
1512240
1512250
1512260
1512290
1512330
1512360
1512370
1512380
1512390
1512400
1512410
1512420
1512430
1512450
1512460
1512480
1512500
1512510
1512520
1512530
1512550
1512560
1512570
1512580
1512600
1512620
1512630
1512640
1512650
1512660
1512670
1512680
1512690
1512700
1512710
1512720
1512730
1512740
1512750
1512760
1512770
1512800
1512810
1512820
1512870
1512880
1512890
1512900
1512910
1512930
1512940
1512950
1512960
1512970
1512980
1512990
1515000
1515010
1515020
1515030
1515040
1515050
1515060
1515070
1515080
1515090
1515100
1515110
1515120
1515130
1515150
1515160
1515170
1515180
1515190
1515200
1515210
1515220
1515230
1515250
1515260
1515290
1515300
1515310
1515320
1515330
1515350
1515360
1515370
1515380
1515390
1515400
1515440
1515450
1515460
1515480
1515530
1515550
1515560
1515580
1515590
1515600
1515630
1515640
1515650
1515660
1515680
1515700
1515710
1515720
1515730
1515750
1515760
1515770
1515790
1515800
1515810
1515840
1515850
1515860
1515880
1515890
1515900
1515910
1515920
1515940
1515950
1515960
1515970
1515980
1515990
1516000
1516010
1516020
1516040
1516050
1516060
1516070
1516080
1516090
1516100
1516110
1516120
1516130
1516150
1516160
1516180
1516190
1516200
1516210
1516220
1516230
1516250
1516260
1516270
1516290
1516300
1516310
1516320
1516330
1516350
1516360
1516370
1516380
1516390
1516440
1516460
1516500
1516510
1516520
1516530
1516550
1516560
1516570
1516580
1516590
1516600
1516610
1516620
1516630
1516640
1516650
1516660
1516670
1516700
1516710
1516720
1516730
1516750
1516760
1516770
1516780
1516790
1516800
1516810
1516820
1516830
1516840
1516850
1516860
1516880
1516890
1516900
1516910
1516920
1516930
1516950
1516960
1516970
1516980
1517000
1517010
1517030
1517050
1517080
1517090
1517100
1517110
1517120
1517130
1517160
1517170
1517180
1517200
1517230
1517300
1517330
1517350
1517360
1517380
1517390
1517400
1517520
1517550
1517660
1517770
1517800
1517850
1517880
1517900
1517950
1517990
1551500
1551510
1551520
1551550
1551560
1551580
1551800
1551900
1560010
1560020
1560030
1560050
1560060
1560070
1560080
1560090
1560100
1560110
1560120
1560130
1560150
1560160
1560170
1560180
1560190
1560210
1560220
1560230
1560250
1560260
1560270
1560280
1560290
1560300
1560310
1560320
1560330
1560350
1560360
1560370
1560380
1560390
1560400
1560410
1560420
1560450
1560460
1560470
1560480
1560490
1560500
1560510
1560520
1560530
1560550
1560560
1560570
1560580
1560590
1560610
1560620
1560630
1560660
1560670
1560680
1560690
1560700
1560710
1560720
1560730
1560750
1560770
1560780
1560790
1560800
1560810
1560820
1560830
1560850
1560860
1560870
1560880
1560900
1560910
1560920
1560930
1560950
1560970
1560980
1560990
1561000
1561010
1561020
1561030
1561050
1561060
1561080
1561090
1561100
1561120
1561130
1561160
1561170
1561180
1561190
1561200
1561220
1561230
1561250
1561260
1561280
1561300
1561310
1561320
1561330
1561350
1561360
1561370
1561380
1561390
1561400
1561410
1561420
1561430
1561450
1561460
1561470
1561490
1561500
1561510
1561530
1561550
1561560
1561570
1561580
1561590
1561600
1561610
1561620
1561630
1561660
1561680
1561690
1561700
1561730
1561750
1561760
1561770
1561780
1561790
1561800
1561810
1561830
1561870
1561880
1561890
1561900
1561910
1561920
1561930
1561950
1561960
1561980
1561990
1562000
1562010
1562030
1562050
1562060
1562070
1562080
1562110
1562150
1562170
1562180
1562300
1562310
1562320
1562330
1562340
1562350
1562360
1562380
1562390
1562500
1562510
1562520
1562530
1562550
1562560
1562570
1562580
1562590
1562600
1562660
1562700
1562800
1562810
1562820
1562850
1562860
1562870
1562880
1562890
1562900
1562910
1562920
1562930
1562950
1562960
1562970
1562990
1563000
1563010
1563020
1563030
1563050
1563060
1563080
1563090
1563150
1563180
1563200
1563210
1563220
1563230
1563280
1563300
1563320
1563330
1563350
1563360
1563380
1563390
1563500
1563510
1563520
1563530
1563550
1563560
1563570
1563580
1563590
1563600
1563620
1563630
1563650
1563660
1563670
1563680
1563690
1563700
1563750
1563760
1563770
1563780
1563790
1563800
1563830
1563850
1563860
1563870
1563880
1563890
1563900
1563930
1563960
1563980
1563990
1588300
1588310
1588320
1588330
1588350
1588360
1588370
1588380
1588390
1588400
1588410
1588420
1588430
1588450
1588460
1588470
1588480
1588500
1588510
1588520
1588530
1588550
1588660
1588670
1588680
1588690
#合格机构债券
0108611
0111077
0111085
0111086
0111088
0111089
0111090
0111093
0111109
0111110
0111111
0111112
0111113
0111114
0111115
0111116
0111117
0111118
0111119
0112209
0112243
0112326
0112394
0112395
0112399
0112467
0112505
0112526
0112553
0112563
0112572
0112759
0112782
0112801
0112875
0112923
0112966
0112967
0112978
0112997
0114012
0114098
0114109
0114205
0114219
0114224
0114225
0114240
0114272
0114304
0114317
0114350
0114357
0114373
0114407
0114416
0114470
0114531
0114532
0114551
0114618
0114681
0114689
0114733
0114796
0114821
0114832
0114834
0114872
0114905
0114987
0115128
0115129
0116028
0116029
0116030
0116031
0117063
0117212
0117216
0117219
0117221
0117222
0117223
0117230
0117231
0117232
0117236
0117237
0117238
0117239
0117240
0117241
0117242
0117243
0117244
0117245
0117246
0117247
0117248
0117249
0117250
0117251
0117252
0117253
0117254
0117255
0117256
0117257
0117603
0117604
0117605
0117606
0118430
0118465
0118523
0118535
0118563
0118579
0118666
0118668
0118717
0118731
0118743
0119181
0119182
0119420
0119421
0119423
0119424
0119436
0119437
0119447
0119448
0119453
0119454
0119455
0119456
0119458
0119459
0119466
0119468
0119469
0119470
0119471
0121505
0121506
0121507
0121508
0121509
0121510
0121511
0121512
0121524
0121535
0121536
0121537
0121538
0121539
0121540
0121541
0121552
0121553
0121558
0121562
0121563
0121564
0121576
0121577
0121578
0121579
0121580
0121581
0121582
0121583
0121584
0121585
0121586
0121587
0121588
0121589
0121590
0121592
0121593
0121595
0121596
0121598
0121599
0121601
0121603
0121604
0121605
0121606
0121607
0121608
0121610
0121612
0121613
0121614
0121615
0121617
0121619
0121620
0121621
0121622
0121623
0121625
0121627
0121628
0121630
0121632
0121633
0121635
0121636
0121637
0121639
0121640
0121642
0121643
0133028
0133033
0133092
0133107
0133118
0133119
0133120
0133125
0133126
0133128
0133157
0133159
0133164
0133165
0133175
0133181
0133193
0133207
0133212
0133216
0133224
0133230
0133232
0133244
0133245
0133248
0133252
0133257
0133266
0133270
0133287
0133288
0133292
0133301
0133310
0133313
0133319
0133321
0133328
0133329
0133340
0133348
0133349
0133361
0133371
0133378
0133388
0133398
0133432
0133548
0133565
0133569
0133574
0133578
0133601
0133614
0133627
0133641
0133664
0133668
0133671
0133673
0133674
0133676
0133677
0133678
0133679
0133680
0133682
0133683
0133685
0133691
0133692
0133693
0133694
0133695
0133697
0133699
0133700
0133704
0133705
0133707
0133708
0133710
0133712
0133713
0133714
0133717
0133721
0133722
0133724
0133726
0133729
0133730
0133731
0133732
0133733
0133734
0133735
0133736
0133737
0133739
0133740
0133743
0133744
0133745
0133746
0133750
0133751
0133752
0133753
0133754
0133755
0133756
0133757
0133758
0133760
0133761
0133762
0133763
0133764
0133765
0133767
0133768
0133769
0133771
0133773
0133774
0133776
0133778
0133779
0133780
0133781
0133783
0133785
0133786
0133788
0133789
0133790
0133791
0133792
0133793
0133797
0133798
0133799
0133800
0133801
0133803
0133804
0133805
0133807
0133808
0133809
0133810
0133811
0133812
0133813
0133814
0133816
0133817
0133818
0133819
0133820
0133821
0133822
0133823
0133825
0133827
0133828
0133829
0133832
0133833
0133834
0133835
0133837
0133838
0133839
0133840
0133841
0133842
0133843
0133844
0133845
0133846
0133847
0133848
0133849
0133850
0133851
0133852
0133853
0133856
0133857
0133858
0133860
0133861
0133863
0133864
0133866
0133867
0133868
0133871
0133872
0133873
0133874
0133875
0133876
0133877
0133878
0133879
0133880
0133881
0133883
0133885
0133886
0133887
0133888
0133890
0133891
0133892
0133893
0133894
0133895
0133896
0133897
0133898
0133899
0133900
0133901
0133902
0133906
0133907
0133908
0133909
0133910
0133911
0133912
0133913
0133914
0133915
0133916
0133917
0133918
0133919
0133921
0133922
0133923
0133924
0133925
0133926
0133927
0133928
0133929
0133930
0133931
0133932
0133933
0133935
0133937
0133938
0133940
0133941
0133942
0133943
0133944
0133946
0133947
0133948
0133949
0133951
0133952
0133956
0133957
0133958
0133960
0133963
0133964
0133965
0133966
0133967
0133968
0133970
0133971
0133972
0133973
0133974
0133976
0133977
0133979
0133980
0133982
0133983
0133985
0133986
0133987
0133988
0133990
0133991
0133992
0133993
0133994
0133995
0133999
0134001
0134003
0134005
0134007
0134008
0134009
0134011
0134012
0134013
0134014
0134015
0134017
0134018
0134019
0134020
0134022
0134024
0134025
0134027
0134029
0134030
0134031
0134032
0134033
0134034
0134035
0134036
0134038
0134039
0134041
0134043
0134044
0134046
0134048
0134049
0134051
0134052
0134054
0134055
0134057
0134059
0134060
0134063
0134065
0134066
0134067
0134068
0134070
0134071
0134072
0134073
0134074
0134076
0134077
0134078
0134081
0134082
0134083
0134085
0134086
0134087
0134088
0134089
0134090
0134091
0134092
0134095
0134096
0134097
0134098
0134100
0134101
0134103
0134104
0134105
0134106
0134107
0134108
0134109
0134110
0134111
0134112
0134113
0134114
0134115
0134116
0134117
0134119
0134121
0134122
0134123
0134124
0134125
0134126
0134127
0134128
0134129
0134130
0134131
0134132
0134133
0134134
0134135
0134136
0134138
0134139
0134141
0134143
0134144
0134145
0134146
0134148
0134149
0134151
0134152
0134153
0134154
0134155
0134156
0134157
0134158
0134159
0134160
0134161
0134163
0134164
0134165
0134167
0134171
0134172
0134173
0134174
0134176
0134177
0134178
0134180
0134181
0134182
0134183
0134185
0134186
0134188
0134189
0134190
0134191
0134192
0134194
0134196
0134197
0134198
0134199
0134200
0134201
0134203
0134205
0134206
0134208
0134209
0134210
0134211
0134212
0134213
0134214
0134215
0134217
0134218
0134219
0134220
0134221
0134223
0134224
0134226
0134227
0134228
0134229
0134230
0134233
0134234
0134235
0134237
0134238
0134240
0134242
0134243
0134245
0134246
0134247
0134248
0134249
0134250
0134251
0134252
0134253
0134254
0134255
0134256
0134257
0134259
0134260
0134261
0134262
0134263
0134264
0134265
0134267
0134268
0134269
0134271
0134273
0134274
0134275
0134276
0134277
0134278
0134280
0134281
0134283
0134284
0134285
0134287
0134288
0134289
0134291
0134292
0134293
0134294
0134296
0134297
0134299
0134301
0134303
0134304
0134305
0134306
0134307
0134308
0134309
0134310
0134311
0134312
0134313
0134314
0134315
0134316
0134317
0134318
0134319
0134320
0134321
0134322
0134323
0134324
0134325
0134327
0134328
0134329
0134330
0134331
0134332
0134333
0134334
0134336
0134337
0134338
0134339
0134340
0134342
0134343
0134344
0134346
0134350
0134351
0134352
0134353
0134354
0134355
0134356
0134357
0134358
0134359
0134360
0134361
0134362
0134363
0134364
0134365
0134366
0134367
0134368
0134369
0134370
0134371
0134372
0134373
0134374
0134375
0134376
0134377
0134378
0134379
0134380
0134381
0134382
0134383
0134386
0134387
0134388
0134389
0134392
0134393
0134394
0134395
0134398
0134399
0134401
0134402
0134403
0134405
0134406
0134407
0134408
0134409
0134410
0134411
0134412
0134413
0134414
0134415
0134416
0134417
0134419
0134420
0134421
0134424
0134425
0134428
0134430
0134431
0134432
0134433
0134434
0134435
0134436
0134437
0134438
0134439
0134440
0134441
0134443
0134444
0134445
0134447
0134448
0134449
0134451
0134453
0134454
0134455
0134456
0134457
0134459
0134460
0134461
0134462
0134463
0134466
0134467
0134468
0134471
0134472
0134473
0134474
0134475
0134476
0134477
0134478
0134479
0134480
0134483
0134484
0134485
0134486
0134488
0134489
0134490
0134492
0134493
0134494
0134496
0134497
0134498
0134499
0134501
0134502
0134503
0134504
0134505
0134507
0134508
0134509
0134510
0134512
0134513
0134514
0134515
0134516
0134518
0134519
0134520
0134521
0134522
0134523
0134525
0134526
0134527
0134529
0134530
0134531
0134532
0134534
0134535
0134537
0134538
0134540
0134541
0134542
0134543
0134544
0134545
0134546
0134547
0134548
0134549
0134550
0134551
0134553
0134554
0134555
0134556
0134557
0134558
0134559
0134560
0134561
0134562
0134563
0134564
0134565
0134566
0134567
0134568
0134569
0134570
0134571
0134572
0134573
0134574
0134575
0134576
0134577
0134578
0134579
0134580
0134581
0134582
0134584
0134585
0134586
0134587
0134588
0134589
0134590
0134592
0134593
0134594
0134595
0134596
0134597
0134598
0134599
0134600
0134601
0134602
0134603
0134605
0134606
0134607
0134608
0134609
0134610
0134611
0134612
0134613
0134614
0134615
0134616
0134617
0134618
0134619
0134620
0134621
0134622
0134623
0134624
0134626
0134627
0134629
0134630
0134631
0134632
0134633
0134634
0134635
0134636
0134637
0134638
0134639
0134640
0134641
0134642
0134643
0134644
0134645
0134646
0134647
0134648
0134649
0134650
0134651
0134652
0134653
0134655
0134656
0134657
0134658
0134659
0134660
0134661
0134663
0134664
0134665
0134666
0134668
0134669
0134670
0134671
0134672
0134673
0134674
0134675
0134676
0134677
0134678
0134679
0134680
0134681
0134682
0134684
0134685
0134686
0134687
0134688
0134689
0134690
0134691
0134692
0134693
0134694
0134695
0134696
0134697
0134698
0134699
0134701
0134702
0134704
0134705
0134706
0134707
0134708
0134709
0134710
0134711
0134712
0134713
0134714
0134715
0134716
0134717
0134718
0134719
0134720
0134722
0134723
0134724
0134726
0134727
0134728
0134729
0134730
0134732
0134733
0134734
0134735
0134736
0134737
0134738
0134739
0134740
0134741
0134742
0134743
0134744
0134746
0134747
0134748
0134749
0134750
0134751
0134752
0134753
0134754
0134755
0134757
0134758
0134759
0134760
0134761
0134762
0134763
0134764
0134765
0134766
0134767
0134768
0134769
0134770
0134771
0134772
0134775
0134776
0134777
0134778
0134779
0134780
0134781
0134783
0134784
0134785
0134786
0134787
0134788
0134789
0134790
0134792
0134793
0134794
0134795
0134796
0134797
0134798
0134799
0134800
0134801
0134803
0134804
0134805
0134806
0134807
0134808
0134809
0134810
0134811
0134812
0134813
0134814
0134815
0134816
0134817
0134818
0134819
0134820
0134821
0134822
0134823
0134824
0134825
0134826
0134828
0134829
0134830
0134831
0134832
0134834
0134835
0134837
0134838
0134839
0134841
0134842
0134843
0134844
0134846
0134847
0134848
0134849
0134850
0134851
0134852
0134853
0134854
0134855
0134856
0134857
0134858
0134859
0134860
0134861
0134862
0134863
0134865
0134866
0134867
0134868
0134869
0134871
0134872
0134873
0134874
0134875
0134876
0134877
0134878
0134879
0134880
0134882
0134883
0134884
0134885
0134886
0134887
0134888
0134889
0134890
0134892
0134893
0134894
0134895
0134896
0134898
0134899
0134900
0134901
0134902
0134903
0134904
0134905
0134906
0134907
0134908
0134909
0134910
0134911
0134912
0134913
0134914
0134915
0134917
0134918
0134919
0134920
0134921
0134923
0134924
0134925
0134926
0134927
0134928
0134929
0134930
0134932
0134933
0134934
0134935
0134936
0134938
0134939
0134940
0134943
0134944
0134945
0134946
0134947
0134948
0134949
0134950
0134951
0134952
0134953
0134954
0134955
0134956
0134957
0134958
0134959
0134960
0134961
0134962
0134963
0134964
0134966
0134967
0134968
0134969
0134970
0134971
0134972
0134973
0134974
0134975
0134976
0134978
0134979
0134980
0134982
0134983
0134984
0134985
0134986
0134987
0134988
0134989
0134991
0134992
0134993
0134995
0134996
0134997
0134999
0135002
0135091
0135160
0135351
0135352
0135427
0135428
0135900
0136043
0136075
0136088
0136096
0136111
0136133
0136171
0136204
0136209
0136214
0136225
0136253
0136254
0136329
0136330
0136347
0136391
0136397
0136398
0136418
0136481
0136504
0136522
0136533
0136557
0136737
0136890
0137045
0137364
0137429
0137431
0137542
0137566
0137567
0137653
0137804
0137849
0137878
0137900
0137902
0137915
0137984
0138258
0138484
0138594
0138730
0138749
0138982
0139510
0139991
0139992
0139993
0139994
0139995
0143021
0143022
0143156
0143381
0143437
0143449
0143450
0143451
0143573
0143685
0143686
0143717
0143718
0143723
0143724
0143726
0143727
0143728
0143776
0143803
0143804
0143821
0143822
0143823
0143824
0143825
0143829
0143845
0143859
0143874
0143875
0143895
0143927
0143928
0143953
0143954
0143963
0143964
0143965
0143966
0143971
0143977
0143997
0143998
0144008
0144009
0144013
0144015
0144022
0144060
0144061
0144073
0144083
0144084
0144104
0144130
0144143
0144160
0144161
0144162
0144163
0144164
0144169
0144170
0144173
0144187
0144191
0144206
0144233
0144240
0144251
0144252
0144255
0144256
0144280
0144316
0144323
0144324
0144353
0144354
0144355
0144381
0144394
0144431
0144454
0144455
0144469
0144510
0144520
0144530
0144534
0144555
0144556
0144559
0144570
0144571
0144573
0144577
0144580
0144598
0144601
0144602
0144610
0144627
0144628
0144638
0144646
0144647
0144648
0144651
0144654
0144659
0144667
0144671
0144675
0144678
0144679
0144680
0144684
0144714
0144715
0144716
0144725
0144726
0144728
0144744
0144747
0144752
0144753
0144760
0144769
0144770
0144771
0144773
0144775
0144776
0144780
0144782
0144784
0144786
0144787
0144789
0144798
0144801
0144815
0144820
0144823
0144824
0144825
0144831
0144832
0144833
0144834
0144840
0144845
0144846
0144847
0144849
0144851
0144857
0144859
0144873
0144874
0144875
0144876
0144877
0144882
0144885
0144886
0144887
0144907
0144910
0144913
0144914
0144917
0144924
0144925
0144934
0144938
0144945
0144946
0144956
0144962
0144963
0144965
0144966
0144972
0144978
0144984
0144986
0144987
0144995
0146002
0146015
0146025
0146026
0146029
0146035
0146036
0146037
0146038
0146054
0146070
0146074
0146078
0146083
0146087
0146094
0146095
0146104
0146105
0146106
0146107
0146108
0146111
0146113
0146114
0146115
0146117
0146118
0146119
0146121
0146122
0146123
0146125
0146126
0146127
0146128
0146130
0146131
0146132
0146133
0146134
0146135
0146136
0146137
0146160
0146165
0146166
0146175
0146176
0146179
0146190
0146191
0146192
0146201
0146202
0146209
0146210
0146211
0146216
0146221
0146222
0146224
0146226
0146229
0146230
0146231
0146236
0146251
0146252
0146253
0146255
0146256
0146257
0146259
0146261
0146262
0146264
0146273
0146274
0146276
0146277
0146282
0146283
0146284
0146285
0146290
0146291
0146306
0146312
0146313
0146314
0146315
0146316
0146320
0146323
0146324
0146326
0146328
0146329
0146330
0146332
0146333
0146339
0146340
0146349
0146350
0146351
0146352
0146354
0146355
0146357
0146358
0146360
0146361
0146364
0146369
0146371
0146374
0146375
0146378
0146382
0146384
0146385
0146388
0146398
0146401
0146403
0146412
0146413
0146415
0146416
0146417
0146418
0146419
0146420
0146421
0146422
0146426
0146427
0146428
0146430
0146431
0146444
0146445
0146446
0146447
0146449
0146450
0146451
0146457
0146461
0146464
0146467
0146468
0146474
0146475
0146478
0146480
0146481
0146485
0146487
0146488
0146489
0146491
0146492
0146493
0146494
0146497
0146498
0146499
0146502
0146507
0146508
0146510
0146511
0146512
0146513
0146515
0146516
0146521
0146524
0146525
0146528
0146530
0146531
0146538
0146539
0146542
0146548
0146549
0146550
0146561
0146562
0146563
0146573
0146575
0146576
0146579
0146580
0146587
0146588
0146589
0146590
0146595
0146600
0146602
0146603
0146606
0146607
0146608
0146609
0146610
0146626
0146629
0146630
0146631
0146634
0146636
0146637
0146638
0146639
0146640
0146643
0146644
0146646
0146647
0146651
0146659
0146665
0146667
0146668
0146669
0146670
0146677
0146678
0146679
0146680
0146682
0146690
0146691
0146694
0146697
0146700
0146701
0146702
0146704
0146705
0146711
0146724
0146725
0146726
0146730
0146731
0146739
0146740
0146741
0146758
0146759
0146760
0146761
0146766
0146770
0146772
0146773
0146782
0146786
0146788
0146789
0146792
0146793
0146794
0146795
0146797
0146798
0146804
0146806
0146808
0146809
0146810
0146811
0146812
0146820
0146821
0146822
0146824
0146825
0146826
0146827
0146828
0146829
0146830
0146833
0146834
0146840
0146841
0146843
0146844
0146848
0146849
0146850
0146851
0146854
0146856
0146857
0146858
0146859
0146860
0146861
0146862
0146864
0146868
0146869
0146875
0146876
0146877
0146878
0146884
0146885
0146887
0146888
0146889
0146890
0146894
0146897
0146899
0146900
0146901
0146904
0146906
0146909
0146910
0146911
0146912
0146913
0146916
0146921
0146923
0146925
0146927
0146929
0146930
0146931
0146932
0146934
0146936
0146938
0146939
0146940
0146941
0146943
0146944
0146950
0146951
0146953
0146954
0146955
0146956
0146957
0146959
0146960
0146961
0146962
0146963
0146965
0146966
0146967
0146968
0146969
0146970
0146971
0146972
0146976
0146977
0146985
0146986
0146987
0146988
0146989
0146990
0146991
0146992
0146994
0146995
0146997
0146998
0148002
0148004
0148005
0148007
0148010
0148011
0148014
0148016
0148023
0148025
0148027
0148028
0148030
0148032
0148034
0148035
0148039
0148040
0148047
0148049
0148051
0148054
0148059
0148062
0148067
0148074
0148075
0148080
0148086
0148091
0148098
0148102
0148108
0148110
0148112
0148114
0148117
0148122
0148125
0148126
0148127
0148132
0148141
0148147
0148155
0148158
0148161
0148163
0148171
0148174
0148192
0148201
0148203
0148211
0148221
0148222
0148226
0148232
0148234
0148237
0148240
0148244
0148251
0148253
0148256
0148265
0148268
0148269
0148271
0148275
0148276
0148277
0148279
0148286
0148290
0148291
0148293
0148294
0148296
0148298
0148307
0148308
0148309
0148310
0148314
0148316
0148318
0148320
0148323
0148333
0148343
0148345
0148358
0148359
0148361
0148363
0148364
0148370
0148374
0148378
0148380
0148383
0148397
0148402
0148408
0148413
0148416
0148420
0148421
0148428
0148432
0148435
0148437
0148438
0148445
0148452
0148454
0148457
0148459
0148461
0148463
0148464
0148465
0148468
0148469
0148470
0148471
0148476
0148477
0148478
0148479
0148480
0148481
0148484
0148487
0148488
0148489
0148490
0148492
0148493
0148494
0148495
0148496
0148497
0148498
0148499
0148500
0148503
0148504
0148506
0148507
0148508
0148510
0148511
0148512
0148513
0148516
0148517
0148519
0148521
0148523
0148524
0148525
0148527
0148528
0148529
0148530
0148532
0148534
0148535
0148536
0148537
0148539
0148540
0148542
0148543
0148544
0148545
0148549
0148550
0148553
0148556
0148558
0148559
0148560
0148561
0148562
0148563
0148564
0148566
0148567
0148568
0148569
0148570
0148572
0148573
0148574
0148575
0148576
0148577
0148578
0148579
0148580
0148581
0148582
0148583
0148584
0148585
0148586
0148587
0148588
0148589
0148590
0148591
0148593
0148594
0148595
0148597
0148598
0148599
0148602
0148603
0148604
0148605
0148606
0148607
0148608
0148609
0148610
0148611
0148612
0148613
0148614
0148615
0148616
0148617
0148618
0148619
0148620
0148621
0148622
0148623
0148624
0148625
0148626
0148627
0148628
0148629
0148631
0148632
0148633
0148634
0148636
0148638
0148639
0148640
0148641
0148642
0148643
0148644
0148645
0148646
0148648
0148650
0148651
0148652
0148653
0148654
0148655
0148657
0148658
0148659
0148660
0148661
0148662
0148663
0148664
0148665
0148666
0148667
0148668
0148669
0148670
0148671
0148674
0148675
0148676
0148677
0148678
0148679
0148681
0148682
0148683
0148685
0148686
0148687
0148689
0148690
0148693
0148694
0148695
0148697
0148698
0148699
0148700
0148701
0148702
0148703
0148704
0148705
0148706
0148707
0148708
0148709
0148710
0148711
0148712
0148714
0148715
0148716
0148717
0148718
0148720
0148722
0148723
0148724
0148725
0148728
0148730
0148733
0148734
0148735
0148736
0148737
0148738
0148739
0148740
0148741
0148742
0148744
0148745
0148746
0148747
0148749
0148750
0148751
0148752
0148753
0148754
0148755
0148756
0148757
0148759
0148760
0148761
0148763
0148764
0148765
0148766
0148768
0148769
0148770
0148771
0148772
0148773
0148774
0148775
0148776
0148777
0148778
0148779
0148780
0148781
0148782
0148783
0148784
0148785
0148786
0148787
0148788
0148789
0148791
0148792
0148793
0148794
0148795
0148796
0148797
0148798
0148799
0148800
0148801
0148802
0148803
0148804
0148805
0148806
0148808
0148809
0148810
0148811
0148812
0148813
0148814
0148815
0148816
0148817
0148818
0148819
0148820
0148821
0148822
0148823
0148824
0148825
0148826
0148828
0148829
0148830
0148831
0148832
0148833
0148834
0148836
0148838
0148839
0148840
0148841
0148842
0148843
0148844
0148845
0148846
0148847
0148850
0148852
0148854
0148855
0148856
0148857
0148858
0148859
0148860
0148861
0148862
0148863
0148865
0148866
0148867
0148868
0148869
0148870
0148871
0148872
0148873
0148874
0148875
0148877
0148879
0148880
0148881
0148882
0148884
0148886
0148888
0148889
0148891
0148892
0148894
0148895
0148896
0148897
0148899
0148900
0148901
0148904
0148906
0148907
0148909
0148910
0148912
0148913
0148914
0148916
0148918
0148919
0148920
0148922
0148924
0148926
0148927
0148930
0148931
0148934
0148935
0148936
0148938
0148939
0148940
0148942
0148945
0148946
0148949
0148952
0148954
0148957
0148958
0148960
0148961
0148962
0148964
0148965
0148966
0148967
0148968
0148970
0148971
0148972
0148973
0148974
0148976
0148977
0148978
0148980
0148981
0148982
0148983
0148984
0148985
0148986
0148987
0148988
0148989
0148990
0148991
0148992
0148993
0148994
0148995
0148997
0148999
0149018
0149021
0149051
0149091
0149103
0149104
0149112
0149128
0149139
0149166
0149194
0149208
0149247
0149252
0149256
0149258
0149320
0149321
0149350
0149358
0149363
0149390
0149407
0149428
0149431
0149435
0149436
0149462
0149467
0149478
0149491
0149509
0149545
0149553
0149560
0149564
0149565
0149566
0149568
0149581
0149613
0149615
0149625
0149632
0149635
0149636
0149638
0149642
0149645
0149646
0149647
0149648
0149649
0149651
0149662
0149671
0149674
0149676
0149677
0149683
0149693
0149697
0149700
0149703
0149704
0149710
0149711
0149713
0149714
0149715
0149717
0149719
0149730
0149732
0149734
0149737
0149741
0149743
0149746
0149748
0149750
0149755
0149763
0149765
0149767
0149771
0149774
0149776
0149780
0149783
0149786
0149790
0149792
0149794
0149796
0149798
0149802
0149804
0149805
0149808
0149811
0149812
0149813
0149815
0149816
0149818
0149826
0149832
0149834
0149845
0149847
0149848
0149853
0149871
0149881
0149885
0149887
0149890
0149891
0149893
0149895
0149899
0149901
0149906
0149911
0149914
0149915
0149916
0149918
0149920
0149923
0149927
0149929
0149931
0149934
0149938
0149939
0149940
0149943
0149945
0149946
0149951
0149953
0149954
0149957
0149958
0149967
0149970
0149974
0149976
0149980
0149981
0149984
0149990
0149991
0149997
0149999
0500004
0500005
0500007
0500008
0500009
0500010
0500011
0500012
0500013
0500014
0500015
0500017
0500021
0500022
0500023
0500028
0500029
0500030
0500031
0500032
0500033
0500035
0500036
0500037
0500038
0500039
0500040
0500042
0500043
0500044
0500045
0500047
0500048
0500050
0500055
0500056
0500058
0500064
0500066
0500068
0500070
0500072
0500074
0500075
0500078
0500080
0500081
0500082
0500085
0500086
0500088
0500091
0500092
0500093
0500094
0500096
0500097
0500098
0500100
0500101
0500102
0500103
0500104
0500105
0500106
0500107
0500108
0500110
0500111
0500112
0500113
0500115
0500116
0500117
0500120
0500122
0500123
0500124
0500125
0500129
0500130
0500132
0500133
0500135
0500137
0500138
0500139
0500141
0500145
0500146
0500147
0500149
0500151
0500156
0500158
0500159
0500161
0500162
0500163
0500164
0500165
0500166
0500167
0500168
0500169
0500170
0500171
0500172
0500173
0500175
0500177
0500179
0500181
0500182
0500183
0500185
0500186
0500187
0500188
0500189
0500190
0500192
0500193
0500194
0500195
0500196
0500197
0500198
0500199
0500201
0500203
0500204
0500208
0500209
0500210
0500213
0500214
0500216
0500217
0500218
0500220
0500221
0500222
0500223
0500225
0500226
0500227
0500229
0500231
0500238
0500239
0500240
0500241
0500242
0500243
0500244
0500245
0500247
0500248
0500249
0500251
0500252
0500254
0500256
0500257
0500258
0500260
0500261
0500262
0500263
0500264
0500265
0500266
0500267
0500269
0500270
0500273
0500274
0500275
0500276
0500277
0500278
0500279
0500280
0500281
0500283
0500284
0500285
0500287
0500288
0500289
0500291
0500292
0500294
0500296
0500297
0500298
0500299
0500300
0500301
0500302
0500303
0500304
0500305
0500306
0500308
0500310
0500312
0500314
0500316
0500318
0500319
0500320
0500321
0500323
0500324
0500325
0500326
0500327
0500328
0500329
0500331
0500332
0500333
0500334
0500336
0500337
0500338
0500339
0500340
0500341
0500342
0500343
0500344
0500345
0500346
0500347
0500349
0500350
0500351
0500352
0500353
0500354
0500355
0500356
0500357
0500359
0500361
0500362
0500363
0500364
0500366
0500367
0500368
0500369
0500370
0500372
0500374
0500376
0500377
0500378
0500380
0500381
0500382
0500383
0500384
0500386
0500388
0500390
0500391
0500392
0500394
0500396
0500397
0500398
0500400
0500402
0500403
0500405
0500407
0500408
0500409
0500411
0500412
0500413
0500414
0500415
0500416
0500417
0500418
0500419
0500420
0500421
0500423
0500424
0500426
0500427
0500428
0500430
0500431
0500432
0500434
0500435
0500436
0500437
0500438
0500439
0500440
0500441
0500443
0500444
0500445
0500446
0500447
0500448
0500449
0500450
0500451
0500452
0500453
0500454
0500455
0500456
0500457
0500459
0500460
0500461
0500462
0500463
0500464
0500465
0500466
0500467
0500468
0500469
0500470
0500471
0500472
0500474
0500476
0500478
0500480
0500481
0500482
0500484
0500485
0500486
0500487
0500489
0500490
0500491
0500492
0500494
0500495
0500497
0500498
0500499
0500500
0500501
0500503
0500504
0500505
0500506
0500507
0500509
0500511
0500513
0500515
0500516
0500517
0500518
0500519
0500520
0500522
0500523
0500524
0500525
0500526
0500528
0500530
0500532
0500533
0500534
0500535
0500536
0500537
0500538
0500539
0500541
0500542
0500543
0500545
0500546
0500548
0500550
0500551
0500552
0500553
0500554
0500556
0500557
0500558
0500559
0500560
0500561
0500562
0500564
0500566
0500567
0500568
0500570
0500571
0500572
0500573
0500574
0500575
0500576
0500577
0500578
0500579
0500580
0500581
0500582
0500583
0500584
0500585
0500586
0500587
0500588
0500589
0500591
0500593
0500594
0500595
0500596
0500597
0500598
0500599
0500601
0500602
0500603
0500604
0500605
0500606
0500608
0500609
0500610
0500611
0500613
0500615
0500616
0500617
0500618
0500620
0500621
0500622
0500623
0500624
0500625
0500626
0500627
0500628
0500629
0500630
0500631
0500632
0500633
0500634
0500636
0500637
0500639
0500640
0500642
0500643
0500644
0500645
0500646
0500647
0500648
0500649
0500650
0500652
0500655
0500656
0500658
0500659
0500660
0500661
0500662
0500663
0500664
0500665
0500666
0500667
0500669
0500670
0500672
0500673
0500674
0500675
0500676
0500677
0500678
0500679
0500680
0500681
0500682
0500683
0500685
0500687
0500689
0500690
0500691
0500692
0500693
0500694
0500696
0500698
0500699
0500700
0500701
0500703
0500705
0500706
0500707
0500708
0500710
0500711
0500712
0500713
0500715
0500716
0500717
0500718
0500720
0500721
0500722
0500723
0500725
0500726
0500727
0500728
0500729
0500730
0500731
0500732
0500733
0500734
0500735
0500737
0500739
0500740
0500741
0500742
0500743
0500745
0500747
0500749
0500750
0500753
0500755
0500757
0500760
0500762
0500763
0500764
0500766
0500767
0500768
0500769
0500770
0500771
0500772
0500773
0500774
0500775
0500776
0500778
0500779
0500780
0500781
0500782
0500783
0500784
0500785
0500786
0500787
0500788
0500789
0500790
0500791
0500792
0500793
0500794
0500795
0500796
0500797
0500798
0500799
0500800
0500801
0500802
0500803
0500804
0500805
0500806
0500807
0500808
0500809
0500810
0500812
0500814
0500815
0500816
0500817
0500818
0500819
0500821
0500822
0500825
0500826
0500827
0500829
0500830
0500831
0500832
0500833
0500835
0500837
0500838
0500839
0500840
0500841
0500844
0500845
0500846
0500847
0500848
0500849
0500850
0500851
0500853
0500854
0500855
0500856
0500857
0500858
0500859
0500860
0500861
0500862
0500863
0500864
0500866
0500867
0500868
0500869
0500870
0500871
0500872
0500873
0500875
0500877
0500878
0500879
0500880
0500882
0500883
0500884
0500885
0500886
0500888
0500889
0500890
0500891
0500892
0500893
0500894
0500896
0500897
0500899
0500900
0500901
0500903
0500905
0500906
0500907
0500910
0500911
0500912
0500913
0500914
0500915
0500916
0500917
0500918
0500919
0500920
0500922
0500923
0500925
0500926
0500928
0500930
0500931
0500932
0500933
0500934
0500935
0500936
0500937
0500938
0500939
0500940
0500942
0500943
0500944
0500945
0500946
0500947
0500948
0500949
0500950
0500952
0500953
0500955
0500956
0500957
0500958
0500959
0500960
0500961
0500962
0500963
0500964
0500965
0500966
0500967
0500968
0500969
0500970
0500972
0500974
0500975
0500976
0500977
0500978
0500980
0500981
0500982
0500983
0500985
0500986
0500987
0500988
0500989
0500990
0500991
0500992
0500993
0500995
0500996
0500998
0501000
0501002
0501003
0501005
0501007
0501009
0501010
0501011
0501013
0501014
0501015
0501016
0501017
0501018
0501019
0501020
0501021
0501022
0501023
0501025
0501026
0501027
0501028
0501029
0501031
0501032
0501033
0501034
0501035
0501036
0501038
0501039
0501040
0501041
0501042
0501044
0501046
0501047
0501048
0501050
0501054
0501055
0501056
0501057
0501059
0501060
0501061
0501063
0501065
0501066
0501070
0501072
0501073
0501074
0501075
0501076
0501077
0501079
0501080
0501081
0501082
0501088
0501089
0501090
0501094
0501096
0501098
0501099
0501100
0501101
0501102
0501103
0501104
0501105
0501106
0501108
0501109
0501110
0501111
0501112
0501113
0501114
0501115
0501116
0501117
0501118
0501119
0501120
0501122
0501123
0501125
0501126
0501127
0501128
0501129
0501130
0501131
0501132
0501133
0501142
0501143
0501144
0501146
0501147
0501152
0501156
0501157
0501168
0501169
0501170
0501171
0501182
0501183
0501184
0501186
0501187
0501188
0520000
0520001
0520002
0520003
0520004
0520005
0520006
0520008
0520009
0520010
0520011
0520012
0520013
0520014
0520015
0520016
0520017
0520019
0520020
0520021
0520022
0520023
0520024
0520025
0520026
0520027
0520028
0520029
0520030
0520031
0520032
0520033
0520034
0520035
0520036
0520037
0520039
0520040
0520042
0520043
0520044
0520045
0520047
0520048
0520049
0520050
0520051
0520052
0520053
0520054
0520055
0520056
0520057
0520058
0520059
0520060
0520061
0520062
0520063
0520064
0520065
0520066
0520067
0520068
0520069
0520070
0520072
0520073
0520074
0520076
0520077
0520078
0520079
0520080
0520081
0520082
0520083
0520084
0520085
0520086
0520087
0520088
0520089
0520090
0520091
0520092
0520093
0520094
0520096
0520097
0520098
0520099
0520100
0520101
0520102
0520103
0520104
0520105
0520106
0520107
0520108
0520109
0520110
0520111
0520112
0520113
0520114
0520115
0520116
0520117
0520118
0520119
0520120
0520121
0520122
0520123
0520125
0520126
0520127
0520128
0520129
0520130
0520131
0520132
0520133
0520134
0520135
0520136
0520137
0520138
0520139
0520140
0520141
0520142
0520143
0520144
0520146
0520147
0520148
0520149
0520150
0520151
0520152
0520153
0520154
0520155
0520156
0520157
0520159
0520160
0520161
0520162
0520163
0520164
0520166
0520167
0520169
0520170
0520171
0520172
0520173
0520174
0520175
0520176
0520177
0520178
0520179
0520180
0520181
0520182
0520183
0520184
0520185
0520186
0520187
0520188
0520189
0520190
0520191
0520192
0520193
0520194
0520195
0520196
0520197
0520198
0520199
0520200
0520201
0520202
0520203
0520204
0520205
0520206
0520207
0520208
0520209
0520210
0520211
0520212
0520213
0520214
0520215
0520216
0520217
0520218
0520219
0520220
0520222
0520223
0520224
0520225
0520226
0520227
0520228
0520229
0520230
0520231
0520232
0520233
0520235
0520236
0520237
0520238
0520240
0520241
0520242
0520243
0520244
0520245
0520246
0520247
0520248
0520249
0520250
0520251
0520252
0520253
0520254
0520255
0520256
0520257
0520258
0520260
0520261
0520262
0520263
0520264
0520265
0520266
0520267
0520268
0520269
0520271
0520272
0520273
0520274
0520275
0520276
0520277
0520278
0520279
0520280
0520281
0520282
0520283
0520284
0520285
0520286
0520288
0520289
0520290
0520291
0520292
0520293
0520294
0520295
0520296
0520297
0520298
0520299
0520300
0520301
0520302
0520303
0520304
0520305
0520306
0520307
0520308
0520309
0520310
0520311
0520312
0520313
0520314
0520315
0520316
0520317
0520318
0520319
0520320
0520321
0520322
0520323
0520324
0520325
0520326
0520327
0520329
0520330
0520332
0520333
0520334
0520335
0520336
0520337
0520338
0520339
0520340
0520341
0520342
0520343
0520344
0520345
0520346
0520347
0520348
0520349
0520350
0520351
0520352
0520353
0520354
0520355
0520356
0520357
0520358
0520359
0520360
0520361
0520362
0520363
0520364
0520365
0520366
0520367
0520368
0520369
0520370
0520371
0520373
0520374
0520375
0520376
0520379
0520380
0520381
0520382
0520383
0520384
0520385
0520386
0520387
0520388
0520389
0520390
0520391
0520392
0520393
0520394
0520395
0520396
0520397
0520398
0520399
0520400
0520401
0520402
0520403
0520404
0520406
0520407
0520408
0520409
0520411
0520412
0520413
0520415
0520416
0520418
0520419
0520420
0520421
0520422
0520423
0520424
0520425
0520426
0520427
0520428
0520429
0520430
0520432
0520433
0520434
0520435
0520436
0520437
0520438
0520439
0520440
0520441
0520442
0520443
0520444
0520445
0520446
0520447
0520448
0520449
0520450
0520451
0520452
0520453
0520454
0520455
0520456
0520457
0520458
0520459
0520460
0520462
0520463
0520464
0520466
0520467
0520468
0520470
0524000
0524001
0524002
0524003
0524005
0524006
0524007
0524008
0524011
0524012
0524013
0524014
0524015
0524016
0524017
0524018
0524019
0524021
0524022
0524023
0524024
0524025
0524026
0524027
0524028
0524029
0524030
0524031
0524032
0524033
0524034
0524036
0524037
0524038
0524039
0524040
0524041
0524042
0524043
0524044
0524045
0524046
0524048
0524050
0524051
0524053
0524054
0524056
0524057
0524060
0524061
0524062
0524063
0524064
0524065
0524066
0524067
0524069
0524070
0524073
0524074
0524075
0524076
0524077
0524078
0524079
0524080
0524081
0524082
0524083
0524085
0524086
0524087
0524088
0524089
0524090
0524091
0524092
0524093
0524094
0524095
0524097
0524098
0524099
0524100
0524101
0524102
0524103
0524105
0524106
0524107
0524108
0524109
0524111
0524112
0524114
0524115
0524116
0524117
0524118
0524119
0524120
0524121
0524122
0524123
0524125
0524127
0524129
0524131
0524132
0524134
0524136
0524137
0524138
0524141
0524142
0524143
0524144
0524145
0524146
0524148
0524149
0524151
0524152
0524153
0524154
0524155
0524157
0524158
0524161
0524164
0524165
0524167
0524168
0524169
0524171
0524172
0524173
0524174
0524175
0524176
0524177
0524178
0524179
0524180
0524183
0524184
0524185
0524186
0524187
0524189
0524190
0524191
0524193
0524194
0524195
0524196
0524197
0524198
0524199
0524200
0524201
0524203
0524204
0524205
0524206
0524208
0524209
0524210
0524211
0524212
0524213
0524214
0524215
0524217
0524218
0524219
0524220
0524221
0524223
0524224
0524225
0524226
0524227
0524229
0524230
0524231
0524233
0524234
0524235
0524237
0524238
0524239
0524240
0524241
0524242
0524243
0524244
0524245
0524246
0524247
0524248
0524250
0524251
0524252
0524253
0524254
0524256
0524257
0524258
0524259
0524261
0524262
0524263
0524264
0524265
0524268
0524269
0524270
0524271
0524273
0524274
0524275
0524277
0524279
0524280
0524281
0524282
0524283
0524284
0524285
0524286
0524287
0524288
0524289
0524290
0524292
0524293
0524295
0524296
0524297
0524298
0524299
0524300
0524301
0524302
0524304
0524305
0524306
0524308
0524309
0524310
0524311
0524313
0524314
0524315
0524316
0524317
0524318
0524319
0524320
0524321
0524322
0524324
0524325
0524326
0524327
0524328
0524329
0524330
0524331
0524333
0524334
0524335
0524336
0524337
0524339
0524340
0524341
0524342
0524343
0524344
0524345
0524346
0524348
0524349
0524350
0524351
0524352
0524354
0524355
0524356
0524358
0524360
0524362
0524364
0524365
0524366
0524367
0524368
0524369
0524370
0524371
0524372
0524373
0524374
0524375
0524376
0524378
0524381
0524382
0524383
0524384
0524385
0524386
0524387
0524388
0524390
0524393
0524394
0524395
0524396
0524398
0524399
0524400
0524401
0524402
0524403
0524404
0524405
0524406
0524407
0524408
0524409
0524411
0524414
0524415
0524416
0524417
0524419
0524420
0524421
0524422
0524423
0524424
0524425
0524426
0524427
0524428
0524429
0524430
0524431
0524432
0524433
0524435
0524436
0524437
0524438
0524439
0524440
0524441
0524443
0524444
0524445
0524446
0524447
0524448
0524449
0524450
0524452
0524453
0524454
0524456
0524458
0524459
0524460
0524461
0524462
0524463
0524464
0524465
0524467
0524468
0524469
0524470
0524471
0524472
0524474
0524475
0524476
0524477
0524479
0524480
0524483
0524484
0524486
0524487
0524488
0524489
0524490
0524491
0524492
0524493
0524494
0524496
0524497
0524498
0524500
0524503
0524504
0524505
0524506
0524507
0524508
0524509
0524510
0524511
0524512
0524513
0524514
0524515
0524516
0524517
0524518
0524519
0524520
0524521
0524522
0524523
0524525
0524526
0524527
0524528
0524529
0524530
0524531
0524532
0524533
0524534
0524535
0524536
0524537
0524538
0524539
0524540
0524541
0524542
0524543
0524544
0524545
0524546
0524547
0524548
0524549
0524550
0524551
0524552
0524553
0524554
0524555
0524557
0524558
0524559
0524560
0524561
0524562
0524563
0524564
0524565
0524567
0524568
0524569
0524570
0524571
0524572
0524573
0524574
0524575
0524577
0524578
0524579
0524580
0524581
0524582
0524583
0524584
0524585
0524587
0524588
0524589
0524590
0524591
0524592
0524593
0524595
0524596
0524598
0524599
0524600
0524601
0524603
0524605
0524606
0524607
0524609
0524610
0524611
0524612
0524613
0524614
0524615
0524616
0524617
0524618
0524619
0524620
0524621
0524622
0524623
0524624
0524625
0524626
0524627
0524628
0524630
0524631
0524632
0524634
0524635
0524636
0524637
0524638
0524639
0524640
0524641
0524642
0524644
0524645
0524646
0524647
0524648
0524649
0524650
0524652
0524653
0524654
0524655
0524657
0524658
0524659
0524660
0524661
0524662
0524663
0524664
0524665
0524666
0524668
0524669
0524670
0524671
0524672
0524673
0524674
0524676
0524677
0524678
0524679
0524680
0524681
0524682
0524683
0524684
0524686
0524687
0524688
0524689
0524691
0524692
0524693
0524694
0524695
0524696
0524697
0524698
0524699
0524700
0524701
0524702
0524703
0524704
0524705
0524707
0524708
0524709
0524710
0524711
0524712
0524713
0524714
0524715
0524716
0524717
0524719
0524720
0524721
0524722
0524723
0524724
0524725
0524726
0524727
0524729
0524730
0524731
0524732
0524733
0524734
0524735
0524737
0524738
0524739
0524740
0524741
0524742
0524744
0524745
0524746
0524747
0524748
0524749
0524750
0524751
0524752
0524753
0524754
0524756
0524757
0524758
0524759
0524760
0524761
0524762
0524763
0524764
0524765
0524766
0524767
0524769
0524770
0524771
0524773
0524774
0524775
0524776
0524777
0524778
0524779
0524780
0524781
0524782
0524783
0524784
0524785
0524787
0524788
0524789
0524790
0524791
0524792
0524793
0524794
0524795
0524796
0524797
0524798
0524799
0524800
0524801
0524802
0524803
0524804
0524805
0524806
0524807
0524808
0524809
0524810
0524812
0524813
0524814
0524815
0524816
0524817
0524818
0524819
0524820
0524821
0524822
0524823
0524824
0524825
0524826
0524827
0524828
0524829
0524830
0524831
0524832
0524833
0524834
0524835
0524836
0524837
0524838
0524839
0524840
0524841
0524842
0524843
0524844
0524845
0524846
0524847
0524848
0524849
0524850
0524851
0524852
0524853
0524854
0524855
0524857
0524858
0524859
0524860
0524861
0524862
0524863
0524864
0524865
0524866
0524867
0524868
0524869
0524870
0524871
0524872
0524873
0524874
0524875
0524876
0524877
0524878
0524879
0524881
0524882
0524883
0524884
0524885
0524886
0524887
0524889
0524890
0524891
0524892
0524893
0524895
0524896
0524898
0524899
0524900
0524901
0524902
0524903
0524904
0524906
0524908
0524909
0524910
0524911
0524913
0524914
0524915
0524916
0524917
0524918
0524919
0524920
0524921
0524922
0524923
0524924
0524925
0524926
0524927
0524928
0524929
0524930
0524932
0524933
0524936
0524937
0524938
0524939
0524940
0524942
0524943
0524944
0524945
0524947
0524948
0524949
0524951
0524952
0524953
0524954
0524955
0524956
0524957
0524958
0524959
0524960
0524961
0524962
0524963
0524964
0524965
0524966
0524967
0524968
0524969
0524970
0524971
0524972
0524973
0524974
0524975
0524976
0524977
0524978
0524979
0524980
0524981
0524982
0524983
0524984
0524985
0524986
0524987
0524988
0524989
0524990
0524991
0524994
0524996
0524997
0524999
0525000
0525007
1115010
1115011
1115014
1115021
1115026
1115028
1115040
1115041
1115047
1115048
1115051
1115059
1115062
1115072
1115082
1115092
1115102
1115108
1115120
1115128
1115131
1115136
1115150
1115172
1115174
1115177
1115182
1115191
1115202
1115208
1115210
1115216
1115227
1115235
1115238
1115258
1115261
1115263
1115266
1115282
1115295
1115308
1115315
1115323
1115328
1115331
1115335
1115338
1115343
1115347
1115360
1115363
1115368
1115374
1115377
1115380
1115381
1115386
1115392
1115395
1115406
1115407
1115418
1115419
1115425
1115441
1115455
1115461
1115471
1115474
1115477
1115479
1115483
1115484
1115486
1115488
1115495
1115498
1115509
1115514
1115515
1115518
1115523
1115526
1115537
1115538
1115544
1115549
1115550
1115552
1115557
1115559
1115563
1115571
1115576
1115579
1115582
1115586
1115587
1115596
1115608
1115619
1115622
1115623
1115626
1115632
1115635
1115643
1115644
1115645
1115650
1115652
1115654
1115664
1115665
1115669
1115678
1115681
1115682
1115684
1115687
1115689
1115690
1115691
1115696
1115713
1115719
1115726
1115729
1115734
1115745
1115753
1115762
1115769
1115772
1115775
1115777
1115783
1115785
1115802
1115806
1115815
1115818
1115821
1115822
1115823
1115824
1115830
1115831
1115834
1115836
1115837
1115838
1115840
1115844
1115848
1115849
1115853
1115869
1115870
1115873
1115876
1115879
1115881
1115883
1115891
1115892
1115894
1115901
1115904
1115911
1115914
1115916
1115925
1115927
1115928
1115931
1115933
1115937
1115940
1115941
1115945
1115947
1115952
1115954
1115955
1115956
1115957
1115958
1115960
1115961
1115968
1115969
1115971
1115973
1115975
1115977
1115979
1115981
1115984
1115985
1115986
1115987
1115989
1115993
1115994
1115995
1115997
1115998
1120303
1122393
1122397
1122401
1122405
1122417
1122424
1122460
1122475
1122494
1122496
1122498
1122667
1122690
1122737
1122771
1124154
1124285
1124411
1124416
1124603
1124662
1124720
1124966
1127001
1127017
1127149
1127175
1127240
1127258
1127305
1127459
1127501
1127537
1127544
1127557
1127559
1127573
1127574
1127589
1127591
1127598
1127617
1127639
1127661
1127686
1127698
1127756
1127769
1127773
1127788
1127802
1127830
1127837
1127866
1132024
1132026
1136033
1136058
1136156
1136160
1136167
1136192
1136244
1136273
1136308
1136346
1136356
1136360
1136361
1136378
1136418
1136433
1136495
1136509
1136532
1136545
1136548
1136564
1136571
1136579
1136610
1136619
1136621
1136624
1136699
1136700
1136709
1136715
1136723
1136735
1136756
1136759
1136762
1136780
1136786
1136789
1136790
1136794
1136803
1136819
1136836
1136869
1136889
1136937
1136939
1137503
1137512
1137514
1137521
1137528
1137529
1137534
1137538
1137540
1137545
1137548
1137550
1137554
1137557
1137560
1137561
1137565
1137570
1137573
1137577
1137581
1137588
1137592
1137599
1137604
1137606
1137607
1137611
1137615
1137616
1137620
1137621
1137622
1137623
1137633
1137635
1137647
1137650
1137657
1137660
1137663
1137675
1137677
1137679
1137688
1137689
1137691
1137694
1137696
1137698
1137700
1137709
1137711
1137712
1137720
1137724
1137725
1137727
1137728
1137733
1137736
1137743
1137745
1137748
1137749
1137752
1137759
1137764
1137765
1137769
1137778
1137783
1137784
1137788
1137791
1137798
1137800
1137801
1137804
1137827
1137830
1137832
1137835
1137840
1137841
1137848
1137849
1137851
1137852
1137856
1137858
1137860
1137870
1137871
1137875
1137891
1137895
1137897
1137906
1137907
1137913
1137915
1137933
1137938
1137943
1137944
1137947
1137952
1137957
1137964
1137969
1137970
1137971
1137981
1137984
1137991
1137992
1137994
1137995
1138502
1138504
1138505
1138510
1138517
1138520
1138522
1138523
1138532
1138536
1138538
1138542
1138555
1138556
1138560
1138569
1138581
1138598
1138603
1138610
1138611
1138624
1138634
1138635
1138652
1138657
1138659
1138664
1138665
1138678
1138696
1138704
1138710
1138726
1138740
1138746
1138757
1138774
1138777
1138789
1138790
1138811
1138817
1138829
1138830
1138834
1138836
1138839
1138842
1138845
1138886
1138893
1138899
1138916
1138920
1138922
1138934
1138936
1138947
1138954
1138956
1138964
1138970
1138971
1138973
1138989
1138995
1138997
1143003
1143007
1143008
1143040
1143055
1143095
1143097
1143106
1143112
1143129
1143150
1143170
1143200
1143233
1143300
1143301
1143302
1143321
1143322
1143387
1143391
1143443
1143509
1143515
1143550
1143551
1143565
1143603
1143604
1143606
1143646
1143661
1143666
1143688
1143693
1143697
1143754
1143755
1143756
1143788
1143798
1143818
1143824
1143839
1143857
1143875
1143879
1143899
1152010
1152011
1152012
1152021
1152024
1152031
1152043
1152051
1152063
1152087
1152100
1152104
1152114
1152122
1152123
1152125
1152126
1152136
1152140
1152141
1152145
1152157
1152164
1152177
1152181
1152197
1152213
1152217
1152226
1152247
1152268
1152271
1152274
1152276
1152284
1152285
1152286
1152289
1152290
1152291
1152292
1152293
1152295
1152296
1152297
1152299
1152302
1152304
1152306
1152307
1152309
1152310
1152311
1152313
1152315
1152316
1152320
1152321
1152322
1152325
1152326
1152329
1152330
1152334
1152335
1152336
1152338
1152339
1152341
1152342
1152343
1152344
1152345
1152346
1152347
1152349
1152350
1152351
1152352
1152354
1152356
1152357
1152358
1152360
1152361
1152363
1152365
1152366
1152370
1152371
1152372
1152373
1152374
1152375
1152376
1152377
1152379
1152380
1152382
1152385
1152386
1152387
1152389
1152390
1152391
1152392
1152393
1152394
1152395
1152397
1152400
1152401
1152404
1152405
1152406
1152408
1152409
1152411
1152412
1152413
1152414
1152415
1152417
1152418
1152419
1152420
1152421
1152423
1152424
1152425
1152426
1152427
1152428
1152429
1152430
1152432
1152433
1152434
1152435
1152436
1152437
1152439
1152440
1152441
1152443
1152444
1152445
1152446
1152448
1152449
1152451
1152452
1152453
1152454
1152455
1152456
1152457
1152459
1152460
1152462
1152463
1152464
1152465
1152466
1152467
1152468
1152469
1152470
1152471
1152474
1152476
1152477
1152478
1152479
1152480
1152482
1152484
1152485
1152486
1152487
1152488
1152490
1152491
1152493
1152494
1152495
1152496
1152497
1152499
1152501
1152503
1152504
1152505
1152506
1152507
1152509
1152510
1152512
1152513
1152514
1152515
1152516
1152517
1152518
1152520
1152522
1152525
1152526
1152528
1152529
1152532
1152536
1152537
1152538
1152539
1152540
1152541
1152542
1152545
1152546
1152547
1152548
1152549
1152551
1152552
1152556
1152557
1152558
1152559
1152560
1152561
1152563
1152564
1152566
1152567
1152568
1152569
1152570
1152571
1152573
1152574
1152575
1152576
1152578
1152579
1152580
1152581
1152582
1152583
1152585
1152586
1152587
1152588
1152589
1152591
1152592
1152593
1152595
1152596
1152599
1152600
1152601
1152602
1152605
1152606
1152609
1152610
1152611
1152612
1152615
1152616
1152619
1152621
1152623
1152624
1152626
1152627
1152628
1152630
1152631
1152632
1152633
1152635
1152637
1152639
1152640
1152641
1152645
1152648
1152649
1152650
1152652
1152654
1152655
1152656
1152659
1152660
1152661
1152663
1152664
1152666
1152667
1152668
1152671
1152672
1152673
1152674
1152675
1152676
1152677
1152679
1152680
1152681
1152682
1152683
1152684
1152685
1152686
1152687
1152688
1152690
1152691
1152692
1152693
1152694
1152696
1152697
1152699
1152701
1152702
1152705
1152707
1152709
1152712
1152713
1152715
1152716
1152718
1152720
1152721
1152722
1152724
1152725
1152728
1152729
1152730
1152731
1152732
1152734
1152735
1152737
1152741
1152743
1152744
1152745
1152747
1152750
1152752
1152753
1152754
1152755
1152756
1152757
1152758
1152759
1152761
1152762
1152763
1152764
1152765
1152768
1152769
1152771
1152773
1152774
1152775
1152776
1152778
1152779
1152780
1152781
1152783
1152784
1152785
1152786
1152787
1152788
1152790
1152791
1152793
1152795
1152797
1152798
1152799
1152800
1152803
1152805
1152806
1152807
1152808
1152810
1152812
1152815
1152817
1152818
1152819
1152820
1152821
1152822
1152824
1152825
1152828
1152829
1152830
1152831
1152833
1152834
1152835
1152838
1152839
1152840
1152841
1152843
1152844
1152848
1152849
1152850
1152853
1152854
1152855
1152856
1152857
1152858
1152859
1152860
1152861
1152862
1152863
1152867
1152868
1152869
1152870
1152871
1152872
1152873
1152874
1152876
1152877
1152879
1152880
1152881
1152882
1152883
1152884
1152891
1152892
1152893
1152894
1152895
1152896
1152897
1152900
1152901
1152902
1152903
1152904
1152905
1152906
1152907
1152908
1152909
1152911
1152912
1152913
1152914
1152915
1152916
1152917
1152918
1152919
1152921
1152923
1152924
1152927
1152928
1152929
1152932
1152933
1152935
1152937
1152938
1152941
1152943
1152944
1152946
1152947
1152948
1152949
1152950
1152951
1152952
1152953
1152955
1152958
1152961
1152962
1152963
1152964
1152965
1152966
1152967
1152968
1152972
1152974
1152975
1152977
1152981
1152982
1152983
1152986
1152988
1152989
1152991
1152992
1152993
1152994
1152995
1152996
1152997
1152998
1152999
1155007
1155009
1155013
1155029
1155039
1155041
1155061
1155090
1155092
1155102
1155103
1155106
1155117
1155145
1155163
1155181
1155195
1155197
1155200
1155205
1155206
1155246
1155250
1155255
1155256
1155265
1155271
1155273
1155278
1155291
1155304
1155349
1155356
1155357
1155391
1155396
1155397
1155399
1155405
1155406
1155407
1155422
1155425
1155448
1155454
1155457
1155476
1155484
1155493
1155500
1155501
1155529
1155530
1155557
1155561
1155585
1155592
1155594
1155606
1155614
1155615
1155627
1155675
1155681
1155688
1155708
1155719
1155739
1155761
1155808
1155817
1155818
1155829
1155831
1155832
1155843
1155865
1155866
1155885
1155923
1155930
1163011
1163012
1163015
1163023
1163025
1163050
1163058
1163100
1163112
1163115
1163123
1163140
1163141
1163142
1163161
1163175
1163182
1163188
1163197
1163199
1163208
1163215
1163216
1163236
1163238
1163248
1163258
1163262
1163275
1163289
1163315
1163316
1163322
1163323
1163324
1163346
1163347
1163376
1163377
1163379
1163382
1163385
1163386
1163388
1163402
1163452
1163460
1163461
1163464
1163472
1163478
1163479
1163492
1163528
1163539
1163540
1163571
1163592
1163603
1163607
1163619
1163625
1163638
1163644
1163659
1163672
1163681
1163683
1163688
1163722
1163761
1163782
1163788
1163901
1163911
1163935
1163941
1163954
1175023
1175049
1175077
1175090
1175093
1175097
1175108
1175125
1175166
1175172
1175181
1175192
1175201
1175214
1175242
1175243
1175259
1175301
1175302
1175317
1175354
1175362
1175366
1175382
1175387
1175393
1175447
1175492
1175505
1175524
1175525
1175549
1175576
1175577
1175602
1175604
1175612
1175613
1175616
1175669
1175670
1175717
1175743
1175762
1175766
1175809
1175837
1175857
1175871
1175884
1175886
1175906
1175926
1175927
1175966
1175972
1175981
1175982
1175995
1184002
1184003
1184004
1184005
1184006
1184007
1184008
1184009
1184010
1184011
1184014
1184015
1184016
1184017
1184018
1184020
1184021
1184022
1184023
1184025
1184026
1184027
1184028
1184029
1184030
1184031
1184033
1184035
1184036
1184037
1184038
1184039
1184041
1184042
1184043
1184044
1184045
1184046
1184047
1184048
1184052
1184053
1184055
1184056
1184057
1184058
1184060
1184061
1184062
1184063
1184064
1184065
1184066
1184067
1184068
1184069
1184070
1184071
1184072
1184073
1184074
1184075
1184076
1184079
1184080
1184081
1184082
1184083
1184084
1184085
1184086
1184088
1184089
1184090
1184092
1184093
1184095
1184097
1184098
1184099
1184100
1184101
1184102
1184103
1184105
1184107
1184108
1184109
1184110
1184112
1184113
1184114
1184116
1184117
1184118
1184119
1184120
1184121
1184124
1184125
1184126
1184127
1184128
1184129
1184130
1184131
1184132
1184133
1184134
1184135
1184136
1184137
1184138
1184139
1184140
1184141
1184142
1184143
1184144
1184145
1184146
1184147
1184149
1184150
1184151
1184152
1184153
1184154
1184155
1184156
1184157
1184158
1184159
1184160
1184161
1184165
1184166
1184167
1184168
1184169
1184170
1184172
1184174
1184175
1184177
1184178
1184180
1184181
1184182
1184183
1184184
1184185
1184186
1184187
1184188
1184189
1184190
1184192
1184193
1184194
1184195
1184197
1184198
1184199
1184201
1184202
1184203
1184204
1184205
1184206
1184207
1184208
1184209
1184210
1184211
1184212
1184213
1184214
1184216
1184217
1184218
1184219
1184220
1184221
1184222
1184223
1184224
1184225
1184226
1184227
1184228
1184229
1184230
1184231
1184232
1184233
1184235
1184236
1184237
1184238
1184239
1184240
1184243
1184244
1184245
1184246
1184247
1184248
1184249
1184250
1184251
1184252
1184253
1184254
1184255
1184256
1184258
1184259
1184260
1184261
1184262
1184263
1184264
1184265
1184266
1184267
1184268
1184269
1184270
1184271
1184272
1184273
1184274
1184275
1184276
1184277
1184278
1184280
1184281
1184282
1184283
1184284
1184285
1184286
1184287
1184289
1184290
1184291
1184292
1184294
1184295
1184296
1184297
1184298
1184299
1184300
1184301
1184302
1184303
1184304
1184305
1184307
1184308
1184309
1184310
1184312
1184313
1184314
1184315
1184316
1184317
1184318
1184319
1184320
1184321
1184322
1184323
1184324
1184325
1184326
1184327
1184328
1184329
1184331
1184332
1184333
1184334
1184336
1184337
1184338
1184339
1184340
1184341
1184342
1184343
1184344
1184345
1184347
1184349
1184350
1184351
1184352
1184353
1184354
1184355
1184356
1184357
1184358
1184359
1184360
1184361
1184362
1184363
1184364
1184365
1184366
1184367
1184368
1184370
1184371
1184372
1184373
1184375
1184376
1184377
1184378
1184379
1184380
1184381
1184382
1184383
1184384
1184385
1184387
1184388
1184389
1184390
1184391
1184393
1184394
1184396
1184397
1184398
1184399
1184400
1184401
1184403
1184404
1184405
1184406
1184407
1184409
1184410
1184412
1184413
1184414
1184415
1184416
1184417
1184418
1184419
1184420
1184421
1184422
1184423
1184424
1184425
1184426
1184428
1184429
1184430
1184431
1184433
1184434
1184435
1184436
1184438
1184439
1184440
1184441
1184442
1184443
1184444
1184445
1184446
1184447
1184448
1184449
1184450
1184451
1184452
1184453
1184454
1184455
1184456
1184457
1184458
1184459
1184460
1184461
1184462
1184463
1184464
1184465
1184466
1184467
1184468
1184469
1184470
1184471
1184472
1184473
1184474
1184476
1184477
1184478
1184479
1184480
1184481
1184482
1184483
1184484
1184485
1184486
1184487
1184488
1184489
1184491
1184492
1184493
1184494
1184495
1184496
1184497
1184498
1184499
1184501
1184502
1184503
1184504
1184505
1184506
1184507
1184509
1184510
1184512
1184513
1184515
1184516
1184517
1184518
1184519
1184520
1184521
1184522
1184523
1184524
1184525
1184526
1184527
1184528
1184529
1184530
1184532
1184535
1184536
1184537
1184538
1184539
1184540
1184541
1184542
1184543
1184544
1184545
1184546
1184547
1184548
1184549
1184550
1184551
1184552
1184553
1184554
1184555
1184557
1184558
1184559
1184560
1184561
1184562
1184563
1184565
1184566
1184567
1184568
1184569
1184570
1184571
1184572
1184573
1184574
1184575
1184576
1184578
1184579
1184581
1184582
1184583
1184584
1184587
1184588
1184589
1184590
1184591
1184592
1184593
1184595
1184596
1184597
1184598
1184599
1184600
1184601
1184602
1184603
1184604
1184606
1184607
1184608
1184609
1184610
1184611
1184612
1184613
1184614
1184615
1184616
1184617
1184618
1184619
1184620
1184621
1184622
1184623
1184624
1184625
1184626
1184627
1184629
1184631
1184633
1184634
1184635
1184636
1184638
1184639
1184640
1184641
1184642
1184643
1184644
1184645
1184646
1184647
1184649
1184650
1184652
1184654
1184655
1184656
1184657
1184658
1184659
1184662
1184663
1184664
1184665
1184666
1184668
1184669
1184671
1184672
1184673
1184674
1184675
1184676
1184677
1184678
1184679
1184680
1184681
1184682
1184683
1184684
1184687
1184688
1184689
1184690
1184691
1184692
1184693
1184694
1184695
1184696
1184697
1184699
1184700
1184701
1184702
1184703
1184704
1184705
1184706
1184707
1184708
1184709
1184710
1184711
1184712
1184713
1184715
1184716
1184717
1184718
1184719
1184720
1184721
1184722
1184723
1184724
1184725
1184726
1184727
1184728
1184729
1184730
1184731
1184733
1184734
1184735
1184736
1184737
1184740
1184741
1184742
1184744
1184745
1184746
1184749
1184751
1184752
1184753
1184754
1184755
1184756
1184757
1184758
1184759
1184760
1184761
1184762
1184763
1184764
1184765
1184767
1184768
1184769
1184770
1184771
1184772
1184773
1184774
1184775
1184776
1184777
1184778
1184779
1184781
1184782
1184783
1184784
1184785
1184786
1184787
1184788
1184791
1184792
1184793
1184794
1184795
1184796
1184797
1184798
1184799
1185004
1185005
1185019
1185038
1185041
1185057
1185061
1185064
1185073
1185074
1185077
1185090
1185091
1185094
1185096
1185102
1185103
1185114
1185116
1185117
1185119
1185134
1185138
1185140
1185147
1185148
1185152
1185156
1185159
1185166
1185186
1185187
1185191
1185196
1185208
1185209
1185210
1185214
1185216
1185224
1185226
1185227
1185228
1185234
1185236
1185241
1185244
1185245
1185249
1185262
1185274
1185275
1185276
1185277
1185279
1185281
1185283
1185298
1185300
1185301
1185307
1185315
1185320
1185324
1185325
1185326
1185327
1185337
1185339
1185342
1185344
1185345
1185347
1185354
1185355
1185357
1185360
1185361
1185362
1185368
1185372
1185373
1185374
1185379
1185383
1185388
1185389
1185391
1185397
1185398
1185399
1185401
1185403
1185406
1185407
1185408
1185415
1185416
1185417
1185418
1185422
1185437
1185438
1185444
1185445
1185454
1185455
1185463
1185464
1185466
1185475
1185482
1185486
1185487
1185491
1185492
1185497
1185498
1185502
1185503
1185506
1185518
1185526
1185531
1185532
1185546
1185548
1185554
1185560
1185561
1185562
1185565
1185569
1185570
1185582
1185583
1185584
1185586
1185591
1185600
1185606
1185608
1185614
1185617
1185618
1185625
1185630
1185633
1185634
1185638
1185639
1185640
1185641
1185650
1185657
1185661
1185670
1185679
1185687
1185691
1185694
1185697
1185704
1185712
1185713
1185715
1185720
1185722
1185729
1185732
1185738
1185739
1185741
1185744
1185746
1185760
1185763
1185764
1185765
1185769
1185770
1185771
1185772
1185773
1185774
1185781
1185782
1185785
1185798
1185805
1185808
1185810
1185815
1185818
1185823
1185826
1185827
1185829
1185831
1185836
1185838
1185840
1185843
1185848
1185850
1185851
1185852
1185858
1185859
1185860
1185865
1185869
1185873
1185874
1185878
1185879
1185881
1185888
1185895
1185896
1185901
1185906
1185909
1185910
1185911
1185912
1185913
1185914
1185917
1185926
1185928
1185940
1185943
1185950
1185951
1185952
1185954
1185968
1185970
1185974
1185981
1185983
1185990
1185992
1185994
1185997
1185999
1188002
1188043
1188069
1188089
1188102
1188136
1188146
1188147
1188189
1188191
1188200
1188204
1188206
1188264
1188289
1188305
1188318
1188325
1188326
1188329
1188364
1188420
1188454
1188499
1188524
1188557
1188561
1188576
1188584
1188619
1188629
1188645
1188682
1188692
1188715
1188727
1188737
1188739
1188745
1188779
1188783
1188792
1188802
1188806
1188811
1188814
1188817
1188818
1188823
1188824
1188828
1188840
1188842
1188845
1188846
1188847
1188860
1188866
1188869
1188873
1188875
1188882
1188886
1188895
1188896
1188902
1188909
1188911
1188912
1188917
1188925
1188927
1188929
1188935
1188942
1188943
1188944
1188946
1188952
1188954
1188955
1188967
1188970
1188976
1188996
1188998
1188999
1240000
1240001
1240002
1240007
1240010
1240017
1240019
1240020
1240021
1240025
1240026
1240029
1240031
1240032
1240034
1240035
1240036
1240038
1240039
1240040
1240043
1240044
1240045
1240046
1240047
1240050
1240051
1240054
1240055
1240056
1240057
1240058
1240059
1240060
1240062
1240064
1240065
1240067
1240069
1240073
1240076
1240077
1240078
1240079
1240080
1240081
1240082
1240083
1240084
1240085
1240086
1240087
1240089
1240093
1240094
1240096
1240097
1240098
1240099
1240100
1240102
1240104
1240105
1240106
1240107
1240109
1240111
1240113
1240114
1240115
1240116
1240117
1240118
1240119
1240120
1240121
1240122
1240123
1240126
1240128
1240132
1240133
1240136
1240137
1240139
1240143
1240144
1240146
1240147
1240148
1240149
1240150
1240151
1240152
1240154
1240155
1240157
1240159
1240160
1240162
1240163
1240164
1240165
1240166
1240168
1240169
1240170
1240171
1240172
1240173
1240175
1240176
1240178
1240179
1240180
1240182
1240183
1240187
1240189
1240190
1240192
1240194
1240196
1240197
1240199
1240201
1240202
1240203
1240205
1240208
1240210
1240211
1240213
1240214
1240217
1240218
1240221
1240222
1240224
1240226
1240227
1240229
1240230
1240234
1240235
1240236
1240237
1240238
1240239
1240242
1240243
1240244
1240246
1240247
1240248
1240249
1240252
1240254
1240255
1240256
1240258
1240261
1240262
1240263
1240264
1240265
1240266
1240269
1240270
1240272
1240273
1240274
1240277
1240278
1240283
1240284
1240285
1240286
1240288
1240289
1240291
1240294
1240298
1240301
1240303
1240304
1240305
1240306
1240307
1240309
1240310
1240312
1240313
1240315
1240318
1240319
1240321
1240322
1240324
1240328
1240329
1240330
1240331
1240332
1240334
1240335
1240337
1240339
1240340
1240341
1240344
1240345
1240346
1240347
1240348
1240349
1240354
1240358
1240359
1240360
1240361
1240362
1240364
1240365
1240366
1240367
1240368
1240370
1240371
1240373
1240376
1240378
1240379
1240380
1240386
1240387
1240389
1240390
1240392
1240395
1240397
1240401
1240402
1240404
1240408
1240409
1240411
1240415
1240416
1240417
1240418
1240421
1240425
1240426
1240427
1240428
1240429
1240430
1240433
1240440
1240441
1240444
1240445
1240448
1240449
1240450
1240451
1240453
1240454
1240456
1240457
1240458
1240459
1240461
1240462
1240463
1240465
1240467
1240469
1240470
1240471
1240473
1240474
1240475
1240476
1240478
1240480
1240481
1240482
1240485
1240486
1240487
1240488
1240489
1240490
1240492
1240493
1240495
1240496
1240497
1240498
1240499
1240500
1240502
1240503
1240505
1240506
1240507
1240508
1240509
1240510
1240511
1240512
1240513
1240514
1240515
1240516
1240517
1240519
1240520
1240521
1240522
1240524
1240525
1240526
1240528
1240529
1240531
1240532
1240534
1240535
1240536
1240538
1240539
1240540
1240541
1240542
1240544
1240546
1240547
1240548
1240549
1240550
1240552
1240553
1240554
1240556
1240557
1240559
1240560
1240561
1240564
1240566
1240567
1240568
1240570
1240572
1240573
1240578
1240580
1240581
1240582
1240584
1240585
1240587
1240589
1240590
1240594
1240595
1240596
1240597
1240598
1240599
1240600
1240601
1240603
1240604
1240606
1240608
1240611
1240612
1240613
1240615
1240616
1240617
1240618
1240620
1240621
1240622
1240623
1240624
1240625
1240626
1240627
1240628
1240630
1240632
1240633
1240634
1240635
1240636
1240637
1240638
1240640
1240641
1240642
1240643
1240644
1240645
1240647
1240648
1240649
1240650
1240651
1240652
1240653
1240654
1240655
1240656
1240657
1240658
1240659
1240660
1240661
1240662
1240663
1240664
1240665
1240666
1240667
1240668
1240669
1240671
1240672
1240673
1240674
1240675
1240676
1240678
1240679
1240680
1240681
1240682
1240685
1240686
1240687
1240688
1240689
1240690
1240691
1240693
1240695
1240696
1240697
1240699
1240700
1240701
1240702
1240703
1240705
1240706
1240707
1240708
1240709
1240710
1240711
1240712
1240713
1240714
1240715
1240717
1240718
1240720
1240722
1240724
1240725
1240726
1240729
1240730
1240731
1240732
1240733
1240734
1240735
1240736
1240737
1240738
1240739
1240740
1240741
1240743
1240744
1240745
1240746
1240747
1240748
1240749
1240750
1240752
1240756
1240757
1240758
1240759
1240760
1240761
1240763
1240764
1240765
1240768
1240770
1240771
1240774
1240775
1240776
1240778
1240780
1240781
1240782
1240783
1240784
1240785
1240787
1240788
1240789
1240790
1240792
1240793
1240796
1240797
1240798
1240799
1240801
1240803
1240804
1240805
1240806
1240808
1240809
1240810
1240811
1240812
1240813
1240814
1240816
1240817
1240819
1240820
1240821
1240824
1240825
1240826
1240827
1240828
1240829
1240830
1240831
1240834
1240836
1240837
1240838
1240839
1240840
1240842
1240843
1240844
1240845
1240846
1240847
1240848
1240849
1240850
1240851
1240852
1240853
1240854
1240855
1240856
1240857
1240858
1240859
1240860
1240861
1240862
1240864
1240867
1240868
1240869
1240870
1240871
1240873
1240874
1240875
1240876
1240878
1240879
1240881
1240883
1240884
1240885
1240886
1240887
1240888
1240889
1240891
1240893
1240895
1240896
1240898
1240899
1240900
1240901
1240902
1240903
1240904
1240905
1240906
1240907
1240908
1240909
1240910
1240912
1240913
1240914
1240915
1240916
1240917
1240918
1240920
1240922
1240923
1240924
1240926
1240927
1240928
1240930
1240931
1240932
1240935
1240936
1240937
1240938
1240939
1240940
1240942
1240946
1240947
1240949
1240950
1240951
1240952
1240953
1240954
1240955
1240956
1240957
1240958
1240960
1240961
1240962
1240963
1240964
1240965
1240966
1240967
1240968
1240969
1240970
1240972
1240974
1240975
1240976
1240977
1240978
1240979
1240980
1240981
1240982
1240983
1240984
1240985
1240986
1240987
1240988
1240990
1240991
1240992
1240993
1240995
1240996
1240997
1240998
1240999
1241000
1241001
1241005
1241006
1241010
1241011
1241012
1241013
1241014
1241015
1241016
1241017
1241018
1241019
1241020
1241021
1241023
1241024
1241025
1241026
1241028
1241029
1241030
1241031
1241032
1241033
1241034
1241035
1241036
1241037
1241038
1241039
1241040
1241041
1241043
1241044
1241045
1241047
1241048
1241050
1241051
1241052
1241053
1241054
1241055
1241056
1241057
1241058
1241060
1241061
1241062
1241063
1241064
1241065
1241066
1241067
1241068
1241069
1241070
1241071
1241073
1241074
1241075
1241076
1241077
1241080
1241081
1241082
1241083
1241084
1241085
1241086
1241088
1241089
1241090
1241091
1241092
1241093
1241094
1241095
1241096
1241097
1241098
1241100
1241102
1241103
1241105
1241107
1241108
1241109
1241110
1241111
1241112
1241113
1241114
1241115
1241116
1241117
1241119
1241120
1241122
1241125
1241127
1241128
1241130
1241131
1241132
1241134
1241135
1241136
1241137
1241139
1241140
1241141
1241142
1241144
1241145
1241146
1241147
1241149
1241150
1241151
1241152
1241153
1241155
1241156
1241157
1241158
1241159
1241160
1241161
1241162
1241163
1241165
1241166
1241167
1241168
1241169
1241170
1241171
1241172
1241173
1241174
1241175
1241176
1241177
1241178
1241180
1241181
1241182
1241183
1241186
1241188
1241189
1241190
1241191
1241192
1241193
1241194
1241195
1241196
1241197
1241198
1241200
1241201
1241202
1241206
1241207
1241208
1241209
1241210
1241211
1241212
1241213
1241214
1241215
1241216
1241218
1241219
1241220
1241221
1241222
1241225
1241226
1241227
1241228
1241229
1241231
1241232
1241234
1241236
1241237
1241238
1241239
1241242
1241243
1241244
1241245
1241246
1241247
1241248
1241249
1241250
1241251
1241252
1241253
1241254
1241256
1241257
1241258
1241259
1241261
1241262
1241263
1241264
1241265
1241266
1241267
1241268
1241270
1241271
1241272
1241273
1241275
1241276
1241277
1241278
1241279
1241280
1241281
1241282
1241283
1241284
1241285
1241287
1241288
1241289
1241290
1241291
1241292
1241293
1241294
1241296
1241297
1241298
1241300
1241301
1241302
1241304
1241305
1241306
1241307
1241308
1241309
1241310
1241311
1241313
1241314
1241315
1241316
1241318
1241319
1241321
1241322
1241323
1241324
1241325
1241326
1241327
1241328
1241329
1241330
1241331
1241332
1241333
1241334
1241335
1241336
1241337
1241338
1241339
1241340
1241341
1241342
1241343
1241344
1241345
1241346
1241347
1241348
1241349
1241350
1241351
1241352
1241353
1241354
1241355
1241356
1241357
1241358
1241359
1241360
1241361
1241362
1241363
1241365
1241367
1241368
1241369
1241370
1241372
1241373
1241374
1241375
1241376
1241377
1241378
1241379
1241380
1241381
1241382
1241385
1241387
1241388
1241390
1241394
1241395
1241396
1241397
1241398
1241399
1241400
1241401
1241402
1241403
1241404
1241405
1241406
1241407
1241409
1241410
1241412
1241413
1241414
1241415
1241417
1241419
1241420
1241421
1241422
1241423
1241424
1241425
1241426
1241427
1241428
1241429
1241430
1241431
1241434
1241435
1241437
1241438
1241439
1241440
1241441
1241444
1241445
1241446
1241447
1241448
1241449
1241450
1241451
1241452
1241453
1241455
1241456
1241458
1241460
1241461
1241462
1241463
1241464
1241468
1241469
1241471
1241472
1241474
1241475
1241478
1241479
1241480
1241481
1241482
1241483
1241484
1241485
1241486
1241487
1241488
1241489
1241490
1241491
1241492
1241493
1241494
1241495
1241496
1241498
1241499
1241500
1241501
1241502
1241503
1241504
1241505
1241506
1241507
1241508
1241511
1241512
1241513
1241514
1241516
1241517
1241519
1241520
1241522
1241523
1241525
1241526
1241528
1241530
1241531
1241532
1241533
1241534
1241535
1241536
1241537
1241538
1241540
1241541
1241544
1241545
1241546
1241547
1241548
1241549
1241551
1241552
1241553
1241554
1241555
1241557
1241558
1241559
1241560
1241562
1241564
1241565
1241566
1241569
1241570
1241572
1241573
1241574
1241575
1241576
1241577
1241578
1241579
1241580
1241581
1241583
1241584
1241586
1241587
1241589
1241591
1241592
1241593
1241594
1241596
1241597
1241598
1241599
1241600
1241601
1241602
1241603
1241604
1241605
1241607
1241608
1241609
1241611
1241612
1241616
1241617
1241618
1241619
1241621
1241622
1241623
1241624
1241625
1241626
1241627
1241628
1241629
1241630
1241632
1241635
1241636
1241637
1241638
1241640
1241641
1241643
1241644
1241645
1241647
1241648
1241649
1241650
1241652
1241653
1241654
1241655
1241656
1241657
1241659
1241660
1241661
1241662
1241663
1241664
1241665
1241666
1241667
1241668
1241669
1241670
1241671
1241672
1241674
1241675
1241676
1241678
1241681
1241682
1241684
1241685
1241687
1241689
1241690
1241692
1241693
1241695
1241696
1241697
1241698
1241700
1241701
1241703
1241704
1241706
1241707
1241708
1241710
1241712
1241714
1241715
1241720
1241722
1241724
1241725
1241727
1241728
1241729
1241732
1241733
1241734
1241735
1241736
1241737
1241738
1241740
1241741
1241743
1241744
1241746
1241749
1241750
1241751
1241752
1241756
1241757
1241758
1241759
1241762
1241765
1241766
1241768
1241770
1241771
1241773
1241774
1241776
1241778
1241779
1241780
1241781
1241782
1241783
1241784
1241785
1241786
1241787
1241789
1241791
1241793
1241794
1241796
1241799
1241801
1241802
1241804
1241808
1241809
1241811
1241813
1241816
1241817
1241819
1241820
1241821
1241823
1241824
1241826
1241827
1241828
1241830
1241832
1241834
1241835
1241837
1241838
1241842
1241843
1241845
1241846
1241847
1241848
1241849
1241851
1241852
1241854
1241857
1241858
1241859
1241861
1241863
1241865
1241866
1241867
1241868
1241869
1241870
1241871
1241872
1241873
1241875
1241877
1241880
1241882
1241883
1241884
1241885
1241886
1241887
1241889
1241890
1241891
1241892
1241893
1241895
1241896
1241898
1241901
1241902
1241904
1241906
1241907
1241908
1241910
1241911
1241912
1241914
1241916
1241921
1241922
1241923
1241924
1241926
1241927
1241928
1241929
1241930
1241931
1241932
1241935
1241936
1241937
1241938
1241939
1241941
1241942
1241943
1241944
1241945
1241946
1241948
1241949
1241952
1241953
1241954
1241955
1241956
1241957
1241958
1241959
1241960
1241961
1241962
1241963
1241966
1241967
1241968
1241969
1241970
1241972
1241973
1241974
1241975
1241976
1241977
1241978
1241979
1241980
1241981
1241983
1241985
1241986
1241987
1241988
1241989
1241990
1241991
1241992
1241995
1241996
1241997
1241998
1241999
1242000
1242002
1242003
1242004
1242005
1242006
1242007
1242008
1242009
1242010
1242011
1242012
1242013
1242014
1242015
1242016
1242017
1242018
1242019
1242020
1242021
1242022
1242023
1242024
1242027
1242028
1242029
1242030
1242031
1242032
1242033
1242034
1242035
1242038
1242039
1242040
1242041
1242042
1242044
1242045
1242046
1242048
1242049
1242050
1242051
1242053
1242054
1242056
1242057
1242059
1242060
1242063
1242064
1242065
1242066
1242067
1242068
1242069
1242070
1242071
1242072
1242074
1242075
1242076
1242077
1242079
1242080
1242081
1242082
1242083
1242084
1242085
1242086
1242087
1242088
1242089
1242090
1242091
1242093
1242094
1242095
1242096
1242097
1242098
1242099
1242100
1242102
1242103
1242104
1242106
1242107
1242108
1242110
1242111
1242112
1242113
1242114
1242115
1242116
1242119
1242120
1242121
1242123
1242124
1242125
1242126
1242127
1242128
1242129
1242130
1242131
1242133
1242134
1242136
1242137
1242138
1242139
1242140
1242141
1242142
1242143
1242144
1242145
1242146
1242147
1242148
1242150
1242151
1242152
1242153
1242155
1242156
1242157
1242158
1242160
1242161
1242162
1242163
1242164
1242165
1242166
1242167
1242168
1242169
1242170
1242171
1242172
1242174
1242177
1242179
1242180
1242182
1242184
1242185
1242186
1242187
1242188
1242189
1242190
1242191
1242192
1242194
1242197
1242199
1242200
1242201
1242202
1242204
1242205
1242206
1242208
1242209
1242210
1242211
1242212
1242213
1242214
1242215
1242216
1242217
1242218
1242219
1242220
1242221
1242222
1242223
1242224
1242225
1242226
1242228
1242229
1242230
1242231
1242232
1242234
1242236
1242237
1242238
1242239
1242240
1242241
1242242
1242244
1242245
1242246
1242248
1242250
1242251
1242252
1242253
1242254
1242255
1242257
1242258
1242259
1242260
1242261
1242262
1242263
1242264
1242265
1242266
1242267
1242268
1242269
1242270
1242272
1242273
1242275
1242276
1242277
1242278
1242279
1242280
1242282
1242283
1242284
1242285
1242286
1242287
1242289
1242290
1242295
1242296
1242297
1242299
1242301
1242302
1242303
1242304
1242305
1242306
1242307
1242308
1242309
1242310
1242311
1242312
1242313
1242314
1242315
1242316
1242317
1242318
1242319
1242321
1242323
1242324
1242325
1242326
1242328
1242329
1242330
1242333
1242334
1242335
1242336
1242337
1242338
1242339
1242340
1242343
1242344
1242345
1242346
1242348
1242350
1242352
1242353
1242354
1242355
1242356
1242357
1242358
1242359
1242361
1242362
1242363
1242364
1242365
1242366
1242367
1242369
1242370
1242372
1242375
1242376
1242377
1242378
1242379
1242380
1242381
1242383
1242385
1242386
1242387
1242388
1242389
1242390
1242391
1242392
1242393
1242394
1242396
1242397
1242398
1242399
1242400
1242401
1242402
1242404
1242405
1242406
1242407
1242408
1242410
1242411
1242412
1242414
1242415
1242416
1242417
1242418
1242419
1242420
1242423
1242424
1242425
1242426
1242427
1242428
1242429
1242430
1242431
1242432
1242433
1242434
1242435
1242436
1242437
1242438
1242439
1242440
1242442
1242443
1242444
1242445
1242447
1242448
1242451
1242452
1242453
1242454
1242455
1242456
1242457
1242459
1242460
1242461
1242462
1242463
1242464
1242465
1242467
1242468
1242469
1242471
1242472
1242473
1242475
1242476
1242477
1242478
1242479
1242480
1242481
1242483
1242484
1242486
1242487
1242490
1242491
1242492
1242493
1242494
1242496
1242497
1242498
1242499
1242500
1242501
1242502
1242503
1242504
1242505
1242507
1242508
1242509
1242510
1242511
1242512
1242513
1242514
1242515
1242516
1242517
1242519
1242520
1242521
1242522
1242524
1242525
1242527
1242528
1242529
1242531
1242533
1242534
1242538
1242539
1242540
1242541
1242542
1242544
1242546
1242547
1242548
1242549
1242550
1242552
1242554
1242555
1242557
1242559
1242560
1242561
1242564
1242565
1242566
1242567
1242568
1242569
1242572
1242573
1242576
1242578
1242580
1242583
1242584
1242587
1242589
1242591
1242592
1242595
1242596
1242599
1242600
1242603
1242604
1242605
1242606
1242607
1242608
1242609
1242610
1242611
1242612
1242617
1242618
1242619
1242620
1242621
1242622
1242623
1242624
1242625
1242626
1242628
1242630
1242632
1242634
1242635
1242638
1242639
1242640
1242641
1242642
1242643
1242645
1242646
1242647
1242649
1242650
1242651
1242652
1242653
1242654
1242655
1242656
1242657
1242658
1242659
1242660
1242661
1242663
1242664
1242665
1242668
1242669
1242671
1242673
1242674
1242676
1242677
1242678
1242679
1242683
1242684
1242685
1242686
1242687
1242688
1242689
1242690
1242691
1242692
1242693
1242694
1242695
1242696
1242697
1242698
1242699
1242700
1242701
1242702
1242703
1242704
1242706
1242707
1242708
1242709
1242710
1242711
1242713
1242714
1242716
1242717
1242720
1242721
1242722
1242724
1242725
1242727
1242728
1242729
1242730
1242731
1242733
1242734
1242735
1242737
1242741
1242742
1242743
1242744
1242745
1242746
1242747
1242748
1242749
1242751
1242752
1242753
1242754
1242755
1242757
1242758
1242760
1242761
1242762
1242765
1242766
1242767
1242768
1242770
1242771
1242772
1242774
1242775
1242776
1242777
1242778
1242779
1242780
1242781
1242782
1242783
1242784
1242785
1242786
1242787
1242788
1242789
1242791
1242792
1242793
1242794
1242795
1242796
1242797
1242798
1242800
1242801
1242803
1242804
1242805
1242806
1242808
1242810
1242812
1242813
1242814
1242815
1242816
1242818
1242819
1242820
1242821
1242822
1242824
1242826
1242827
1242828
1242830
1242831
1242832
1242833
1242834
1242835
1242838
1242840
1242841
1242842
1242843
1242846
1242847
1242849
1242851
1242852
1242855
1242856
1242859
1242860
1242861
1242862
1242864
1242865
1242866
1242867
1242868
1242869
1242870
1242871
1242872
1242873
1242874
1242875
1242876
1242877
1242879
1242880
1242881
1242882
1242883
1242884
1242885
1242886
1242887
1242888
1242890
1242891
1242892
1242893
1242896
1242897
1242899
1242901
1242902
1242903
1242904
1242905
1242907
1242908
1242910
1242911
1242912
1242913
1242914
1242915
1242916
1242918
1242919
1242920
1242921
1242922
1242923
1242924
1242925
1242926
1242927
1242928
1242930
1242932
1242933
1242934
1242935
1242936
1242938
1242939
1242940
1242941
1242943
1242945
1242946
1242947
1242949
1242952
1242953
1242955
1242956
1242957
1242958
1242959
1242960
1242961
1242962
1242963
1242965
1242966
1242967
1242968
1242969
1242970
1242971
1242972
1242973
1242974
1242975
1242976
1242977
1242978
1242979
1242981
1242982
1242983
1242984
1242985
1242986
1242988
1242989
1242990
1242991
1242993
1242994
1242995
1242996
1242997
1242999
1243001
1243002
1243003
1243004
1243005
1243007
1243009
1243010
1243012
1243013
1243014
1243015
1243016
1243017
1243018
1243019
1243020
1243021
1243022
1243024
1243025
1243026
1243027
1243028
1243029
1243030
1243031
1243032
1243033
1243034
1243035
1243036
1243037
1243038
1243039
1243040
1243041
1243042
1243043
1243045
1243046
1243047
1243049
1243050
1243052
1243053
1243054
1243055
1243056
1243057
1243059
1243060
1243061
1243063
1243065
1243066
1243067
1243069
1243070
1243071
1243072
1243074
1243076
1243077
1243078
1243079
1243081
1243082
1243083
1243084
1243085
1243086
1243087
1243088
1243089
1243091
1243092
1243093
1243094
1243095
1243096
1243098
1243099
1243100
1243101
1243102
1243103
1243105
1243106
1243107
1243108
1243109
1243110
1243113
1243114
1243115
1243116
1243117
1243118
1243119
1243120
1243121
1243122
1243123
1243124
1243125
1243126
1243127
1243128
1243130
1243131
1243132
1243133
1243134
1243135
1243136
1243138
1243139
1243140
1243141
1243142
1243143
1243144
1243145
1243146
1243147
1243149
1243150
1243151
1243152
1243154
1243156
1243157
1243158
1243159
1243160
1243161
1243163
1243164
1243166
1243167
1243168
1243169
1243171
1243172
1243173
1243174
1243175
1243177
1243178
1243179
1243181
1243182
1243184
1243185
1243186
1243187
1243188
1243189
1243190
1243191
1243192
1243193
1243194
1243195
1243196
1243197
1243198
1243199
1243200
1243201
1243203
1243204
1243205
1243208
1243210
1243211
1243212
1243215
1243216
1243217
1243218
1243219
1243220
1243221
1243223
1243225
1243226
1243227
1243228
1243229
1243230
1243231
1243232
1243233
1243234
1243235
1243236
1243237
1243238
1243240
1243242
1243243
1243244
1243245
1243246
1243248
1243250
1243251
1243252
1243253
1243254
1243255
1243256
1243258
1243259
1243260
1243261
1243262
1243263
1243264
1243265
1243266
1243267
1243269
1243270
1243271
1243273
1243274
1243275
1243276
1243278
1243279
1243280
1243281
1243282
1243283
1243284
1243285
1243286
1243287
1243288
1243289
1243290
1243291
1243292
1243293
1243294
1243295
1243296
1243297
1243298
1243299
1243300
1243302
1243303
1243305
1243306
1243307
1243308
1243309
1243310
1243311
1243312
1243314
1243315
1243316
1243317
1243318
1243319
1243320
1243321
1243322
1243323
1243324
1243325
1243326
1243327
1243328
1243330
1243331
1243332
1243334
1243336
1243337
1243338
1243339
1243340
1243341
1243342
1243343
1243344
1243345
1243346
1243347
1243349
1243350
1243351
1243352
1243353
1243354
1243355
1243356
1243358
1243359
1243360
1243362
1243363
1243364
1243365
1243366
1243367
1243368
1243371
1243373
1243374
1243375
1243377
1243378
1243379
1243380
1243381
1243382
1243383
1243384
1243385
1243386
1243387
1243388
1243389
1243390
1243391
1243392
1243393
1243394
1243395
1243396
1243397
1243398
1243399
1243400
1243401
1243402
1243403
1243406
1243407
1243408
1243409
1243410
1243411
1243412
1243413
1243415
1243417
1243418
1243419
1243422
1243423
1243425
1243426
1243427
1243428
1243429
1243430
1243432
1243433
1243434
1243437
1243439
1243440
1243441
1243442
1243443
1243445
1243446
1243448
1243449
1243450
1243451
1243452
1243453
1243454
1243456
1243457
1243458
1243459
1243460
1243461
1243462
1243463
1243464
1243465
1243467
1243468
1243470
1243471
1243473
1243475
1243476
1243477
1243478
1243479
1243480
1243481
1243482
1243483
1243485
1243486
1243487
1243488
1243489
1243490
1243491
1243492
1243493
1243494
1243496
1243498
1243499
1243500
1243501
1243502
1243503
1243504
1243505
1243506
1243508
1243509
1243510
1243511
1243512
1243513
1243514
1243517
1243518
1243519
1243520
1243521
1243522
1243524
1243525
1243526
1243528
1243529
1243530
1243531
1243532
1243533
1243534
1243535
1243536
1243537
1243540
1243541
1243542
1243544
1243545
1243546
1243547
1243548
1243550
1243551
1243552
1243553
1243554
1243555
1243556
1243557
1243559
1243560
1243561
1243562
1243563
1243564
1243565
1243566
1243567
1243568
1243570
1243571
1243572
1243575
1243576
1243577
1243578
1243579
1243580
1243581
1243582
1243585
1243586
1243587
1243590
1243591
1243592
1243593
1243594
1243595
1243597
1243598
1243599
1243600
1243601
1243602
1243603
1243604
1243607
1243612
1243613
1243614
1243615
1243616
1243617
1243619
1243620
1243621
1243623
1243624
1243626
1243628
1243629
1243630
1243631
1243632
1243634
1243635
1243636
1243638
1243639
1243641
1243644
1243647
1243648
1243654
1243655
1243656
1243659
1243660
1243662
1243663
1243665
1243668
1243669
1243670
1243671
1243673
1243674
1243676
1243677
1243678
1243679
1243680
1243681
1243682
1243683
1243684
1243685
1243686
1243687
1243688
1243689
1243691
1243693
1243694
1243695
1243696
1243697
1243698
1243699
1243700
1243702
1243704
1243706
1243707
1243708
1243709
1243710
1243711
1243712
1243713
1243714
1243715
1243716
1243718
1243720
1243722
1243724
1243725
1243726
1243727
1243730
1243731
1243732
1243735
1243736
1243737
1243738
1243739
1243740
1243741
1243742
1243743
1243745
1243746
1243747
1243748
1243750
1243751
1243752
1243753
1243754
1243755
1243756
1243758
1243759
1243761
1243762
1243763
1243764
1243765
1243766
1243767
1243768
1243769
1243770
1243771
1243772
1243773
1243774
1243776
1243777
1243779
1243780
1243782
1243783
1243784
1243785
1243789
1243791
1243792
1243793
1243794
1243795
1243796
1243797
1243798
1243799
1243800
1243801
1243803
1243804
1243805
1243806
1243807
1243808
1243809
1243811
1243813
1243814
1243815
1243816
1243817
1243818
1243819
1243821
1243824
1243825
1243826
1243827
1243828
1243829
1243830
1243831
1243832
1243833
1243834
1243835
1243836
1243837
1243838
1243839
1243840
1243842
1243843
1243845
1243847
1243848
1243849
1243850
1243851
1243852
1243853
1243854
1243855
1243856
1243857
1243860
1243861
1243862
1243863
1243864
1243865
1243866
1243867
1243872
1243873
1243875
1243876
1243877
1243878
1243880
1243881
1243882
1243884
1243885
1243887
1243888
1243889
1243890
1243891
1243892
1243893
1243894
1243895
1243896
1243897
1243898
1243899
1243901
1243902
1243903
1243905
1243906
1243907
1243908
1243910
1243911
1243912
1243914
1243915
1243916
1243917
1243918
1243919
1243920
1243921
1243922
1243923
1243925
1243927
1243928
1243929
1243930
1243931
1243932
1243933
1243934
1243936
1243937
1243938
1243939
1243940
1243942
1243943
1243945
1243946
1243947
1243948
1243949
1243950
1243952
1243954
1243956
1243957
1243958
1243959
1243961
1243962
1243963
1243964
1243965
1243967
1243968
1243970
1243971
1243972
1243974
1243976
1243977
1243979
1243980
1243981
1243982
1243983
1243984
1243986
1243987
1243988
1243989
1243990
1243991
1243992
1243993
1243995
1243996
1243997
1243998
1243999
1244001
1244002
1244004
1244005
1244007
1244008
1244009
1244010
1244011
1244012
1244013
1244014
1244015
1244016
1244017
1244019
1244020
1244022
1244023
1244024
1244026
1244027
1244030
1244031
1244032
1244033
1244034
1244035
1244036
1244037
1244038
1244039
1244040
1244041
1244043
1244044
1244045
1244046
1244047
1244048
1244049
1244050
1244051
1244052
1244053
1244054
1244055
1244056
1244057
1244058
1244059
1244060
1244062
1244063
1244064
1244065
1244066
1244067
1244068
1244069
1244070
1244071
1244072
1244073
1244074
1244076
1244077
1244079
1244080
1244081
1244082
1244083
1244084
1244085
1244086
1244087
1244088
1244089
1244090
1244091
1244092
1244093
1244094
1244096
1244097
1244099
1244100
1244101
1244102
1244103
1244105
1244106
1244107
1244108
1244110
1244111
1244112
1244113
1244114
1244115
1244116
1244118
1244119
1244120
1244121
1244122
1244124
1244126
1244128
1244129
1244130
1244131
1244132
1244134
1244135
1244136
1244137
1244138
1244139
1244140
1244141
1244142
1244143
1244144
1244145
1244146
1244147
1244148
1244149
1244150
1244152
1244153
1244155
1244156
1244157
1244158
1244160
1244161
1244162
1244163
1244164
1244165
1244166
1244167
1244168
1244169
1244171
1244172
1244173
1244174
1244175
1244176
1244177
1244178
1244179
1244180
1244181
1244182
1244183
1244184
1244185
1244186
1244188
1244189
1244190
1244191
1244192
1244193
1244194
1244195
1244196
1244197
1244198
1244199
1244200
1244201
1244202
1244203
1244204
1244205
1244206
1244208
1244210
1244211
1244212
1244213
1244215
1244216
1244217
1244218
1244219
1244220
1244222
1244223
1244224
1244226
1244227
1244228
1244229
1244230
1244231
1244232
1244233
1244234
1244235
1244236
1244237
1244238
1244239
1244240
1244241
1244243
1244245
1244246
1244247
1244248
1244249
1244250
1244251
1244252
1244253
1244254
1244255
1244256
1244257
1244258
1244259
1244260
1244261
1244262
1244263
1244264
1244265
1244266
1244268
1244269
1244270
1244271
1244272
1244273
1244274
1244275
1244277
1244278
1244279
1244280
1244281
1244282
1244283
1244285
1244286
1244287
1244288
1244289
1244290
1244291
1244292
1244293
1244294
1244297
1244298
1244300
1244304
1244305
1244306
1244307
1244308
1244309
1244311
1244312
1244313
1244314
1244315
1244316
1244317
1244318
1244319
1244320
1244321
1244322
1244323
1244325
1244326
1244327
1244328
1244329
1244330
1244331
1244332
1244333
1244336
1244339
1244340
1244341
1244342
1244343
1244344
1244345
1244346
1244347
1244350
1244351
1244352
1244353
1244354
1244355
1244356
1244357
1244359
1244360
1244361
1244362
1244363
1244364
1244365
1244366
1244367
1244368
1244369
1244371
1244372
1244375
1244376
1244377
1244378
1244379
1244380
1244381
1244382
1244383
1244384
1244386
1244387
1244389
1244390
1244391
1244392
1244393
1244394
1244396
1244397
1244399
1244401
1244402
1244403
1244405
1244406
1244407
1244408
1244409
1244410
1244411
1244412
1244413
1244414
1244415
1244416
1244417
1244418
1244419
1244420
1244421
1244422
1244423
1244424
1244425
1244426
1244427
1244428
1244429
1244430
1244432
1244433
1244434
1244435
1244440
1244441
1244444
1244445
1244446
1244447
1244450
1244452
1244453
1244454
1244456
1244457
1244458
1244459
1244460
1244461
1244462
1244463
1244464
1244465
1244466
1244467
1244468
1244469
1244470
1244471
1244472
1244473
1244475
1244476
1244477
1244478
1244479
1244481
1244483
1244484
1244485
1244486
1244487
1244490
1244491
1244492
1244494
1244495
1244497
1244498
1244500
1244501
1244502
1244503
1244504
1244505
1244506
1244507
1244508
1244509
1244511
1244512
1244513
1244514
1244516
1244517
1244518
1244519
1244520
1244522
1244523
1244524
1244526
1244528
1244529
1244530
1244531
1244532
1244533
1244534
1244535
1244536
1244537
1244538
1244539
1244540
1244541
1244542
1244543
1244544
1244546
1244547
1244548
1244549
1244551
1244552
1244553
1244554
1244555
1244556
1244557
1244558
1244559
1244560
1244561
1244562
1244564
1244566
1244567
1244568
1244570
1244572
1244573
1244574
1244575
1244576
1244577
1244578
1244579
1244580
1244581
1244582
1244584
1244585
1244586
1244587
1244588
1244589
1244590
1244592
1244593
1244594
1244595
1244596
1244597
1244598
1244599
1244601
1244602
1244603
1244604
1244605
1244606
1244607
1244608
1244609
1244610
1244611
1244612
1244613
1244614
1244615
1244617
1244618
1244620
1244621
1244622
1244623
1244624
1244625
1244626
1244627
1244629
1244630
1244631
1244632
1244633
1244634
1244635
1244637
1244638
1244639
1244640
1244642
1244644
1244645
1244646
1244647
1244648
1244649
1244650
1244651
1244652
1244653
1244654
1244655
1244656
1244657
1244658
1244659
1244660
1244661
1244662
1244663
1244664
1244665
1244666
1244668
1244669
1244670
1244671
1244674
1244675
1244676
1244677
1244679
1244680
1244681
1244682
1244683
1244684
1244685
1244687
1244688
1244689
1244690
1244691
1244692
1244694
1244695
1244696
1244698
1244699
1244700
1244701
1244702
1244703
1244705
1244706
1244707
1244708
1244709
1244710
1244712
1244713
1244714
1244715
1244716
1244717
1244718
1244719
1244720
1244722
1244723
1244724
1244725
1244726
1244727
1244728
1244729
1244730
1244731
1244732
1244733
1244734
1244736
1244737
1244739
1244740
1244741
1244742
1244744
1244745
1244746
1244747
1244748
1244750
1244751
1244752
1244753
1244754
1244755
1244756
1244757
1244758
1244759
1244760
1244761
1244763
1244764
1244765
1244766
1244767
1244768
1244769
1244770
1244771
1244772
1244773
1244775
1244776
1244777
1244778
1244779
1244780
1244781
1244782
1244784
1244785
1244786
1244787
1244788
1244789
1244790
1244791
1244792
1244793
1244794
1244795
1244796
1244797
1244798
1244799
1244800
1244801
1244802
1244803
1244804
1244805
1244806
1244807
1244808
1244810
1244811
1244812
1244813
1244814
1244815
1244816
1244817
1244819
1244820
1244821
1244822
1244823
1244824
1244825
1244826
1244827
1244828
1244829
1244830
1244831
1244833
1244834
1244835
1244836
1244837
1244838
1244839
1244840
1244841
1244842
1244843
1244844
1244846
1244848
1244849
1244850
1244851
1244852
1244853
1244855
1244857
1244858
1244859
1244860
1244861
1244862
1244863
1244864
1244865
1244866
1244867
1244868
1244870
1244871
1244872
1244873
1244874
1244875
1244876
1244877
1244878
1244879
1244880
1244881
1244882
1244883
1244884
1244885
1244887
1244888
1244889
1244890
1244891
1244892
1244894
1244895
1244896
1244897
1244899
1244900
1244902
1244903
1244904
1244906
1244907
1244908
1244909
1244910
1244911
1244912
1244913
1244914
1244915
1244916
1244918
1244919
1244920
1244921
1244922
1244923
1244924
1244925
1244926
1244927
1244928
1244930
1244931
1244932
1244933
1244934
1244936
1244937
1244938
1244939
1244941
1244942
1244943
1244944
1244945
1244946
1244948
1244949
1244950
1244951
1244952
1244953
1244954
1244955
1244957
1244958
1244959
1244960
1244962
1244963
1244964
1244966
1244967
1244968
1244969
1244970
1244971
1244972
1244973
1244974
1244975
1244976
1244977
1244978
1244979
1244980
1244981
1244982
1244983
1244984
1244985
1244986
1244987
1244988
1244989
1244990
1244991
1244992
1244993
1244994
1244995
1244996
1244997
1244998
1244999
1245000
1245002
1245003
1245004
1245005
1245006
1245007
1245008
1245009
1245010
1245011
1245013
1245014
1245015
1245016
1245017
1245018
1245019
1245020
1245021
1245023
1245024
1245025
1245027
1245028
1245029
1245030
1245031
1245032
1245033
1245034
1245035
1245036
1245037
1245038
1245039
1245040
1245041
1245042
1245043
1245044
1245045
1245046
1245047
1245048
1245049
1245050
1245051
1245052
1245053
1245054
1245055
1245056
1245057
1245058
1245059
1245060
1245061
1245062
1245063
1245065
1245066
1245067
1245068
1245069
1245071
1245072
1245073
1245074
1245075
1245076
1245077
1245078
1245079
1245081
1245082
1245083
1245084
1245085
1245086
1245087
1245088
1245089
1245090
1245091
1245092
1245093
1245095
1245096
1245097
1245098
1245099
1245100
1245103
1245104
1245105
1245107
1245109
1245110
1245111
1245112
1245113
1245114
1245115
1245116
1245117
1245118
1245119
1245120
1245121
1245122
1245123
1245124
1245125
1245126
1245127
1245128
1245129
1245130
1245131
1245132
1245133
1245134
1245135
1245136
1245137
1245138
1245139
1245140
1245141
1245142
1245143
1245144
1245145
1245146
1245147
1245148
1245149
1245150
1245151
1245152
1245153
1245154
1245155
1245156
1245157
1245158
1245160
1245161
1245162
1245163
1245164
1245165
1245166
1245167
1245168
1245169
1245171
1245172
1245173
1245174
1245175
1245176
1245177
1245178
1245179
1245180
1245181
1245182
1245183
1245184
1245185
1245187
1245188
1245189
1245190
1245191
1245192
1245193
1245194
1245195
1245196
1245197
1245198
1245199
1245200
1245201
1245203
1245204
1245205
1245206
1245207
1245208
1245209
1245210
1245211
1245212
1245213
1245214
1245215
1245216
1245217
1245218
1245219
1245220
1245221
1245222
1245223
1245225
1245226
1245227
1245228
1245229
1245230
1245231
1245232
1245233
1245234
1245235
1245236
1245237
1245238
1245239
1245240
1245241
1245242
1245243
1245244
1245245
1245246
1245247
1245248
1245249
1245250
1245251
1245252
1245253
1245254
1245255
1245257
1245258
1245259
1245260
1245261
1245262
1245263
1245264
1245265
1245266
1245268
1245269
1245270
1245272
1245273
1245274
1245275
1245276
1245277
1245278
1245280
1245281
1245282
1245284
1245285
1245286
1245287
1245288
1245289
1245290
1245291
1245292
1245293
1245294
1245295
1245296
1245297
1245298
1245299
1245300
1245301
1245302
1245303
1245305
1245306
1245307
1245308
1245309
1245310
1245311
1245312
1245313
1245314
1245315
1245316
1245317
1245318
1245319
1245320
1245322
1245324
1245326
1245327
1245328
1245329
1245330
1245331
1245332
1245333
1245334
1245335
1245336
1245337
1245338
1245340
1245341
1245344
1245345
1245346
1245347
1245348
1245349
1245350
1245351
1245352
1245353
1245354
1245355
1245356
1245357
1245358
1245359
1245360
1245361
1245362
1245363
1245364
1245365
1245366
1245367
1245368
1245369
1245370
1245371
1245372
1245373
1245374
1245376
1245377
1245378
1245379
1245380
1245381
1245382
1245383
1245385
1245386
1245387
1245388
1245389
1245390
1245391
1245392
1245393
1245394
1245395
1245396
1245397
1245398
1245399
1245400
1245401
1245402
1245403
1245404
1245405
1245407
1245408
1245409
1245410
1245411
1245412
1245413
1245414
1245415
1245416
1245417
1245418
1245419
1245420
1245421
1245422
1245423
1245424
1245425
1245426
1245427
1245428
1245429
1245430
1245431
1245432
1245433
1245434
1245435
1245436
1245437
1245438
1245439
1245440
1245441
1245442
1245443
1245444
1245445
1245446
1245447
1245448
1245449
1245450
1245452
1245453
1245454
1245455
1245458
1245459
1245460
1245461
1245462
1245463
1245464
1245465
1245466
1245467
1245468
1245469
1245471
1245472
1245473
1245474
1245476
1245477
1245478
1245479
1245480
1245481
1245482
1245483
1245484
1245485
1245486
1245487
1245488
1245489
1245490
1245491
1245492
1245493
1245494
1245495
1245496
1245497
1245498
1245499
1245500
1245501
1245502
1245503
1245504
1245505
1245508
1245509
1245510
1245511
1245512
1245513
1245514
1245516
1245517
1245518
1245519
1245520
1245521
1245523
1245524
1245525
1245526
1245527
1245529
1245530
1245531
1245532
1245533
1245534
1245535
1245536
1245538
1245539
1245540
1245541
1245542
1245544
1245545
1245546
1245547
1245548
1245549
1245550
1245551
1245552
1245553
1245555
1245556
1245557
1245558
1245559
1245561
1245562
1245563
1245565
1245566
1245568
1245569
1245570
1245571
1245572
1245573
1245574
1245576
1245577
1245578
1245580
1245581
1245583
1245585
1245586
1245587
1245588
1245589
1245590
1245591
1245592
1245593
1245594
1245595
1245596
1245597
1245598
1245599
1245600
1245602
1245603
1245604
1245605
1245607
1245608
1245609
1245610
1245611
1245612
1245613
1245614
1245615
1245616
1245617
1245618
1245619
1245620
1245621
1245622
1245623
1245624
1245626
1245627
1245628
1245629
1245630
1245631
1245632
1245633
1245635
1245636
1245638
1245639
1245640
1245641
1245642
1245643
1245645
1245646
1245647
1245648
1245649
1245650
1245651
1245652
1245653
1245654
1245655
1245656
1245657
1245658
1245659
1245660
1245661
1245662
1245663
1245664
1245665
1245666
1245667
1245668
1245669
1245670
1245671
1245672
1245674
1245675
1245676
1245677
1245678
1245679
1245680
1245681
1245682
1245683
1245684
1245685
1245686
1245687
1245689
1245690
1245691
1245692
1245694
1245695
1245696
1245697
1245698
1245699
1245700
1245701
1245702
1245703
1245704
1245705
1245706
1245707
1245708
1245709
1245710
1245711
1245712
1245713
1245714
1245715
1245716
1245717
1245721
1245722
1245723
1245724
1245725
1245726
1245727
1245728
1245729
1245730
1245731
1245732
1245733
1245734
1245735
1245736
1245737
1245738
1245740
1245741
1245742
1245744
1245747
1245748
1245750
1245752
1245753
1245754
1245755
1245756
1245757
1245758
1245759
1245760
1245761
1245765
1245766
1245767
1245768
1245769
1245771
1245772
1245773
1245774
1245775
1245776
1245778
1245779
1245780
1245781
1245782
1245783
1245784
1245785
1245786
1245787
1245789
1245790
1245793
1245794
1245795
1245796
1245797
1245798
1245799
1245800
1245801
1245803
1245804
1245806
1245807
1245808
1245809
1245810
1245811
1245812
1245814
1245815
1245816
1245817
1245819
1245820
1245821
1245822
1245823
1245824
1245825
1245826
1245827
1245828
1245829
1245830
1245831
1245832
1245833
1245834
1245835
1245836
1245837
1245838
1245839
1245842
1245844
1245845
1245846
1245847
1245848
1245849
1245850
1245851
1245852
1245853
1245854
1245855
1245856
1245857
1245858
1245859
1245860
1245861
1245862
1245863
1245865
1245866
1245870
1245871
1245872
1245873
1245874
1245877
1245878
1245879
1245880
1245881
1245883
1245884
1245885
1245886
1245887
1245888
1245889
1245890
1245891
1245892
1245894
1245895
1245896
1245897
1245898
1245899
1245900
1245902
1245903
1245904
1245905
1245906
1245907
1245908
1245909
1245910
1245911
1245912
1245913
1245914
1245915
1245916
1245917
1245919
1245920
1245921
1245922
1245923
1245924
1245925
1245927
1245929
1245930
1245931
1245932
1245933
1245934
1245936
1245937
1245938
1245941
1245942
1245943
1245944
1245945
1245946
1245947
1245948
1245949
1245950
1245951
1245952
1245953
1245954
1245955
1245956
1245957
1245959
1245960
1245961
1245962
1245963
1245964
1245965
1245966
1245968
1245969
1245970
1245971
1245972
1245973
1245975
1245976
1245977
1245979
1245980
1245982
1245984
1245985
1245986
1245987
1245988
1245989
1245990
1245991
1245992
1245993
1245994
1245995
1245996
1245997
1245998
1245999
1246000
1246001
1246002
1246004
1246005
1246006
1246007
1246010
1246011
1246012
1246013
1246014
1246015
1246016
1246017
1246018
1246019
1246020
1246021
1246022
1246023
1246025
1246026
1246027
1246029
1246032
1246033
1246034
1246036
1246038
1246040
1246041
1246042
1246046
1246049
1246053
1246054
1246055
1246058
1246061
1246062
1246063
1246064
1246065
1246066
1246067
1246073
1246080
1246086
1270000
1270001
1270002
1270004
1270005
1270006
1270007
1270008
1270009
1270011
1270012
1270013
1270014
1270015
1270016
1270017
1270018
1270019
1270020
1270021
1270023
1270024
1270025
1270027
1270028
1270030
1270031
1270032
1270033
1270034
1270035
1270036
1270037
1270039
1270040
1270041
1270042
1270043
1270044
1270045
1270046
1270047
1270048
1270049
1270050
1270051
1270052
1270054
1270055
1270056
1270057
1270058
1270059
1270060
1270061
1270063
1270064
1270065
1270066
1270067
1270068
1270069
1270070
1270071
1270072
1270073
1270074
1270075
1270076
1270078
1270079
1270080
1270081
1270082
1270083
1270084
1270085
1270086
1270088
1270089
1270090
1270091
1270092
1270093
1270094
1270095
1270096
1270097
1270098
1270099
1270100
1270101
1270102
1270104
1270105
1270107
1270108
1270109
1270110
1270111
1270112
1270113
1270114
1270116
1270117
1270118
1270119
1270120
1270121
1270122
1270123
1270124
1270125
1270126
1270127
1270130
1270131
1270132
1270133
1270137
1270139
1271000
1271001
1271002
1271003
1271008
1271028
1271029
1271037
1271053
1271056
1271059
1271063
1271064
1271066
1271071
1271073
1271075
1271078
1271087
1271091
1271093
1271098
1271099
1271100
1271101
1271102
1271103
1271106
1271107
1271111
1271112
1271113
1271114
1271115
1271117
1271118
1271119
1271120
1271121
1271125
1271126
1271127
1271128
1271129
1271131
1271134
1271135
1271136
1271137
1271138
1271140
1271141
1271142
1271148
1271149
1271150
1271151
1271155
1271156
1271157
1271159
1271160
1271163
1271168
1271169
1271171
1271172
1271175
1271179
1271180
1271182
1271184
1271185
1271186
1271188
1271190
1271191
1271192
1271193
1271194
1271195
1271196
1271197
1271198
1271201
1271203
1271205
1271206
1271207
1271208
1271209
1271210
1271211
1271212
1271213
1271214
1271215
1271216
1271217
1271219
1271220
1271222
1271223
1271224
1271225
1271228
1271229
1271232
1271233
1271234
1271235
1271236
1271237
1271239
1271240
2821001
2821002
2821003
2821006
2821007
2821008
2821010
2821012
2821013
2821014
2821015
2821016
2821017
2821019
2821020
2821022
2821023
2821024
2821025
2821026
2821027
2821028
2821029
2821030
#封闭股基
0160143
0160325
0160529
0160726
0160926
0161040
0161132
0161837
0161912
0161914
0162720
0166024
0166025
0166027
0167508
0169106
1501038
1501046
1501053
1501062
1501065
1501070
1501088
1501093
1506000
1506001
1506002
1506003
1506005
1506006
1506008
#封闭债基
0160128
0160515
0161014
0161117
0164810
#LOF基金
0160105
0160106
0160119
0160125
0160127
0160128
0160133
0160135
0160140
0160142
0160143
0160211
0160212
0160215
0160216
0160218
0160219
0160220
0160221
0160222
0160223
0160225
0160311
0160314
0160322
0160323
0160324
0160325
0160326
0160416
0160421
0160505
0160512
0160513
0160515
0160518
0160526
0160527
0160529
0160607
0160610
0160611
0160613
0160615
0160616
0160617
0160618
0160620
0160621
0160622
0160625
0160626
0160628
0160629
0160630
0160631
0160632
0160633
0160635
0160637
0160638
0160639
0160641
0160642
0160643
0160644
0160706
0160716
0160717
0160719
0160722
0160723
0160726
0160805
0160806
0160807
0160812
0160813
0160910
0160916
0160918
0160919
0160921
0160924
0160925
0160926
0161005
0161010
0161014
0161015
0161017
0161019
0161024
0161025
0161026
0161027
0161028
0161029
0161030
0161031
0161032
0161033
0161035
0161036
0161037
0161038
0161039
0161040
0161115
0161116
0161117
0161118
0161119
0161121
0161122
0161123
0161124
0161125
0161126
0161127
0161128
0161129
0161130
0161131
0161132
0161133
0161216
0161217
0161219
0161222
0161224
0161225
0161226
0161227
0161229
0161232
0161233
0161505
0161607
0161610
0161614
0161626
0161631
0161706
0161713
0161715
0161716
0161720
0161722
0161724
0161725
0161726
0161727
0161728
0161729
0161810
0161811
0161812
0161815
0161816
0161820
0161831
0161834
0161837
0161903
0161908
0161912
0161914
0162006
0162105
0162108
0162207
0162215
0162216
0162307
0162411
0162412
0162414
0162415
0162509
0162605
0162607
0162703
0162711
0162712
0162715
0162719
0162720
0162721
0163001
0163003
0163005
0163109
0163110
0163111
0163113
0163114
0163115
0163116
0163118
0163208
0163302
0163402
0163406
0163407
0163409
0163412
0163415
0163417
0163418
0163503
0163801
0163819
0163821
0163907
0164105
0164206
0164208
0164210
0164403
0164508
0164509
0164606
0164701
0164703
0164705
0164808
0164810
0164814
0164824
0164902
0164906
0165309
0165311
0165313
0165508
0165509
0165511
0165512
0165513
0165515
0165516
0165517
0165519
0165520
0165521
0165522
0165525
0165528
0166001
0166006
0166008
0166009
0166011
0166016
0166023
0166024
0166025
0166027
0166105
0166107
0166401
0167001
0167002
0167003
0167301
0167302
0167501
0167506
0167508
0168101
0168102
0168103
0168104
0168105
0168203
0168204
0168301
0168401
0168701
0169101
0169104
0169105
0169106
0169201
1501001
1501005
1501006
1501007
1501008
1501009
1501010
1501011
1501012
1501015
1501016
1501017
1501018
1501019
1501021
1501022
1501023
1501025
1501026
1501028
1501029
1501030
1501031
1501032
1501036
1501037
1501038
1501043
1501045
1501046
1501047
1501048
1501050
1501051
1501053
1501057
1501058
1501059
1501060
1501061
1501062
1501064
1501065
1501070
1501071
1501073
1501075
1501076
1501077
1501078
1501079
1501080
1501081
1501082
1501083
1501085
1501087
1501088
1501089
1501090
1501091
1501092
1501093
1501095
1501096
1501097
1501098
1501099
1501186
1501188
1501189
1501200
1501201
1501202
1501203
1501205
1501206
1501207
1501208
1501209
1501210
1501211
1501212
1501213
1501215
1501216
1501217
1501218
1501219
1501220
1501222
1501225
1501227
1501300
1501301
1501302
1501303
1501305
1501306
1501307
1501310
1501311
1501312
1502000
1502003
1502006
1502010
1502013
1502023
1502048
1502053
1502056
1506000
1506001
1506002
1506003
1506005
1506006
1506008
#期货ETF
0159980
0159981
0159985
#科技ETF
0158027
0158031
0158040
0158042
0158051
0158052
0158058
0158062
0158067
0159010
0159013
0159015
0159022
0159040
0159047
0159075
0159086
0159089
0159101
0159102
0159103
0159105
0159120
0159125
0159128
0159130
0159131
0159132
0159135
0159139
0159140
0159141
0159142
0159152
0159153
0159169
0159170
0159178
0159179
0159183
0159185
0159191
0159196
0159198
0159202
0159206
0159242
0159243
0159246
0159248
0159251
0159262
0159269
0159279
0159280
0159299
0159310
0159325
0159327
0159335
0159363
0159381
0159382
0159388
0159502
0159507
0159509
0159511
0159516
0159537
0159538
0159539
0159540
0159550
0159558
0159560
0159568
0159582
0159583
0159586
0159599
0159601
0159602
0159605
0159607
0159613
0159615
0159636
0159637
0159638
0159643
0159645
0159657
0159665
0159688
0159695
0159723
0159729
0159732
0159740
0159741
0159742
0159747
0159750
0159751
0159773
0159777
0159778
0159779
0159792
0159801
0159806
0159807
0159813
0159819
0159824
0159837
0159849
0159851
0159856
0159892
0159909
0159939
0159994
0159995
0159997
0159998
1512220
1512330
1512480
1512720
1512760
1512930
1513010
1513020
1513040
1513050
1513130
1513150
1513160
1513180
1513220
1513240
1513260
1513280
1513290
1513310
1513330
1513380
1513560
1513580
1513720
1513730
1513770
1513860
1513890
1513930
1513980
1515000
1515030
1515050
1515070
1515200
1515260
1515320
1515470
1515580
1515700
1515720
1515750
1515860
1515880
1515980
1516050
1516100
1516350
1516390
1516500
1516640
1516660
1516860
1516920
1516930
1517050
1517200
1517350
1517360
1517800
1517950
1520530
1520570
1520590
1520630
1520650
1520670
1520710
1520740
1520750
1520760
1520790
1520840
1520860
1520910
1520920
1520930
1520980
1526000
1526030
1526050
1526060
1560050
1560170
1560780
1560850
1560990
1561100
1561310
1561460
1561600
1561980
1562030
1562380
1562400
1562560
1562570
1562590
1562630
1562920
1562950
1563000
1563050
1563280
1563560
1563570
1563670
1588100
1588170
1588200
1588260
1588290
1588410
1588420
1588430
1588470
1588480
1588490
1588510
1588530
1588710
1588730
1588750
1588760
1588770
1588780
1588790
1588810
1588890
1588920
1588930
1588990
1589010
1589020
1589030
1589070
1589090
1589100
1589110
1589130
1589160
1589170
1589190
1589210
1589230
1589250
1589260
1589290
1589310
1589350
1589380
1589390
1589400
1589410
1589420
1589430
1589450
1589480
1589520
1589560
#商品LOF
0160216
0160719
0160723
0161116
0161129
0161226
0161815
0164701
0165513
1501018
#创业和科创基金
0158011
0158022
0158041
0158050
0158061
0159009
0159012
0159022
0159069
0159076
0159107
0159122
0159139
0159140
0159141
0159142
0159149
0159187
0159190
0159205
0159242
0159243
0159246
0159247
0159256
0159261
0159270
0159279
0159287
0159288
0159289
0159290
0159291
0159292
0159293
0159295
0159298
0159363
0159367
0159368
0159369
0159370
0159371
0159372
0159373
0159375
0159377
0159381
0159382
0159383
0159387
0159388
0159541
0159563
0159571
0159572
0159573
0159575
0159597
0159603
0159675
0159676
0159681
0159682
0159773
0159777
0159780
0159781
0159782
0159783
0159804
0159808
0159810
0159814
0159821
0159836
0159908
0159915
0159948
0159949
0159952
0159956
0159957
0159958
0159964
0159966
0159967
0159971
0159977
0159991
0160143
0160223
0160325
0160529
0160637
0160926
0161040
0161914
0162720
0166027
1506000
1506001
1506002
1506003
1506005
1506006
1506008
1588000
1588010
1588020
1588030
1588040
1588050
1588060
1588070
1588080
1588090
1588100
1588110
1588120
1588130
1588140
1588150
1588160
1588170
1588180
1588190
1588200
1588210
1588220
1588230
1588240
1588250
1588260
1588270
1588280
1588290
1588300
1588310
1588320
1588330
1588350
1588360
1588370
1588380
1588390
1588400
1588410
1588420
1588430
1588450
1588460
1588470
1588480
1588500
1588510
1588520
1588530
1588550
1588660
1588670
1588680
1588690
1588700
1588710
1588720
1588730
1588750
1588760
1588770
1588780
1588790
1588800
1588810
1588820
1588830
1588840
1588850
1588860
1588870
1588880
1588890
1588900
1588910
1588920
1588930
1588940
1588950
1588960
1588980
1588990
#REITs基金
0180101
0180102
0180103
0180105
0180106
0180201
0180202
0180203
0180301
0180302
0180303
0180305
0180306
0180307
0180401
0180402
0180501
0180502
0180503
0180505
0180601
0180602
0180603
0180606
0180607
0180701
0180702
0180801
0180901
0181001
0181002
1180605
1508000
1508001
1508002
1508003
1508005
1508006
1508007
1508008
1508009
1508010
1508011
1508012
1508015
1508016
1508017
1508018
1508019
1508020
1508021
1508022
1508026
1508027
1508028
1508029
1508030
1508031
1508033
1508036
1508038
1508039
1508047
1508048
1508050
1508055
1508056
1508058
1508059
1508066
1508068
1508069
1508077
1508078
1508080
1508082
1508084
1508085
1508086
1508087
1508088
1508089
1508090
1508091
1508092
1508093
1508095
1508096
1508097
1508098
1508099
1508600
1508601
1508602
1508603
1508605
1508606
1508607
1508609
#中证1000
0000012
0000028
0000029
0000030
0000035
0000048
0000049
0000058
0000059
0000061
0000065
0000089
0000099
0000156
0000403
0000420
0000422
0000498
0000503
0000506
0000534
0000543
0000550
0000552
0000555
0000563
0000567
0000581
0000600
0000603
0000612
0000620
0000628
0000636
0000650
0000672
0000676
0000680
0000681
0000682
0000685
0000686
0000688
0000690
0000712
0000719
0000727
0000758
0000762
0000766
0000767
0000778
0000791
0000795
0000801
0000810
0000811
0000813
0000828
0000829
0000833
0000837
0000848
0000860
0000875
0000880
0000885
0000899
0000901
0000902
0000913
0000917
0000923
0000927
0000928
0000930
0000935
0000950
0000962
0000966
0000969
0000970
0000973
0000990
0000998
0001227
0001233
0001236
0001267
0001287
0001301
0001337
0001339
0001359
0001369
0001382
0001896
0001914
0002003
0002004
0002006
0002010
0002011
0002015
0002017
0002019
0002020
0002023
0002036
0002041
0002043
0002045
0002046
0002048
0002051
0002053
0002060
0002061
0002063
0002073
0002075
0002077
0002081
0002091
0002093
0002096
0002097
0002099
0002100
0002101
0002104
0002110
0002121
0002123
0002125
0002127
0002139
0002145
0002149
0002151
0002158
0002163
0002170
0002171
0002174
0002176
0002181
0002182
0002183
0002192
0002194
0002204
0002212
0002215
0002216
0002221
0002222
0002226
0002233
0002237
0002239
0002243
0002245
0002246
0002249
0002250
0002251
0002254
0002258
0002267
0002268
0002270
0002276
0002287
0002290
0002292
0002315
0002317
0002320
0002324
0002326
0002332
0002338
0002345
0002351
0002354
0002364
0002368
0002372
0002373
0002378
0002389
0002396
0002400
0002405
0002408
0002416
0002428
0002434
0002456
0002458
0002468
0002484
0002488
0002497
0002498
0002506
0002507
0002511
0002516
0002518
0002531
0002534
0002536
0002537
0002539
0002541
0002544
0002545
0002549
0002550
0002557
0002563
0002572
0002588
0002597
0002605
0002611
0002617
0002626
0002635
0002636
0002639
0002643
0002651
0002654
0002668
0002675
0002681
0002690
0002698
0002701
0002705
0002706
0002716
0002727
0002737
0002745
0002747
0002755
0002761
0002768
0002779
0002807
0002815
0002827
0002832
0002838
0002839
0002840
0002847
0002859
0002867
0002881
0002882
0002891
0002892
0002895
0002896
0002897
0002901
0002906
0002911
0002913
0002922
0002925
0002928
0002929
0002936
0002941
0002946
0002947
0002948
0002958
0002960
0002961
0002965
0002967
0002978
0002979
0002985
0002987
0002993
0003006
0003010
0003039
0300007
0300008
0300009
0300026
0300031
0300034
0300035
0300036
0300045
0300047
0300049
0300065
0300070
0300075
0300077
0300080
0300083
0300085
0300088
0300098
0300101
0300102
0300113
0300119
0300127
0300130
0300131
0300133
0300134
0300153
0300166
0300170
0300171
0300180
0300181
0300182
0300184
0300185
0300188
0300199
0300224
0300229
0300236
0300244
0300253
0300257
0300260
0300276
0300284
0300294
0300296
0300298
0300303
0300315
0300319
0300322
0300323
0300327
0300337
0300341
0300342
0300348
0300353
0300357
0300360
0300363
0300376
0300378
0300398
0300409
0300415
0300416
0300428
0300438
0300443
0300446
0300455
0300456
0300457
0300459
0300468
0300482
0300492
0300493
0300503
0300525
0300529
0300568
0300573
0300576
0300579
0300580
0300593
0300595
0300598
0300601
0300602
0300607
0300613
0300618
0300624
0300633
0300634
0300638
0300641
0300655
0300657
0300660
0300672
0300674
0300678
0300680
0300682
0300684
0300685
0300687
0300693
0300702
0300723
0300725
0300726
0300738
0300747
0300761
0300762
0300768
0300770
0300772
0300773
0300775
0300776
0300777
0300779
0300783
0300806
0300809
0300811
0300814
0300820
0300821
0300827
0300841
0300850
0300855
0300861
0300870
0300872
0300910
0300913
0300925
0300926
0300969
0300990
0301000
0301005
0301015
0301018
0301029
0301031
0301035
0301039
0301047
0301050
0301061
0301071
0301078
0301087
0301091
0301095
0301101
0301109
0301127
0301153
0301155
0301171
0301175
0301177
0301196
0301205
0301207
0301215
0301216
0301217
0301219
0301225
0301238
0301262
0301263
0301267
0301268
0301275
0301291
0301293
0301297
0301316
0301327
0301339
0301345
0301363
0301371
0301381
0301389
0301392
0301396
0301413
0301421
0301458
0301487
0301488
0301489
0301500
0301510
0301511
0301522
0301550
0301551
0301556
0301563
0301565
0301571
0301584
0301589
0301592
0301600
0301602
0301622
0301626
0301631
0301632
0301658
0301662
0301665
0301678
1600006
1600012
1600017
1600022
1600033
1600037
1600055
1600056
1600057
1600058
1600059
1600063
1600064
1600072
1600075
1600094
1600113
1600114
1600116
1600120
1600123
1600129
1600133
1600151
1600155
1600158
1600163
1600167
1600179
1600184
1600185
1600186
1600201
1600206
1600210
1600211
1600216
1600226
1600246
1600248
1600252
1600258
1600259
1600266
1600267
1600268
1600269
1600273
1600285
1600301
1600305
1600315
1600320
1600323
1600325
1600328
1600330
1600331
1600335
1600338
1600345
1600353
1600361
1600366
1600373
1600388
1600389
1600391
1600395
1600399
1600403
1600409
1600416
1600420
1600422
1600428
1600446
1600452
1600456
1600458
1600459
1600461
1600475
1600478
1600480
1600490
1600502
1600507
1600508
1600509
1600528
1600529
1600531
1600550
1600552
1600556
1600557
1600559
1600572
1600575
1600577
1600587
1600596
1600597
1600612
1600618
1600619
1600621
1600623
1600629
1600633
1600635
1600639
1600640
1600641
1600643
1600645
1600649
1600651
1600654
1600657
1600662
1600664
1600667
1600675
1600682
1600686
1600710
1600717
1600718
1600726
1600728
1600729
1600739
1600740
1600744
1600746
1600750
1600751
1600757
1600761
1600771
1600773
1600776
1600782
1600783
1600787
1600789
1600812
1600821
1600827
1600835
1600850
1600859
1600864
1600866
1600867
1600869
1600872
1600877
1600882
1600888
1600908
1600916
1600928
1600929
1600933
1600956
1600961
1600963
1600971
1600986
1600993
1600996
1600997
1601003
1601020
1601022
1601026
1601033
1601038
1601068
1601069
1601083
1601089
1601096
1601101
1601107
1601126
1601137
1601187
1601200
1601208
1601222
1601311
1601326
1601333
1601369
1601375
1601519
1601528
1601568
1601595
1601606
1601609
1601619
1601636
1601677
1601678
1601702
1601777
1601778
1601801
1601858
1601860
1601882
1601890
1601900
1601908
1601918
1601921
1601949
1601952
1601963
1601965
1601969
1601975
1603005
1603009
1603013
1603014
1603025
1603026
1603027
1603033
1603039
1603043
1603055
1603057
1603063
1603072
1603083
1603093
1603099
1603100
1603103
1603108
1603118
1603124
1603127
1603132
1603162
1603166
1603169
1603171
1603193
1603194
1603202
1603218
1603219
1603220
1603227
1603236
1603248
1603267
1603279
1603283
1603297
1603299
1603300
1603301
1603305
1603306
1603317
1603319
1603323
1603327
1603328
1603337
1603355
1603358
1603360
1603376
1603393
1603395
1603402
1603406
1603418
1603456
1603477
1603496
1603505
1603508
1603516
1603530
1603533
1603556
1603567
1603583
1603588
1603599
1603612
1603613
1603619
1603638
1603662
1603663
1603667
1603678
1603690
1603693
1603698
1603707
1603713
1603730
1603733
1603809
1603826
1603866
1603871
1603876
1603881
1603883
1603887
1603888
1603915
1603919
1603927
1603929
1603950
1603983
1603992
1603997
1605011
1605020
1605090
1605099
1605111
1605116
1605118
1605123
1605196
1605198
1605296
1605333
1605376
1605507
1605555
1605599
1688001
1688003
1688005
1688006
1688016
1688025
1688029
1688031
1688032
1688048
1688050
1688062
1688063
1688068
1688083
1688088
1688091
1688097
1688100
1688102
1688106
1688107
1688110
1688116
1688123
1688127
1688128
1688131
1688139
1688141
1688146
1688147
1688150
1688153
1688158
1688165
1688167
1688177
1688182
1688190
1688195
1688205
1688206
1688208
1688232
1688252
1688262
1688279
1688289
1688300
1688306
1688321
1688326
1688327
1688332
1688333
1688351
1688352
1688353
1688362
1688368
1688372
1688380
1688382
1688388
1688390
1688392
1688400
1688403
1688408
1688409
1688432
1688433
1688439
1688443
1688449
1688484
1688486
1688502
1688503
1688515
1688516
1688519
1688522
1688523
1688531
1688536
1688543
1688545
1688548
1688549
1688552
1688559
1688567
1688584
1688586
1688591
1688593
1688596
1688605
1688612
1688627
1688630
1688631
1688639
1688652
1688658
1688660
1688668
1688686
1688690
1688691
1688698
1688700
1688717
1688726
1688766
1688776
1688779
1688789
1688798
1688800
#T+0基金
0158000
0158003
0159001
0159003
0159005
0159010
0159015
0159028
0159040
0159091
0159100
0159101
0159102
0159105
0159109
0159110
0159111
0159112
0159113
0159115
0159116
0159117
0159118
0159120
0159121
0159125
0159126
0159127
0159128
0159130
0159131
0159132
0159135
0159137
0159143
0159152
0159167
0159169
0159170
0159179
0159185
0159186
0159191
0159196
0159198
0159200
0159202
0159210
0159217
0159220
0159237
0159239
0159245
0159251
0159262
0159265
0159266
0159268
0159269
0159271
0159277
0159280
0159281
0159285
0159286
0159297
0159302
0159303
0159312
0159316
0159318
0159323
0159329
0159331
0159333
0159365
0159366
0159395
0159396
0159397
0159398
0159400
0159501
0159502
0159506
0159509
0159513
0159518
0159519
0159529
0159545
0159557
0159561
0159567
0159568
0159569
0159570
0159577
0159600
0159605
0159607
0159612
0159615
0159632
0159636
0159649
0159650
0159651
0159655
0159659
0159660
0159687
0159688
0159691
0159696
0159699
0159700
0159711
0159712
0159718
0159726
0159735
0159740
0159741
0159742
0159747
0159750
0159751
0159776
0159788
0159792
0159812
0159816
0159822
0159830
0159831
0159834
0159850
0159866
0159892
0159920
0159934
0159937
0159941
0159954
0159960
0159972
0159980
0159981
0159985
0160125
0160140
0160216
0160322
0160416
0160644
0160717
0160719
0160723
0160924
0161116
0161124
0161125
0161126
0161127
0161128
0161129
0161130
0161815
0161831
0162411
0162415
0162416
0162719
0163208
0164701
0164705
0164824
0164906
0165513
1501018
1501021
1501023
1501025
1501300
1501301
1501302
1501303
1501305
1501306
1501307
1501310
1501311
1501312
1510900
1511010
1511020
1511030
1511060
1511070
1511090
1511100
1511110
1511120
1511130
1511150
1511160
1511180
1511190
1511200
1511220
1511260
1511270
1511360
1511380
1511520
1511580
1511600
1511620
1511650
1511660
1511670
1511690
1511700
1511770
1511800
1511810
1511820
1511830
1511850
1511860
1511880
1511900
1511910
1511920
1511930
1511950
1511960
1511970
1511980
1511990
1513000
1513010
1513020
1513030
1513040
1513050
1513060
1513070
1513080
1513090
1513100
1513110
1513120
1513130
1513140
1513150
1513160
1513170
1513180
1513190
1513200
1513210
1513220
1513230
1513240
1513260
1513280
1513290
1513300
1513310
1513320
1513330
1513350
1513360
1513380
1513390
1513400
1513500
1513520
1513530
1513550
1513560
1513580
1513590
1513600
1513620
1513630
1513650
1513660
1513690
1513700
1513720
1513730
1513750
1513770
1513780
1513800
1513810
1513820
1513830
1513850
1513860
1513870
1513880
1513890
1513900
1513910
1513920
1513930
1513950
1513970
1513980
1513990
1518600
1518660
1518680
1518800
1518850
1518860
1518880
1518890
1520500
1520510
1520520
1520530
1520550
1520560
1520570
1520580
1520590
1520600
1520610
1520620
1520630
1520650
1520660
1520670
1520680
1520690
1520700
1520710
1520720
1520730
1520740
1520750
1520760
1520770
1520780
1520790
1520810
1520820
1520830
1520840
1520850
1520860
1520870
1520880
1520890
1520900
1520910
1520920
1520930
1520940
1520950
1520960
1520970
1520980
1520990
1526000
1526010
1526030
1526050
1526060
1526070
1551000
1551030
1551060
1551300
1551500
1551510
1551520
1551550
1551560
1551580
1551800
1551900
#含可转债
0000301
0000401
0000422
0000498
0000528
0000552
0000591
0000708
0000723
0000876
0000902
0001202
0001203
0001205
0001269
0001288
0001301
0002049
0002091
0002111
0002120
0002125
0002126
0002135
0002381
0002398
0002430
0002442
0002452
0002459
0002475
0002540
0002541
0002557
0002568
0002598
0002605
0002626
0002698
0002714
0002717
0002753
0002761
0002798
0002810
0002822
0002887
0002918
0002946
0002959
0002973
0002982
0002984
0002988
0002989
0002996
0002998
0003004
0003036
0003816
0300037
0300041
0300054
0300112
0300121
0300151
0300185
0300196
0300239
0300253
0300298
0300305
0300332
0300337
0300351
0300378
0300401
0300406
0300429
0300452
0300453
0300487
0300491
0300498
0300501
0300517
0300529
0300553
0300556
0300563
0300567
0300569
0300601
0300605
0300613
0300614
0300622
0300631
0300644
0300645
0300655
0300663
0300673
0300697
0300705
0300707
0300729
0300737
0300738
0300763
0300775
0300779
0300787
0300791
0300793
0300815
0300818
0300837
0300843
0300853
0300856
0300866
0300869
0300870
0300881
0300890
0300891
0300894
0300911
0300926
0300942
0300948
0300953
0300964
0300966
0300967
0300973
0300992
0300996
0301000
0301004
0301015
0301017
0301036
0301040
0301059
0301062
0301081
0301127
0301186
0301210
0301215
0301216
0301266
0301268
0301398
0301459
0301499
0301565
0301611
0301626
0301628
1600029
1600075
1600370
1600389
1600419
1600438
1600456
1600461
1600481
1600483
1600496
1600521
1600642
1600713
1600745
1600810
1600853
1600903
1600933
1601012
1601016
1601108
1601128
1601139
1601158
1601166
1601229
1601330
1601609
1601633
1601666
1601686
1601778
1601865
1601963
1603018
1603019
1603037
1603055
1603058
1603060
1603067
1603077
1603097
1603105
1603112
1603129
1603176
1603180
1603197
1603208
1603213
1603220
1603233
1603270
1603289
1603290
1603306
1603355
1603377
1603466
1603477
1603486
1603500
1603501
1603529
1603535
1603568
1603585
1603596
1603605
1603609
1603628
1603669
1603689
1603730
1603759
1603786
1603801
1603806
1603809
1603810
1603833
1603877
1603878
1603896
1603916
1603937
1603939
1603979
1603995
1605007
1605058
1605068
1605077
1605116
1605123
1605138
1605166
1605177
1605222
1605319
1605337
1605368
1605488
1605589
1688002
1688003
1688026
1688030
1688066
1688092
1688096
1688103
1688116
1688131
1688147
1688148
1688200
1688208
1688210
1688223
1688239
1688278
1688292
1688300
1688321
1688352
1688357
1688377
1688398
1688401
1688480
1688484
1688502
1688516
1688533
1688589
1688595
1688597
1688599
1688605
1688668
1688676
1688686
1688772
1688779
1688798
1688800
2920839
2920943
#沪深股通ETF
0159107
0159123
0159129
0159133
0159141
0159142
0159201
0159205
0159206
0159209
0159213
0159215
0159218
0159221
0159222
0159227
0159232
0159233
0159235
0159241
0159246
0159258
0159259
0159260
0159263
0159267
0159272
0159273
0159278
0159300
0159305
0159307
0159309
0159310
0159320
0159321
0159326
0159327
0159330
0159336
0159337
0159338
0159339
0159351
0159352
0159353
0159356
0159357
0159358
0159359
0159360
0159361
0159362
0159363
0159368
0159378
0159381
0159382
0159387
0159388
0159399
0159516
0159526
0159530
0159531
0159547
0159549
0159552
0159558
0159559
0159562
0159566
0159581
0159583
0159588
0159590
0159591
0159592
0159593
0159595
0159596
0159599
0159601
0159602
0159603
0159608
0159611
0159623
0159625
0159628
0159629
0159633
0159637
0159638
0159647
0159652
0159667
0159671
0159673
0159680
0159681
0159682
0159690
0159692
0159697
0159698
0159713
0159715
0159731
0159732
0159736
0159745
0159755
0159758
0159766
0159770
0159780
0159781
0159782
0159783
0159790
0159796
0159801
0159805
0159806
0159807
0159813
0159814
0159819
0159820
0159825
0159828
0159837
0159839
0159840
0159841
0159842
0159845
0159847
0159851
0159852
0159857
0159859
0159864
0159865
0159867
0159870
0159871
0159875
0159876
0159880
0159883
0159890
0159898
0159899
0159901
0159903
0159905
0159908
0159909
0159915
0159919
0159922
0159925
0159928
0159929
0159938
0159939
0159940
0159948
0159949
0159952
0159957
0159958
0159959
0159964
0159967
0159968
0159971
0159977
0159992
0159993
0159994
0159995
0159996
0159997
0159998
1510050
1510100
1510150
1510170
1510180
1510210
1510230
1510300
1510310
1510320
1510330
1510350
1510360
1510380
1510390
1510410
1510500
1510510
1510580
1510590
1510710
1510720
1510760
1510810
1510880
1512000
1512020
1512040
1512050
1512080
1512090
1512100
1512170
1512200
1512220
1512290
1512330
1512400
1512480
1512500
1512510
1512560
1512570
1512580
1512600
1512620
1512630
1512660
1512670
1512680
1512690
1512700
1512710
1512720
1512760
1512800
1512810
1512820
1512880
1512890
1512900
1512930
1512950
1512960
1512980
1515000
1515010
1515020
1515030
1515050
1515060
1515070
1515080
1515100
1515120
1515150
1515160
1515170
1515180
1515190
1515210
1515220
1515230
1515250
1515260
1515290
1515300
1515330
1515370
1515380
1515390
1515400
1515450
1515580
1515600
1515630
1515650
1515660
1515680
1515700
1515710
1515750
1515790
1515800
1515810
1515880
1515890
1515900
1515950
1515980
1516020
1516080
1516090
1516100
1516110
1516120
1516130
1516150
1516160
1516290
1516310
1516350
1516460
1516510
1516520
1516570
1516630
1516640
1516650
1516670
1516780
1516820
1516860
1516880
1516920
1516970
1517160
1517300
1517330
1517400
1517520
1517900
1530000
1560010
1560050
1560080
1560090
1560120
1560150
1560170
1560260
1560280
1560350
1560500
1560510
1560530
1560570
1560610
1560700
1560770
1560780
1560800
1560810
1560860
1560880
1561100
1561160
1561230
1561300
1561330
1561360
1561380
1561550
1561560
1561580
1561910
1561980
1561990
1562000
1562080
1562310
1562500
1562510
1562550
1562570
1562590
1562800
1562880
1562930
1562950
1562960
1562970
1562990
1563000
1563020
1563080
1563220
1563230
1563300
1563360
1563380
1563390
1563500
1563520
1563530
1563700
1563760
1563800
1563880
1563900
1563990
1588000
1588020
1588030
1588050
1588060
1588080
1588090
1588120
1588170
1588180
1588190
1588200
1588220
1588230
1588270
1588290
1588300
1588330
1588350
1588380
1588400
1588460
1588710
1588730
1588750
1588760
1588770
1588780
1588790
1588800
1588810
1588830
1588870
1588890
1588900
1588930
1588940
1588990
1589000
1589010
1589020
1589100
1589110
1589520
1589680
1589720
1589800
1589850
1589880
#专精特新
0000032
0000586
0000701
0000795
0000801
0000852
0000988
0001205
0001208
0001223
0001226
0001229
0001230
0001233
0001255
0001256
0001266
0001270
0001279
0001282
0001285
0001301
0001306
0001308
0001309
0001314
0001336
0001339
0001360
0001367
0001369
0001380
0001388
0001390
0001393
0001396
0001400
0001696
0002006
0002054
0002057
0002101
0002112
0002115
0002119
0002131
0002134
0002149
0002158
0002166
0002171
0002179
0002190
0002226
0002231
0002246
0002265
0002270
0002278
0002296
0002298
0002308
0002314
0002324
0002337
0002338
0002340
0002347
0002380
0002393
0002409
0002452
0002478
0002491
0002519
0002522
0002549
0002553
0002560
0002576
0002584
0002587
0002591
0002592
0002606
0002658
0002669
0002675
0002686
0002692
0002698
0002733
0002747
0002757
0002803
0002805
0002809
0002810
0002812
0002817
0002825
0002829
0002833
0002838
0002846
0002849
0002859
0002866
0002869
0002876
0002877
0002881
0002886
0002890
0002892
0002903
0002912
0002915
0002927
0002932
0002933
0002962
0002970
0002971
0002972
0002979
0002983
0002993
0002996
0002997
0003005
0003007
0003008
0003009
0003017
0003025
0003029
0003031
0003033
0003038
0003043
0300004
0300007
0300008
0300016
0300018
0300024
0300035
0300040
0300046
0300053
0300065
0300076
0300101
0300112
0300129
0300145
0300150
0300154
0300159
0300162
0300163
0300165
0300172
0300177
0300179
0300183
0300190
0300195
0300200
0300205
0300213
0300214
0300217
0300220
0300229
0300233
0300234
0300236
0300238
0300239
0300249
0300259
0300264
0300275
0300276
0300283
0300286
0300290
0300302
0300303
0300304
0300305
0300306
0300326
0300331
0300337
0300346
0300354
0300357
0300371
0300382
0300385
0300394
0300401
0300402
0300404
0300405
0300406
0300407
0300410
0300411
0300412
0300414
0300416
0300417
0300423
0300425
0300427
0300428
0300429
0300430
0300440
0300446
0300447
0300452
0300460
0300470
0300471
0300474
0300479
0300480
0300481
0300484
0300486
0300487
0300488
0300493
0300499
0300503
0300508
0300509
0300510
0300515
0300516
0300531
0300534
0300535
0300539
0300540
0300545
0300546
0300548
0300551
0300553
0300557
0300563
0300576
0300581
0300582
0300585
0300586
0300587
0300588
0300589
0300590
0300593
0300594
0300600
0300604
0300606
0300610
0300611
0300613
0300617
0300623
0300631
0300638
0300642
0300643
0300644
0300648
0300652
0300653
0300661
0300665
0300667
0300669
0300671
0300672
0300678
0300680
0300685
0300689
0300693
0300695
0300700
0300706
0300715
0300717
0300718
0300719
0300743
0300753
0300758
0300762
0300769
0300774
0300775
0300777
0300780
0300783
0300784
0300786
0300800
0300806
0300809
0300810
0300811
0300812
0300816
0300817
0300818
0300820
0300823
0300827
0300833
0300834
0300835
0300837
0300838
0300839
0300842
0300846
0300848
0300853
0300855
0300862
0300875
0300876
0300880
0300881
0300882
0300884
0300885
0300893
0300896
0300897
0300900
0300902
0300903
0300905
0300906
0300909
0300922
0300926
0300929
0300930
0300933
0300936
0300942
0300946
0300950
0300951
0300956
0300962
0300964
0300971
0300980
0300981
0300988
0300990
0300991
0301005
0301006
0301007
0301008
0301009
0301010
0301012
0301013
0301019
0301020
0301023
0301028
0301030
0301031
0301040
0301041
0301050
0301053
0301057
0301059
0301060
0301063
0301076
0301077
0301079
0301080
0301081
0301082
0301083
0301086
0301087
0301092
0301095
0301100
0301101
0301107
0301120
0301121
0301125
0301127
0301129
0301131
0301137
0301141
0301148
0301149
0301150
0301151
0301152
0301157
0301158
0301160
0301162
0301168
0301170
0301175
0301179
0301182
0301183
0301186
0301189
0301192
0301195
0301196
0301197
0301198
0301201
0301206
0301209
0301212
0301213
0301218
0301219
0301225
0301232
0301233
0301234
0301235
0301251
0301252
0301255
0301256
0301261
0301266
0301269
0301272
0301273
0301275
0301278
0301283
0301288
0301292
0301295
0301300
0301303
0301306
0301307
0301308
0301309
0301310
0301311
0301312
0301314
0301317
0301319
0301323
0301325
0301328
0301332
0301337
0301338
0301339
0301345
0301349
0301353
0301357
0301359
0301360
0301361
0301362
0301366
0301368
0301369
0301373
0301379
0301383
0301386
0301388
0301389
0301392
0301395
0301396
0301398
0301399
0301413
0301421
0301448
0301459
0301479
0301488
0301489
0301499
0301501
0301509
0301510
0301511
0301515
0301518
0301519
0301522
0301525
0301528
0301531
0301533
0301535
0301536
0301538
0301539
0301548
0301550
0301552
0301556
0301557
0301560
0301563
0301566
0301567
0301568
0301571
0301577
0301580
0301581
0301583
0301585
0301586
0301591
0301595
0301598
0301600
0301602
0301603
0301607
0301608
0301609
0301611
0301616
0301617
0301618
0301622
0301628
0301629
0301630
0301633
0301636
0301666
0301667
0301668
0301669
0301678
0301680
0301683
0301686
0301687
0301717
0302132
1600063
1600099
1600105
1600111
1600148
1600184
1600212
1600238
1600288
1600388
1600436
1600459
1600475
1600481
1600513
1600572
1600734
1600784
1600820
1601026
1601702
1601718
1601798
1601869
1601908
1603004
1603013
1603028
1603029
1603037
1603040
1603041
1603048
1603052
1603061
1603062
1603065
1603066
1603078
1603079
1603088
1603089
1603095
1603098
1603109
1603115
1603119
1603120
1603124
1603127
1603131
1603132
1603158
1603166
1603173
1603185
1603191
1603192
1603201
1603203
1603211
1603212
1603217
1603232
1603248
1603256
1603267
1603268
1603270
1603272
1603275
1603284
1603286
1603290
1603293
1603310
1603311
1603315
1603318
1603321
1603324
1603325
1603330
1603333
1603334
1603339
1603350
1603352
1603370
1603375
1603376
1603381
1603390
1603391
1603396
1603399
1603409
1603435
1603439
1603489
1603496
1603500
1603507
1603520
1603528
1603578
1603579
1603590
1603596
1603607
1603657
1603663
1603666
1603678
1603681
1603690
1603722
1603725
1603727
1603728
1603738
1603757
1603786
1603809
1603826
1603860
1603895
1603912
1603949
1603956
1603966
1603987
1603995
1605016
1605060
1605111
1605118
1605123
1605183
1605199
1605298
1605305
1605358
1605376
1605389
1605399
1605488
1688003
1688010
1688011
1688013
1688016
1688017
1688019
1688020
1688021
1688022
1688025
1688026
1688027
1688032
1688035
1688037
1688039
1688045
1688046
1688048
1688049
1688050
1688057
1688058
1688059
1688060
1688063
1688065
1688067
1688069
1688070
1688071
1688076
1688077
1688079
1688080
1688085
1688090
1688092
1688093
1688100
1688106
1688107
1688108
1688110
1688112
1688113
1688116
1688118
1688120
1688123
1688125
1688127
1688131
1688132
1688135
1688137
1688138
1688141
1688143
1688147
1688150
1688151
1688152
1688153
1688155
1688156
1688157
1688158
1688159
1688162
1688165
1688168
1688170
1688173
1688179
1688181
1688182
1688184
1688186
1688188
1688190
1688191
1688193
1688195
1688198
1688199
1688200
1688201
1688203
1688205
1688206
1688208
1688209
1688210
1688211
1688212
1688213
1688215
1688216
1688218
1688219
1688220
1688226
1688228
1688230
1688233
1688234
1688236
1688237
1688238
1688239
1688244
1688246
1688251
1688257
1688261
1688267
1688268
1688269
1688272
1688273
1688275
1688277
1688280
1688282
1688283
1688286
1688287
1688289
1688290
1688291
1688295
1688296
1688299
1688300
1688301
1688305
1688307
1688308
1688309
1688310
1688312
1688313
1688314
1688317
1688319
1688320
1688322
1688323
1688325
1688327
1688328
1688329
1688330
1688332
1688335
1688338
1688339
1688348
1688350
1688351
1688353
1688355
1688357
1688359
1688360
1688362
1688367
1688368
1688369
1688376
1688377
1688380
1688381
1688386
1688387
1688391
1688392
1688395
1688398
1688399
1688400
1688401
1688403
1688409
1688410
1688411
1688420
1688433
1688435
1688439
1688455
1688458
1688459
1688466
1688478
1688485
1688488
1688489
1688496
1688502
1688503
1688508
1688510
1688511
1688512
1688519
1688522
1688523
1688525
1688528
1688530
1688531
1688535
1688536
1688539
1688548
1688551
1688552
1688558
1688560
1688565
1688571
1688573
1688576
1688577
1688578
1688580
1688582
1688584
1688586
1688589
1688591
1688592
1688595
1688596
1688598
1688600
1688605
1688617
1688618
1688619
1688620
1688621
1688622
1688623
1688625
1688626
1688627
1688628
1688630
1688633
1688635
1688636
1688646
1688648
1688651
1688652
1688653
1688655
1688659
1688661
1688665
1688667
1688671
1688676
1688677
1688679
1688681
1688685
1688687
1688689
1688690
1688691
1688693
1688695
1688696
1688698
1688699
1688700
1688708
1688711
1688712
1688716
1688720
1688721
1688722
1688726
1688733
1688737
1688750
1688755
1688758
1688768
1688776
1688778
1688786
1688787
1688793
1688797
1688798
1688799
1688800
1688808
1688828
1688835
1688836
2920000
2920001
2920002
2920005
2920006
2920008
2920009
2920011
2920012
2920014
2920015
2920017
2920020
2920022
2920026
2920027
2920035
2920037
2920038
2920046
2920055
2920056
2920057
2920061
2920062
2920066
2920068
2920072
2920076
2920077
2920078
2920081
2920083
2920086
2920088
2920091
2920092
2920093
2920096
2920098
2920099
2920101
2920110
2920111
2920116
2920118
2920125
2920128
2920130
2920136
2920139
2920152
2920156
2920158
2920160
2920161
2920167
2920168
2920169
2920174
2920175
2920177
2920178
2920179
2920181
2920183
2920186
2920189
2920193
2920195
2920198
2920200
2920204
2920206
2920207
2920211
2920218
2920220
2920221
2920222
2920223
2920225
2920230
2920237
2920239
2920245
2920247
2920252
2920258
2920260
2920263
2920267
2920270
2920273
2920274
2920284
2920288
2920289
2920300
2920305
2920344
2920357
2920363
2920374
2920375
2920378
2920394
2920396
2920407
2920414
2920418
2920425
2920436
2920438
2920454
2920455
2920469
2920475
2920476
2920489
2920491
2920496
2920505
2920509
2920510
2920519
2920522
2920523
2920526
2920527
2920533
2920541
2920547
2920570
2920576
2920578
2920579
2920580
2920593
2920608
2920634
2920640
2920642
2920651
2920662
2920663
2920665
2920675
2920682
2920685
2920689
2920690
2920693
2920694
2920701
2920703
2920706
2920719
2920720
2920725
2920751
2920781
2920792
2920808
2920809
2920810
2920821
2920833
2920837
2920839
2920855
2920856
2920870
2920876
2920879
2920885
2920895
2920896
2920914
2920924
2920925
2920931
2920932
2920942
2920946
2920957
2920961
2920964
2920970
2920971
2920978
2920981
2920982
2920992
#国证2000
0000012
0000019
0000025
0000026
0000028
0000029
0000030
0000035
0000036
0000045
0000048
0000049
0000058
0000061
0000065
0000089
0000090
0000096
0000099
0000156
0000404
0000409
0000417
0000420
0000422
0000498
0000501
0000505
0000506
0000507
0000521
0000523
0000524
0000526
0000531
0000532
0000533
0000534
0000541
0000544
0000550
0000551
0000552
0000555
0000557
0000560
0000567
0000576
0000589
0000592
0000597
0000600
0000601
0000603
0000612
0000620
0000628
0000631
0000650
0000652
0000655
0000672
0000676
0000680
0000681
0000682
0000685
0000690
0000700
0000713
0000718
0000719
0000722
0000727
0000735
0000751
0000753
0000755
0000756
0000758
0000762
0000766
0000767
0000777
0000779
0000791
0000795
0000797
0000801
0000810
0000811
0000815
0000819
0000823
0000828
0000829
0000833
0000837
0000848
0000852
0000860
0000862
0000863
0000880
0000885
0000886
0000888
0000899
0000900
0000905
0000913
0000915
0000917
0000919
0000920
0000922
0000923
0000928
0000936
0000948
0000949
0000950
0000957
0000962
0000968
0000969
0000973
0000989
0000990
0000993
0001208
0001212
0001221
0001227
0001236
0001258
0001267
0001283
0001285
0001287
0001288
0001298
0001301
0001306
0001311
0001314
0001328
0001337
0001338
0001339
0001359
0001376
0001379
0001380
0001382
0001388
0001400
0001896
0001914
0002003
0002004
0002006
0002011
0002016
0002017
0002020
0002023
0002026
0002029
0002033
0002034
0002035
0002036
0002039
0002041
0002043
0002045
0002046
0002048
0002051
0002052
0002053
0002057
0002060
0002061
0002062
0002063
0002067
0002073
0002075
0002077
0002079
0002081
0002083
0002090
0002091
0002093
0002094
0002096
0002099
0002100
0002101
0002103
0002104
0002106
0002108
0002110
0002111
0002116
0002117
0002119
0002121
0002123
0002125
0002132
0002134
0002137
0002139
0002140
0002148
0002149
0002150
0002154
0002158
0002160
0002164
0002165
0002166
0002167
0002170
0002171
0002174
0002181
0002182
0002183
0002187
0002191
0002192
0002194
0002196
0002201
0002204
0002206
0002210
0002212
0002215
0002216
0002218
0002219
0002221
0002225
0002226
0002232
0002233
0002237
0002239
0002242
0002243
0002245
0002246
0002250
0002254
0002255
0002258
0002263
0002267
0002274
0002276
0002279
0002283
0002284
0002287
0002290
0002292
0002293
0002296
0002297
0002300
0002301
0002303
0002315
0002317
0002321
0002324
0002328
0002332
0002334
0002338
0002342
0002344
0002345
0002346
0002349
0002351
0002354
0002361
0002364
0002365
0002367
0002376
0002380
0002390
0002392
0002393
0002396
0002398
0002400
0002401
0002404
0002406
0002416
0002419
0002421
0002427
0002428
0002434
0002437
0002438
0002440
0002441
0002443
0002445
0002446
0002448
0002449
0002452
0002454
0002455
0002458
0002462
0002467
0002469
0002478
0002479
0002481
0002483
0002488
0002489
0002491
0002498
0002507
0002510
0002511
0002515
0002516
0002522
0002523
0002526
0002530
0002531
0002533
0002534
0002536
0002537
0002539
0002540
0002541
0002543
0002544
0002546
0002549
0002550
0002552
0002553
0002556
0002557
0002559
0002560
0002562
0002563
0002564
0002565
0002567
0002570
0002572
0002579
0002580
0002583
0002584
0002587
0002588
0002590
0002597
0002605
0002606
0002609
0002611
0002612
0002613
0002614
0002615
0002626
0002627
0002632
0002635
0002636
0002637
0002639
0002641
0002642
0002643
0002644
0002645
0002646
0002647
0002649
0002651
0002654
0002655
0002658
0002662
0002664
0002666
0002668
0002675
0002676
0002681
0002685
0002688
0002695
0002697
0002698
0002701
0002703
0002705
0002706
0002707
0002708
0002718
0002721
0002724
0002727
0002728
0002730
0002733
0002734
0002737
0002745
0002746
0002755
0002757
0002758
0002761
0002765
0002766
0002768
0002777
0002779
0002782
0002783
0002791
0002792
0002801
0002803
0002807
0002810
0002815
0002823
0002824
0002827
0002832
0002833
0002838
0002839
0002840
0002842
0002843
0002845
0002846
0002847
0002859
0002860
0002866
0002867
0002869
0002870
0002876
0002881
0002882
0002884
0002885
0002886
0002889
0002891
0002892
0002895
0002896
0002897
0002900
0002908
0002911
0002912
0002913
0002915
0002918
0002919
0002922
0002923
0002925
0002928
0002929
0002930
0002931
0002933
0002935
0002936
0002937
0002940
0002941
0002943
0002946
0002947
0002948
0002950
0002953
0002955
0002956
0002957
0002959
0002960
0002961
0002962
0002965
0002967
0002969
0002970
0002971
0002973
0002975
0002979
0002983
0002985
0002986
0002987
0002988
0002990
0002991
0002992
0002993
0002996
0002997
0003005
0003006
0003009
0003010
0003012
0003019
0003020
0003026
0003037
0003038
0003039
0003040
0003041
0003043
0300005
0300006
0300007
0300008
0300011
0300019
0300021
0300026
0300031
0300032
0300035
0300036
0300039
0300040
0300041
0300042
0300043
0300045
0300046
0300047
0300048
0300049
0300053
0300055
0300057
0300061
0300063
0300065
0300066
0300067
0300070
0300072
0300075
0300077
0300079
0300080
0300083
0300085
0300098
0300099
0300101
0300107
0300109
0300111
0300113
0300119
0300120
0300121
0300127
0300128
0300129
0300130
0300131
0300133
0300134
0300138
0300139
0300140
0300143
0300145
0300149
0300151
0300153
0300158
0300160
0300161
0300166
0300168
0300170
0300171
0300174
0300177
0300179
0300180
0300181
0300183
0300184
0300185
0300188
0300189
0300191
0300192
0300193
0300194
0300196
0300197
0300199
0300201
0300203
0300204
0300206
0300210
0300213
0300215
0300217
0300219
0300222
0300224
0300226
0300227
0300228
0300229
0300231
0300232
0300233
0300236
0300241
0300244
0300248
0300249
0300250
0300252
0300256
0300257
0300258
0300260
0300261
0300263
0300265
0300266
0300267
0300271
0300272
0300276
0300277
0300278
0300284
0300286
0300287
0300288
0300291
0300292
0300293
0300294
0300298
0300299
0300300
0300302
0300303
0300304
0300307
0300310
0300315
0300319
0300320
0300322
0300323
0300324
0300327
0300328
0300331
0300332
0300337
0300341
0300342
0300345
0300348
0300349
0300351
0300353
0300354
0300355
0300357
0300358
0300360
0300363
0300368
0300369
0300370
0300376
0300377
0300378
0300380
0300382
0300384
0300386
0300388
0300389
0300393
0300397
0300398
0300399
0300400
0300401
0300402
0300403
0300404
0300406
0300409
0300411
0300415
0300416
0300420
0300421
0300423
0300428
0300429
0300434
0300435
0300436
0300440
0300443
0300444
0300446
0300447
0300448
0300451
0300453
0300455
0300456
0300463
0300465
0300466
0300468
0300469
0300470
0300471
0300480
0300481
0300482
0300485
0300486
0300488
0300489
0300490
0300492
0300493
0300494
0300497
0300499
0300503
0300504
0300505
0300507
0300516
0300520
0300522
0300523
0300525
0300528
0300530
0300531
0300532
0300533
0300539
0300541
0300542
0300545
0300547
0300551
0300552
0300559
0300563
0300566
0300569
0300571
0300576
0300578
0300579
0300580
0300581
0300582
0300584
0300586
0300587
0300589
0300590
0300592
0300593
0300595
0300596
0300598
0300602
0300603
0300607
0300608
0300611
0300613
0300617
0300618
0300619
0300622
0300624
0300629
0300632
0300633
0300634
0300638
0300639
0300641
0300648
0300652
0300655
0300656
0300657
0300659
0300660
0300662
0300663
0300671
0300673
0300674
0300678
0300680
0300681
0300684
0300685
0300687
0300688
0300689
0300691
0300693
0300695
0300696
0300697
0300698
0300702
0300705
0300706
0300708
0300709
0300711
0300712
0300719
0300720
0300722
0300723
0300725
0300727
0300731
0300733
0300737
0300738
0300739
0300740
0300741
0300747
0300752
0300755
0300756
0300758
0300762
0300766
0300768
0300769
0300770
0300772
0300781
0300783
0300785
0300788
0300790
0300791
0300792
0300793
0300795
0300797
0300802
0300806
0300809
0300811
0300814
0300815
0300820
0300821
0300822
0300825
0300827
0300830
0300835
0300840
0300841
0300842
0300843
0300846
0300847
0300848
0300850
0300852
0300855
0300856
0300858
0300859
0300860
0300861
0300862
0300863
0300869
0300872
0300873
0300875
0300879
0300881
0300882
0300887
0300893
0300894
0300895
0300900
0300903
0300904
0300905
0300909
0300910
0300911
0300913
0300917
0300918
0300925
0300926
0300933
0300938
0300940
0300941
0300946
0300951
0300962
0300963
0300968
0300969
0300973
0300975
0300976
0300978
0300981
0300982
0300984
0300986
0300990
0300996
0300997
0301000
0301005
0301007
0301015
0301017
0301018
0301021
0301025
0301026
0301031
0301039
0301047
0301048
0301050
0301051
0301058
0301061
0301069
0301071
0301073
0301076
0301078
0301080
0301085
0301086
0301087
0301090
0301091
0301093
0301095
0301096
0301099
0301101
0301109
0301110
0301120
0301123
0301127
0301128
0301137
0301141
0301149
0301150
0301153
0301155
0301160
0301162
0301168
0301171
0301172
0301175
0301177
0301179
0301180
0301183
0301187
0301191
0301196
0301202
0301205
0301207
0301209
0301211
0301215
0301216
0301219
0301221
0301225
0301238
0301239
0301246
0301251
0301256
0301259
0301261
0301262
0301263
0301266
0301268
0301280
0301285
0301286
0301291
0301292
0301293
0301303
0301306
0301307
0301310
0301311
0301312
0301315
0301316
0301325
0301326
0301327
0301328
0301330
0301333
0301339
0301345
0301348
0301349
0301357
0301362
0301363
0301366
0301367
0301368
0301369
0301371
0301381
0301382
0301383
0301389
0301391
0301392
0301393
0301396
0301408
0301413
0301421
0301439
0301456
0301458
0301468
0301479
0301486
0301487
0301488
0301489
0301491
0301500
0301501
0301507
0301508
0301509
0301510
0301511
0301516
0301517
0301522
0301525
0301529
0301535
0301538
0301548
0301551
0301556
0301558
0301559
0301563
0301565
0301566
0301571
0301584
0301590
0301592
0301596
0301600
0301603
0301607
0301608
0301609
0301613
0301617
0301622
0301626
0301628
0301629
0301630
0301631
0301632
0301658
0301662
0301665
0301678
1600007
1600012
1600017
1600020
1600033
1600054
1600055
1600059
1600063
1600064
1600071
1600073
1600088
1600094
1600101
1600103
1600106
1600108
1600113
1600114
1600116
1600121
1600123
1600125
1600129
1600133
1600138
1600155
1600158
1600162
1600163
1600167
1600179
1600184
1600186
1600195
1600197
1600201
1600206
1600210
1600211
1600212
1600216
1600217
1600218
1600223
1600226
1600230
1600237
1600248
1600251
1600255
1600259
1600266
1600267
1600268
1600269
1600273
1600278
1600279
1600284
1600285
1600300
1600305
1600313
1600315
1600318
1600320
1600325
1600328
1600330
1600335
1600338
1600345
1600351
1600353
1600366
1600367
1600368
1600373
1600388
1600389
1600391
1600395
1600399
1600409
1600420
1600422
1600425
1600428
1600429
1600433
1600446
1600449
1600452
1600458
1600459
1600461
1600468
1600475
1600477
1600478
1600479
1600480
1600481
1600490
1600496
1600502
1600507
1600508
1600509
1600510
1600512
1600520
1600523
1600526
1600529
1600531
1600548
1600550
1600551
1600552
1600556
1600557
1600559
1600567
1600571
1600572
1600575
1600576
1600586
1600587
1600590
1600592
1600596
1600597
1600602
1600603
1600604
1600605
1600609
1600610
1600612
1600618
1600619
1600620
1600626
1600628
1600629
1600633
1600635
1600639
1600640
1600644
1600645
1600649
1600650
1600651
1600654
1600662
1600664
1600682
1600686
1600693
1600694
1600710
1600713
1600717
1600724
1600726
1600728
1600729
1600738
1600740
1600742
1600744
1600746
1600750
1600751
1600756
1600757
1600758
1600771
1600776
1600780
1600782
1600783
1600787
1600789
1600794
1600808
1600812
1600814
1600821
1600826
1600827
1600835
1600846
1600850
1600861
1600864
1600866
1600869
1600872
1600874
1600877
1600882
1600888
1600894
1600903
1600908
1600917
1600929
1600955
1600961
1600962
1600966
1600971
1600975
1600976
1600979
1600982
1600983
1600986
1600987
1600993
1600997
1601003
1601008
1601020
1601022
1601026
1601033
1601038
1601068
1601083
1601086
1601089
1601096
1601101
1601107
1601116
1601121
1601133
1601137
1601158
1601163
1601177
1601188
1601200
1601222
1601226
1601279
1601311
1601326
1601330
1601339
1601369
1601375
1601388
1601500
1601512
1601528
1601566
1601579
1601595
1601599
1601606
1601609
1601619
1601678
1601686
1601778
1601789
1601801
1601811
1601827
1601860
1601882
1601886
1601890
1601900
1601949
1601952
1601963
1601968
1601975
1603002
1603004
1603009
1603010
1603012
1603013
1603014
1603015
1603016
1603018
1603026
1603027
1603031
1603032
1603033
1603035
1603039
1603040
1603043
1603050
1603052
1603053
1603055
1603057
1603058
1603061
1603063
1603067
1603072
1603078
1603081
1603085
1603093
1603098
1603099
1603100
1603103
1603105
1603108
1603109
1603111
1603112
1603115
1603118
1603121
1603122
1603124
1603125
1603127
1603128
1603132
1603135
1603158
1603162
1603163
1603166
1603167
1603169
1603171
1603173
1603181
1603185
1603186
1603187
1603191
1603193
1603194
1603197
1603200
1603202
1603203
1603206
1603209
1603211
1603216
1603218
1603219
1603220
1603223
1603227
1603229
1603239
1603257
1603258
1603266
1603267
1603270
1603271
1603273
1603275
1603279
1603281
1603283
1603286
1603291
1603297
1603299
1603300
1603301
1603306
1603312
1603315
1603317
1603319
1603323
1603325
1603327
1603328
1603337
1603339
1603344
1603348
1603355
1603358
1603360
1603366
1603367
1603368
1603370
1603380
1603381
1603383
1603393
1603395
1603396
1603406
1603416
1603418
1603477
1603489
1603496
1603505
1603507
1603508
1603520
1603530
1603533
1603535
1603538
1603566
1603567
1603579
1603583
1603588
1603590
1603599
1603601
1603610
1603611
1603612
1603615
1603618
1603619
1603629
1603630
1603633
1603662
1603663
1603667
1603668
1603680
1603683
1603686
1603687
1603690
1603693
1603697
1603698
1603701
1603708
1603711
1603713
1603730
1603738
1603757
1603758
1603767
1603800
1603809
1603815
1603823
1603855
1603859
1603861
1603866
1603867
1603868
1603876
1603877
1603878
1603881
1603883
1603888
1603889
1603890
1603897
1603901
1603912
1603915
1603919
1603931
1603938
1603950
1603960
1603966
1603969
1603977
1603983
1603985
1603988
1603989
1603992
1603995
1603997
1605005
1605009
1605011
1605016
1605018
1605020
1605050
1605056
1605060
1605077
1605088
1605099
1605100
1605108
1605116
1605118
1605123
1605128
1605133
1605167
1605168
1605179
1605183
1605188
1605196
1605198
1605222
1605228
1605255
1605277
1605286
1605288
1605289
1605296
1605298
1605305
1605319
1605333
1605337
1605338
1605339
1605365
1605376
1605378
1605389
1605399
1605488
1605507
1605555
1605577
1605580
1605598
1605599
1688001
1688003
1688006
1688007
1688010
1688016
1688020
1688023
1688025
1688029
1688031
1688032
1688035
1688046
1688049
1688050
1688055
1688059
1688062
1688063
1688068
1688073
1688083
1688084
1688085
1688087
1688088
1688091
1688093
1688095
1688097
1688103
1688106
1688107
1688108
1688109
1688112
1688116
1688117
1688123
1688125
1688127
1688128
1688131
1688136
1688138
1688139
1688141
1688143
1688146
1688150
1688151
1688152
1688155
1688158
1688159
1688160
1688161
1688165
1688166
1688167
1688168
1688173
1688176
1688177
1688179
1688182
1688185
1688186
1688190
1688191
1688196
1688198
1688202
1688206
1688207
1688208
1688209
1688210
1688212
1688219
1688221
1688222
1688225
1688226
1688227
1688228
1688230
1688231
1688232
1688233
1688238
1688239
1688252
1688253
1688258
1688259
1688261
1688262
1688268
1688275
1688276
1688277
1688279
1688289
1688290
1688293
1688298
1688299
1688300
1688302
1688305
1688306
1688308
1688311
1688315
1688319
1688320
1688321
1688325
1688326
1688327
1688332
1688333
1688334
1688337
1688339
1688348
1688351
1688352
1688353
1688359
1688360
1688362
1688365
1688368
1688371
1688372
1688376
1688377
1688378
1688380
1688381
1688382
1688383
1688386
1688388
1688390
1688392
1688399
1688400
1688401
1688403
1688408
1688409
1688410
1688416
1688418
1688428
1688432
1688439
1688443
1688449
1688478
1688480
1688484
1688486
1688488
1688499
1688502
1688503
1688507
1688508
1688510
1688512
1688513
1688515
1688516
1688518
1688519
1688522
1688523
1688531
1688533
1688535
1688539
1688543
1688545
1688548
1688549
1688550
1688552
1688553
1688556
1688559
1688562
1688566
1688575
1688577
1688579
1688583
1688584
1688586
1688588
1688590
1688591
1688593
1688595
1688596
1688598
1688601
1688603
1688605
1688609
1688611
1688612
1688620
1688621
1688625
1688626
1688627
1688630
1688631
1688636
1688639
1688648
1688652
1688653
1688656
1688658
1688660
1688661
1688663
1688668
1688678
1688680
1688685
1688686
1688687
1688690
1688691
1688696
1688697
1688698
1688700
1688707
1688708
1688710
1688711
1688717
1688721
1688726
1688733
1688750
1688757
1688758
1688767
1688776
1688779
1688787
1688788
1688789
1688798
1688799
1688800
2920002
2920029
2920047
2920077
2920116
2920139
2920249
2920368
2920394
2920402
2920493
2920522
2920576
2920593
2920599
2920640
2920799
2920808
#中证2000
0000011
0000014
0000017
0000019
0000025
0000026
0000036
0000037
0000045
0000068
0000070
0000090
0000096
0000151
0000153
0000159
0000404
0000407
0000409
0000411
0000417
0000419
0000421
0000428
0000501
0000505
0000507
0000509
0000510
0000514
0000517
0000520
0000521
0000523
0000524
0000526
0000530
0000531
0000532
0000533
0000541
0000551
0000554
0000558
0000560
0000561
0000565
0000570
0000576
0000589
0000593
0000597
0000601
0000607
0000631
0000635
0000652
0000655
0000659
0000670
0000700
0000701
0000705
0000707
0000710
0000713
0000715
0000716
0000717
0000718
0000721
0000722
0000726
0000731
0000735
0000751
0000753
0000756
0000759
0000777
0000779
0000782
0000788
0000797
0000798
0000803
0000812
0000815
0000816
0000819
0000822
0000823
0000850
0000852
0000859
0000862
0000863
0000868
0000882
0000886
0000888
0000892
0000897
0000900
0000905
0000912
0000915
0000919
0000920
0000922
0000925
0000926
0000931
0000936
0000948
0000949
0000957
0000965
0000968
0000978
0000989
0000993
0001205
0001206
0001207
0001208
0001212
0001215
0001216
0001217
0001222
0001223
0001229
0001239
0001258
0001266
0001277
0001282
0001283
0001285
0001288
0001296
0001298
0001300
0001306
0001311
0001313
0001314
0001316
0001317
0001318
0001319
0001325
0001328
0001332
0001335
0001338
0001356
0001360
0001367
0001376
0001379
0001380
0001388
0001390
0001395
0001396
0001400
0002009
0002016
0002021
0002022
0002026
0002029
0002033
0002034
0002035
0002037
0002039
0002040
0002042
0002052
0002054
0002057
0002059
0002062
0002066
0002067
0002079
0002083
0002090
0002094
0002095
0002098
0002103
0002106
0002107
0002108
0002111
0002112
0002115
0002116
0002117
0002119
0002124
0002132
0002134
0002135
0002137
0002140
0002146
0002148
0002150
0002154
0002160
0002161
0002162
0002164
0002165
0002166
0002167
0002169
0002172
0002177
0002178
0002184
0002186
0002187
0002189
0002191
0002196
0002201
0002206
0002208
0002210
0002213
0002218
0002219
0002224
0002225
0002228
0002229
0002232
0002235
0002238
0002242
0002248
0002255
0002263
0002264
0002269
0002272
0002274
0002277
0002278
0002279
0002283
0002284
0002285
0002286
0002293
0002296
0002297
0002298
0002300
0002301
0002303
0002314
0002321
0002322
0002328
0002330
0002331
0002333
0002334
0002337
0002339
0002342
0002343
0002344
0002346
0002348
0002349
0002350
0002357
0002358
0002361
0002362
0002363
0002365
0002367
0002369
0002374
0002375
0002376
0002377
0002380
0002386
0002390
0002391
0002392
0002393
0002394
0002395
0002398
0002401
0002404
0002406
0002418
0002419
0002420
0002427
0002437
0002438
0002440
0002441
0002443
0002445
0002446
0002448
0002449
0002451
0002452
0002454
0002455
0002457
0002462
0002467
0002469
0002471
0002474
0002476
0002478
0002479
0002480
0002481
0002483
0002489
0002491
0002510
0002515
0002519
0002520
0002522
0002523
0002526
0002527
0002530
0002533
0002540
0002543
0002546
0002548
0002551
0002552
0002553
0002554
0002556
0002559
0002560
0002561
0002562
0002564
0002565
0002570
0002574
0002575
0002576
0002577
0002578
0002579
0002580
0002584
0002587
0002589
0002590
0002593
0002599
0002606
0002609
0002612
0002613
0002614
0002615
0002616
0002627
0002628
0002631
0002632
0002637
0002638
0002640
0002641
0002642
0002644
0002645
0002646
0002649
0002655
0002658
0002659
0002660
0002662
0002663
0002664
0002666
0002669
0002671
0002674
0002676
0002677
0002682
0002685
0002686
0002688
0002692
0002695
0002697
0002703
0002707
0002708
0002718
0002722
0002724
0002725
0002728
0002730
0002733
0002734
0002735
0002741
0002746
0002752
0002757
0002758
0002765
0002766
0002769
0002771
0002772
0002774
0002777
0002782
0002783
0002785
0002786
0002787
0002788
0002793
0002796
0002801
0002803
0002805
0002810
0002811
0002813
0002819
0002823
0002824
0002825
0002826
0002829
0002833
0002835
0002842
0002843
0002845
0002846
0002849
0002852
0002860
0002862
0002863
0002864
0002866
0002869
0002870
0002871
0002875
0002876
0002877
0002878
0002879
0002884
0002885
0002886
0002889
0002893
0002899
0002900
0002902
0002903
0002905
0002907
0002908
0002912
0002915
0002917
0002918
0002919
0002923
0002927
0002930
0002931
0002933
0002935
0002937
0002940
0002943
0002950
0002952
0002953
0002955
0002956
0002957
0002959
0002962
0002969
0002970
0002971
0002973
0002975
0002976
0002980
0002981
0002982
0002983
0002986
0002988
0002989
0002990
0002991
0002995
0002996
0002997
0003000
0003001
0003002
0003005
0003007
0003009
0003012
0003015
0003016
0003018
0003019
0003020
0003025
0003026
0003029
0003033
0003036
0003037
0003038
0003040
0003041
0003043
0300004
0300005
0300011
0300016
0300018
0300019
0300021
0300022
0300025
0300032
0300039
0300040
0300041
0300042
0300043
0300046
0300048
0300050
0300053
0300055
0300056
0300057
0300061
0300062
0300063
0300066
0300067
0300071
0300079
0300086
0300092
0300094
0300095
0300099
0300105
0300107
0300110
0300111
0300120
0300121
0300129
0300132
0300135
0300138
0300139
0300143
0300145
0300148
0300149
0300150
0300151
0300160
0300161
0300162
0300164
0300172
0300174
0300179
0300189
0300191
0300192
0300193
0300194
0300195
0300196
0300200
0300201
0300203
0300206
0300210
0300213
0300215
0300217
0300218
0300219
0300221
0300222
0300227
0300228
0300230
0300231
0300232
0300235
0300238
0300239
0300240
0300241
0300247
0300248
0300249
0300250
0300252
0300258
0300259
0300263
0300264
0300265
0300267
0300272
0300275
0300277
0300278
0300279
0300283
0300286
0300288
0300291
0300292
0300293
0300299
0300302
0300304
0300306
0300307
0300310
0300314
0300317
0300318
0300320
0300328
0300331
0300332
0300335
0300340
0300345
0300349
0300350
0300351
0300354
0300355
0300358
0300359
0300365
0300374
0300375
0300380
0300381
0300382
0300384
0300386
0300388
0300389
0300399
0300400
0300401
0300402
0300403
0300404
0300406
0300407
0300411
0300414
0300420
0300421
0300423
0300424
0300426
0300427
0300429
0300434
0300435
0300440
0300441
0300444
0300445
0300447
0300448
0300452
0300453
0300461
0300465
0300466
0300467
0300470
0300471
0300473
0300479
0300480
0300481
0300483
0300484
0300485
0300486
0300488
0300489
0300490
0300491
0300494
0300499
0300501
0300504
0300505
0300507
0300508
0300510
0300511
0300512
0300513
0300515
0300516
0300520
0300522
0300523
0300531
0300532
0300533
0300534
0300537
0300538
0300539
0300540
0300541
0300542
0300543
0300545
0300546
0300547
0300550
0300551
0300553
0300557
0300559
0300560
0300562
0300563
0300565
0300566
0300569
0300571
0300572
0300575
0300578
0300581
0300582
0300584
0300586
0300587
0300589
0300590
0300592
0300596
0300603
0300606
0300608
0300611
0300612
0300616
0300617
0300619
0300622
0300629
0300631
0300632
0300636
0300639
0300643
0300644
0300647
0300648
0300650
0300652
0300654
0300656
0300658
0300662
0300664
0300667
0300673
0300681
0300683
0300688
0300689
0300690
0300691
0300692
0300695
0300696
0300697
0300698
0300700
0300701
0300703
0300705
0300706
0300708
0300709
0300711
0300712
0300715
0300719
0300720
0300722
0300727
0300729
0300731
0300733
0300739
0300740
0300741
0300745
0300746
0300752
0300756
0300758
0300771
0300774
0300781
0300785
0300786
0300787
0300788
0300789
0300790
0300791
0300792
0300793
0300797
0300798
0300801
0300802
0300805
0300812
0300815
0300816
0300817
0300818
0300819
0300822
0300824
0300825
0300828
0300829
0300830
0300834
0300835
0300836
0300840
0300842
0300843
0300847
0300848
0300852
0300853
0300856
0300858
0300859
0300862
0300863
0300867
0300869
0300871
0300873
0300875
0300879
0300880
0300881
0300882
0300884
0300885
0300890
0300891
0300892
0300893
0300895
0300897
0300898
0300900
0300902
0300903
0300904
0300905
0300909
0300911
0300916
0300917
0300918
0300920
0300921
0300922
0300927
0300930
0300932
0300933
0300936
0300937
0300938
0300939
0300940
0300941
0300943
0300945
0300946
0300947
0300950
0300951
0300952
0300956
0300959
0300960
0300962
0300963
0300964
0300967
0300968
0300973
0300975
0300976
0300978
0300980
0300982
0300984
0300985
0300986
0300987
0300988
0300989
0300991
0300993
0300994
0300995
0300996
0300997
0301003
0301007
0301008
0301009
0301011
0301012
0301013
0301016
0301017
0301021
0301023
0301025
0301026
0301028
0301032
0301033
0301036
0301038
0301041
0301042
0301046
0301048
0301051
0301052
0301058
0301060
0301062
0301066
0301067
0301069
0301070
0301073
0301076
0301077
0301079
0301080
0301082
0301083
0301085
0301086
0301092
0301093
0301096
0301099
0301110
0301111
0301112
0301116
0301119
0301120
0301121
0301122
0301123
0301128
0301129
0301132
0301135
0301136
0301137
0301138
0301141
0301148
0301149
0301150
0301151
0301152
0301157
0301159
0301160
0301161
0301162
0301168
0301169
0301172
0301176
0301178
0301179
0301181
0301183
0301185
0301186
0301187
0301188
0301190
0301191
0301199
0301201
0301202
0301206
0301208
0301209
0301210
0301211
0301213
0301220
0301221
0301226
0301229
0301230
0301235
0301239
0301246
0301248
0301251
0301252
0301255
0301256
0301257
0301258
0301259
0301260
0301261
0301265
0301266
0301270
0301277
0301279
0301280
0301281
0301282
0301283
0301285
0301289
0301292
0301299
0301302
0301303
0301305
0301306
0301307
0301310
0301311
0301312
0301313
0301315
0301318
0301319
0301320
0301322
0301323
0301326
0301328
0301329
0301330
0301333
0301335
0301337
0301338
0301348
0301349
0301357
0301360
0301361
0301362
0301365
0301366
0301367
0301368
0301369
0301370
0301373
0301378
0301379
0301380
0301382
0301383
0301386
0301387
0301388
0301391
0301393
0301397
0301398
0301399
0301408
0301419
0301428
0301439
0301449
0301456
0301459
0301468
0301479
0301491
0301499
0301501
0301507
0301508
0301509
0301516
0301517
0301518
0301525
0301528
0301529
0301533
0301535
0301538
0301548
0301557
0301558
0301559
0301560
0301566
0301567
0301568
0301575
0301580
0301586
0301587
0301590
0301591
0301595
0301596
0301603
0301607
0301608
0301609
0301613
0301616
0301617
0301628
0301629
0301630
0301636
0301667
0301668
0301687
1600020
1600052
1600054
1600067
1600071
1600073
1600081
1600088
1600101
1600103
1600106
1600108
1600121
1600125
1600127
1600135
1600138
1600152
1600162
1600168
1600173
1600178
1600189
1600191
1600195
1600197
1600203
1600207
1600212
1600215
1600218
1600222
1600223
1600230
1600237
1600249
1600250
1600251
1600255
1600261
1600262
1600278
1600279
1600280
1600284
1600288
1600293
1600300
1600310
1600313
1600318
1600327
1600336
1600351
1600354
1600367
1600368
1600379
1600382
1600396
1600397
1600400
1600405
1600419
1600425
1600429
1600433
1600449
1600467
1600468
1600469
1600470
1600477
1600479
1600488
1600495
1600496
1600501
1600503
1600505
1600506
1600510
1600512
1600513
1600520
1600523
1600526
1600527
1600545
1600551
1600558
1600569
1600571
1600576
1600590
1600592
1600593
1600594
1600603
1600605
1600609
1600610
1600613
1600616
1600617
1600620
1600622
1600626
1600628
1600630
1600638
1600644
1600650
1600653
1600658
1600661
1600668
1600679
1600681
1600684
1600693
1600694
1600698
1600708
1600713
1600714
1600721
1600722
1600724
1600727
1600731
1600736
1600738
1600742
1600749
1600756
1600758
1600769
1600780
1600784
1600785
1600792
1600793
1600794
1600796
1600798
1600805
1600814
1600819
1600822
1600824
1600825
1600826
1600828
1600829
1600830
1600833
1600838
1600843
1600846
1600851
1600853
1600855
1600858
1600860
1600861
1600865
1600868
1600874
1600880
1600894
1600897
1600903
1600939
1600960
1600962
1600966
1600973
1600976
1600979
1600980
1600981
1600982
1600987
1600992
1601002
1601007
1601008
1601086
1601113
1601116
1601121
1601133
1601163
1601177
1601188
1601218
1601226
1601330
1601339
1601388
1601500
1601566
1601579
1601588
1601599
1601616
1601686
1601700
1601789
1601798
1601886
1601929
1601956
1601968
1603002
1603004
1603006
1603011
1603012
1603015
1603016
1603018
1603020
1603031
1603032
1603035
1603036
1603037
1603038
1603040
1603050
1603051
1603052
1603058
1603061
1603062
1603065
1603069
1603076
1603078
1603081
1603082
1603085
1603086
1603088
1603090
1603095
1603097
1603098
1603101
1603105
1603106
1603109
1603110
1603111
1603112
1603115
1603117
1603120
1603121
1603122
1603125
1603126
1603128
1603130
1603131
1603135
1603136
1603138
1603150
1603151
1603155
1603158
1603163
1603165
1603167
1603168
1603173
1603178
1603181
1603186
1603187
1603191
1603192
1603196
1603197
1603199
1603200
1603203
1603206
1603207
1603209
1603210
1603211
1603215
1603216
1603217
1603222
1603223
1603229
1603232
1603239
1603257
1603258
1603266
1603269
1603270
1603271
1603273
1603275
1603278
1603280
1603281
1603285
1603286
1603289
1603291
1603309
1603312
1603313
1603315
1603318
1603322
1603324
1603325
1603330
1603333
1603334
1603336
1603339
1603344
1603348
1603350
1603352
1603366
1603367
1603368
1603370
1603373
1603375
1603380
1603381
1603382
1603383
1603386
1603387
1603390
1603391
1603396
1603399
1603400
1603416
1603421
1603439
1603466
1603489
1603499
1603500
1603507
1603518
1603520
1603527
1603528
1603535
1603538
1603558
1603566
1603569
1603577
1603579
1603585
1603586
1603590
1603598
1603600
1603601
1603602
1603607
1603608
1603610
1603611
1603615
1603617
1603618
1603626
1603628
1603629
1603630
1603633
1603655
1603656
1603657
1603660
1603665
1603668
1603677
1603680
1603681
1603683
1603686
1603687
1603696
1603697
1603701
1603703
1603708
1603711
1603722
1603726
1603727
1603738
1603739
1603757
1603758
1603759
1603767
1603776
1603777
1603787
1603790
1603798
1603800
1603811
1603815
1603817
1603823
1603829
1603848
1603855
1603859
1603861
1603867
1603878
1603889
1603890
1603897
1603901
1603912
1603916
1603917
1603918
1603926
1603928
1603931
1603933
1603936
1603938
1603948
1603949
1603960
1603966
1603967
1603969
1603977
1603980
1603985
1603987
1603988
1603989
1603990
1603995
1603998
1603999
1605005
1605006
1605007
1605009
1605016
1605018
1605028
1605050
1605056
1605058
1605060
1605066
1605068
1605077
1605080
1605086
1605088
1605100
1605108
1605128
1605133
1605136
1605162
1605166
1605167
1605168
1605169
1605179
1605183
1605188
1605208
1605222
1605228
1605258
1605259
1605268
1605277
1605286
1605287
1605288
1605289
1605298
1605299
1605305
1605319
1605337
1605338
1605365
1605366
1605377
1605378
1605388
1605389
1605398
1605399
1605488
1605500
1605566
1605577
1605580
1605588
1605598
1688007
1688010
1688011
1688013
1688020
1688023
1688028
1688035
1688039
1688046
1688049
1688059
1688070
1688071
1688073
1688077
1688079
1688080
1688084
1688085
1688087
1688090
1688093
1688095
1688098
1688103
1688108
1688109
1688112
1688117
1688119
1688125
1688133
1688135
1688136
1688138
1688143
1688148
1688151
1688152
1688155
1688157
1688159
1688160
1688162
1688168
1688170
1688171
1688173
1688176
1688179
1688181
1688185
1688186
1688191
1688196
1688197
1688199
1688202
1688207
1688210
1688212
1688215
1688219
1688221
1688222
1688225
1688226
1688227
1688228
1688230
1688231
1688233
1688237
1688238
1688239
1688244
1688246
1688253
1688255
1688257
1688258
1688259
1688261
1688267
1688268
1688269
1688273
1688275
1688276
1688277
1688280
1688282
1688283
1688286
1688290
1688291
1688292
1688293
1688298
1688299
1688302
1688305
1688307
1688308
1688311
1688312
1688315
1688317
1688319
1688320
1688325
1688330
1688334
1688335
1688337
1688339
1688345
1688348
1688356
1688359
1688360
1688365
1688369
1688373
1688376
1688377
1688378
1688379
1688381
1688383
1688386
1688398
1688399
1688401
1688410
1688416
1688418
1688419
1688428
1688435
1688456
1688458
1688478
1688480
1688488
1688489
1688499
1688500
1688501
1688505
1688507
1688508
1688509
1688510
1688512
1688513
1688518
1688529
1688535
1688539
1688550
1688553
1688556
1688557
1688562
1688566
1688577
1688579
1688580
1688583
1688588
1688589
1688590
1688592
1688595
1688598
1688601
1688602
1688603
1688609
1688610
1688611
1688620
1688621
1688625
1688626
1688628
1688636
1688648
1688651
1688653
1688656
1688661
1688662
1688663
1688665
1688667
1688677
1688678
1688679
1688680
1688682
1688685
1688687
1688689
1688693
1688696
1688697
1688699
1688707
1688710
1688711
1688716
1688719
1688720
1688721
1688722
1688733
1688750
1688757
1688758
1688767
1688768
1688786
1688787
1688788
1688799
2920001
2920077
2920174
2920190
2920225
2920239
2920247
2920249
2920273
2920368
2920394
2920402
2920418
2920438
2920491
2920505
2920509
2920522
2920533
2920571
2920576
2920593
2920599
2920640
2920682
2920693
2920735
2920779
2920790
2920799
2920806
2920821
2920839
2920879
2920885
2920946
2920953
2920971
2920978
#上证做市债券
1019742
1019744
1019746
1019750
1019752
1019756
1019767
1019775
1019776
1019781
1019783
1019784
1019789
1019828
1019830
1019832
1019834
1019835
1019836
1019837
1019838
1019839
1019840
1019844
1019845
1019846
1019847
1019848
1019849
1019850
1019851
1019852
1115295
1115323
1115474
1115549
1115559
1115608
1115650
1115682
1115689
1115696
1115785
1115838
1115879
1115904
1122175
1136849
1143798
1163112
1184803
1184804
1184807
1184808
1184813
1184814
1184815
1184816
1184818
1184819
1184822
1184823
1184826
1184827
1184828
1235895
1235896
1235898
1235911
1235914
1235916
1235920
1235921
1235922
1235940
1235952
1235953
1235954
1235979
1235980
1235982
1235984
1235991
1236708
1236720
1236738
1236741
1236742
1236743
1236744
1236745
1236746
1236750
1236751
1236752
1236762
1236768
1236778
1236780
1236781
1236785
1236786
1236793
1236803
1236805
1236808
1236822
1236823
1240085
1240102
1240122
1240133
1240213
1240218
1240256
1240265
1240312
1240328
1240334
1240359
1240376
1240389
1240449
1240550
1240552
1240573
1240582
1240590
1240618
1240653
1240662
1240703
1240707
1240729
1240774
1240775
1240783
1240784
1240785
1240803
1240811
1240870
1240889
1240893
1240907
1240908
1240913
1240918
1240924
1240927
1240940
1240949
1240950
1240958
1240982
1240996
1241013
1241025
1241026
1241032
1241037
1241050
1241054
1241061
1241092
1241105
1241120
1241135
1241141
1241147
1241149
1241166
1241186
1241220
1241226
1241248
1241268
1241278
1241279
1241318
1241324
1241326
1241328
1241332
1241335
1241338
1241343
1241348
1241356
1241370
1241379
1241395
1241429
1241472
1241486
1241522
1241549
1241551
1241565
1241572
1241598
1241611
1241621
1241628
1241629
1241636
1241638
1241674
1241676
1241681
1241725
1241773
1241782
1241794
1241811
1241821
1241826
1241837
1241858
1241861
1241868
1241872
1241875
1241880
1241884
1241924
1241960
1241966
1241975
1241999
1242024
1242040
1242049
1242057
1242079
1242165
1242168
1242211
1242264
1242282
1242316
1242324
1242339
1242340
1242369
1242392
1242402
1242404
1242408
1242420
1242423
1242424
1242428
1242473
1242484
1242524
1242525
1242589
1242596
1242603
1242604
1242659
1242679
1242696
1242727
1242734
1242745
1242757
1242785
1242789
1242794
1242830
1242870
1242881
1242897
1242913
1242953
1242994
1243003
1243009
1243031
1243034
1243039
1243043
1243050
1243059
1243060
1243076
1243083
1243086
1243096
1243105
1243107
1243114
1243117
1243120
1243122
1243125
1243132
1243134
1243136
1243146
1243149
1243151
1243163
1243164
1243192
1243196
1243208
1243210
1243211
1243216
1243220
1243227
1243228
1243238
1243240
1243242
1243244
1243264
1243265
1243280
1243281
1243294
1243295
1243307
1243320
1243323
1243325
1243337
1243342
1243346
1243349
1243358
1243363
1243371
1243380
1243384
1243385
1243386
1243387
1243390
1243391
1243392
1243400
1243401
1243418
1243427
1243430
1243439
1243445
1243450
1243452
1243459
1243468
1243483
1243485
1243493
1243494
1243496
1243502
1243524
1243560
1243579
1243580
1243585
1243586
1243590
1243597
1243620
1243624
1243630
1243635
1243665
1243671
1243677
1243680
1243684
1243685
1243686
1243688
1243694
1243700
1243706
1243716
1243724
1243731
1243736
1243738
1243742
1243763
1243768
1243793
1243794
1243796
1243830
1243836
1243837
1243838
1243842
1243873
1243875
1243887
1243895
1243896
1243899
1243901
1243905
1243915
1243936
1243948
1243954
1243974
1243976
1243988
1243990
1243993
1244011
1244015
1244016
1244020
1244027
1244034
1244054
1244071
1244079
1244084
1244085
1244088
1244093
1244094
1244099
1244111
1244121
1244122
1244135
1244140
1244150
1244163
1244165
1244167
1244179
1244181
1244183
1244188
1244189
1244193
1244194
1244198
1244211
1244212
1244213
1244233
1244237
1244260
1244278
1244290
1244291
1244297
1244298
1244305
1244315
1244323
1244325
1244341
1244347
1244352
1244372
1244384
1244389
1244390
1244399
1244403
1244415
1244416
1244420
1244424
1244429
1244430
1244450
1244452
1244453
1244454
1244459
1244465
1244468
1244484
1244540
1244547
1244552
1244562
1244582
1244586
1244588
1244592
1244598
1244614
1244660
1244675
1244677
1244682
1244684
1244698
1244708
1244719
1244727
1244734
1244737
1244753
1244756
1244763
1244772
1244773
1244779
1244784
1244792
1244799
1244810
1244811
1244820
1244829
1244835
1244838
1244840
1244844
1244852
1244880
1244885
1244892
1244897
1244907
1244909
1244913
1244922
1244930
1244943
1244945
1244952
1244955
1244957
1244973
1244976
1244978
1244981
1244993
1245011
1245016
1245027
1245028
1245040
1245046
1245053
1245067
1245075
1245077
1245081
1245086
1245100
1245104
1245109
1245114
1245116
1245136
1245146
1245147
1245151
1245153
1245154
1245160
1245161
1245176
1245177
1245178
1245180
1245190
1245192
1245203
1245243
1245245
1245248
1245265
1245286
1245287
1245303
1245314
1245318
1245329
1245344
1245356
1245366
1245367
1245371
1245372
1245376
1245381
1245398
1245403
1245416
1245419
1245437
1245440
1245441
1245445
1245447
1245450
1245452
1245454
1245460
1245463
1245464
1245477
1245495
1245499
1245500
1245501
1245502
1245511
1245516
1245523
1245527
1245529
1245531
1245547
1245549
1245555
1245557
1245559
1245563
1245569
1245573
1245588
1245594
1245610
1245615
1245620
1245627
1245628
1245629
1245632
1245643
1245675
1245676
1245684
1245689
1245696
1245701
1245706
1245717
1245727
1245731
1245738
1245740
1245741
1245744
1245757
1245758
1245800
1245807
1245809
1245814
1245815
1245816
1245817
1245834
1245842
1245856
1245859
1245860
1245878
1245885
1245887
1245889
1245902
1245906
1245909
1245919
1245922
1245934
1245941
1245949
1245950
1245957
1245960
1245962
1245970
1245976
1245979
1245982
1245985
1246001
1246027
1246038
1246046
1246053
1246055
1246073
1246076
1246086
1255118
1256184
1256475
1258513
1258669
1259041
1259283
1259287
1259726
1271236
1280051
1280209
1280385
1280464
1281215
1281389
1281495
1281660
1281693
1282003
1282077
1282221
1282301
1282632
1282662
1282710
1282889
1282902
1283105
1283191
1283900
#深证做市债券
0102277
0102281
0102300
0102301
0102304
0102308
0102309
0102314
0102319
0102329
0102330
0102331
0102333
0102334
0102335
0102336
0102337
0102338
0102339
0102341
0102342
0102343
0102344
0102345
0102346
0102347
0102348
0111077
0111090
0111114
0111116
0111117
0111119
0112969
0130012
0130013
0130016
0130017
0130018
0130019
0148012
0148018
0148034
0148074
0148075
0148114
0148147
0148201
0148203
0148240
0148256
0148298
0148308
0148314
0148343
0148358
0148360
0148372
0148374
0148398
0148413
0148431
0148436
0148438
0148443
0148452
0148465
0148470
0148476
0148487
0148488
0148490
0148504
0148543
0148545
0148577
0148581
0148589
0148595
0148611
0148615
0148617
0148621
0148624
0148626
0148627
0148628
0148629
0148641
0148643
0148646
0148655
0148664
0148665
0148683
0148685
0148687
0148693
0148698
0148702
0148712
0148716
0148724
0148733
0148738
0148741
0148744
0148760
0148775
0148818
0148819
0148829
0148833
0148844
0148873
0148877
0148899
0148916
0148939
0148954
0148978
0149435
0149461
0149647
0149664
0149686
0149689
0149691
0149697
0149724
0149737
0149756
0149763
0149765
0149780
0149804
0149808
0149813
0149816
0149845
0149918
0149920
0149953
0149958
0149984
0199628
0199629
0199630
0199631
0199638
0199639
0199640
0199654
0199656
0199658
0199660
0199664
0199669
0199671
0524002
0524016
0524019
0524022
0524025
0565650
0565802
0566219
0566258
0566337
0566469
0566492
0566507
0566521
0566526
0566531
0566542
0566543
0566549
0566569
0566589
0566594
0566598
0566608
0566614
0566616
0566620
0566642
0566668
0566711
0566714
0566715
0566736
0566780
0566790
0566791
0566821
0566900
0566945
0566954
0566955
0566988
0566992
0567013
0567018
0567026
0567028
0567042
0567051
0567053
0567054
0567061
0567076
0567080
0567082
0567133
0567146
0567172
0567173
0567195
0567207
0567220
0567258
#中证A500
0000001
0000002
0000032
0000034
0000035
0000039
0000063
0000066
0000069
0000100
0000157
0000301
0000333
0000338
0000400
0000408
0000415
0000423
0000425
0000426
0000519
0000538
0000547
0000568
0000617
0000623
0000625
0000630
0000651
0000657
0000661
0000683
0000725
0000733
0000738
0000768
0000786
0000792
0000807
0000830
0000831
0000833
0000858
0000878
0000887
0000932
0000933
0000938
0000960
0000963
0000967
0000975
0000977
0000988
0000998
0000999
0001965
0001979
0002001
0002007
0002008
0002025
0002027
0002028
0002044
0002049
0002050
0002064
0002065
0002074
0002078
0002080
0002085
0002091
0002120
0002126
0002128
0002129
0002130
0002131
0002138
0002155
0002156
0002176
0002179
0002185
0002195
0002202
0002223
0002230
0002236
0002241
0002244
0002252
0002266
0002271
0002273
0002281
0002292
0002294
0002318
0002340
0002352
0002353
0002371
0002384
0002389
0002405
0002407
0002410
0002414
0002415
0002422
0002432
0002436
0002444
0002456
0002459
0002460
0002463
0002465
0002466
0002472
0002475
0002493
0002497
0002517
0002532
0002544
0002555
0002558
0002572
0002594
0002595
0002600
0002601
0002602
0002603
0002607
0002625
0002648
0002709
0002714
0002738
0002756
0002812
0002821
0002831
0002837
0002851
0002891
0002916
0002920
0002938
0003816
0300001
0300003
0300012
0300014
0300015
0300017
0300024
0300033
0300037
0300049
0300054
0300058
0300059
0300070
0300073
0300083
0300100
0300115
0300118
0300122
0300124
0300136
0300142
0300144
0300207
0300223
0300251
0300274
0300308
0300316
0300339
0300342
0300346
0300347
0300390
0300394
0300395
0300408
0300409
0300418
0300432
0300433
0300438
0300442
0300450
0300454
0300457
0300458
0300474
0300475
0300476
0300496
0300502
0300558
0300567
0300568
0300573
0300601
0300604
0300661
0300676
0300677
0300699
0300724
0300748
0300750
0300751
0300757
0300759
0300760
0300763
0300782
0300803
0300832
0300857
0300866
0300896
0300919
0300972
0301078
0301236
0301308
0301358
0301550
0302132
1600000
1600004
1600008
1600009
1600010
1600011
1600018
1600019
1600026
1600028
1600029
1600030
1600031
1600036
1600038
1600039
1600048
1600050
1600064
1600066
1600085
1600089
1600096
1600104
1600111
1600115
1600118
1600141
1600143
1600150
1600153
1600157
1600160
1600161
1600166
1600170
1600176
1600177
1600183
1600196
1600208
1600219
1600221
1600226
1600233
1600258
1600276
1600309
1600312
1600316
1600323
1600325
1600332
1600346
1600352
1600362
1600372
1600392
1600398
1600406
1600415
1600418
1600426
1600436
1600438
1600460
1600482
1600486
1600487
1600489
1600497
1600499
1600511
1600515
1600516
1600519
1600521
1600522
1600529
1600535
1600547
1600549
1600570
1600580
1600584
1600585
1600588
1600635
1600655
1600660
1600663
1600667
1600673
1600674
1600690
1600699
1600704
1600711
1600741
1600754
1600760
1600763
1600765
1600795
1600803
1600816
1600820
1600839
1600859
1600862
1600864
1600875
1600879
1600885
1600886
1600887
1600893
1600895
1600900
1600905
1600938
1600941
1600988
1600989
1600998
1601000
1601006
1601012
1601018
1601021
1601058
1601088
1601100
1601111
1601117
1601127
1601155
1601166
1601168
1601179
1601186
1601211
1601216
1601225
1601233
1601238
1601288
1601318
1601319
1601328
1601360
1601390
1601398
1601567
1601600
1601601
1601607
1601615
1601618
1601628
1601633
1601658
1601668
1601669
1601677
1601689
1601727
1601728
1601766
1601799
1601800
1601816
1601857
1601866
1601868
1601872
1601877
1601880
1601888
1601899
1601919
1601985
1601988
1603019
1603087
1603129
1603259
1603260
1603288
1603392
1603486
1603501
1603568
1603596
1603605
1603606
1603650
1603659
1603766
1603799
1603806
1603816
1603833
1603885
1603899
1603939
1603979
1603986
1603993
1605090
1605117
1605499
1605589
1688002
1688005
1688008
1688009
1688012
1688017
1688036
1688041
1688047
1688063
1688065
1688072
1688099
1688111
1688114
1688116
1688120
1688122
1688126
1688166
1688169
1688180
1688188
1688213
1688223
1688235
1688256
1688266
1688271
1688303
1688331
1688347
1688390
1688396
1688469
1688472
1688498
1688506
1688521
1688525
1688578
1688599
1688608
1688617
1688676
1688777
1688981
#同类份额优先ETF
0158012
0158022
0158023
0158027
0158050
0159066
0159106
0159107
0159108
0159109
0159121
0159131
0159141
0159151
0159157
0159170
0159172
0159188
0159201
0159203
0159206
0159207
0159209
0159227
0159259
0159262
0159263
0159268
0159273
0159283
0159301
0159307
0159309
0159316
0159325
0159326
0159328
0159329
0159335
0159336
0159350
0159363
0159366
0159377
0159378
0159387
0159389
0159391
0159399
0159502
0159506
0159509
0159510
0159511
0159516
0159518
0159519
0159523
0159528
0159529
0159530
0159538
0159545
0159546
0159561
0159566
0159569
0159570
0159572
0159578
0159583
0159586
0159593
0159597
0159605
0159606
0159611
0159613
0159616
0159617
0159620
0159621
0159623
0159625
0159628
0159635
0159636
0159638
0159643
0159653
0159662
0159666
0159667
0159687
0159691
0159692
0159695
0159697
0159698
0159707
0159709
0159721
0159725
0159726
0159728
0159730
0159732
0159736
0159743
0159745
0159748
0159750
0159752
0159755
0159758
0159760
0159761
0159766
0159768
0159773
0159781
0159786
0159788
0159790
0159792
0159793
0159796
0159804
0159807
0159811
0159814
0159819
0159822
0159825
0159836
0159837
0159843
0159851
0159852
0159859
0159861
0159865
0159869
0159870
0159872
0159873
0159875
0159876
0159880
0159883
0159886
0159887
0159892
0159895
0159901
0159902
0159903
0159905
0159906
0159909
0159910
0159912
0159913
0159915
0159916
0159918
0159920
0159928
0159929
0159930
0159933
0159936
0159938
0159939
0159940
0159941
0159944
0159945
0159949
0159965
0159966
0159967
0159973
0159976
0159980
0159981
0159985
0159992
0159993
0159995
0159996
0159997
0159998
1501078
1510010
1510020
1510030
1510050
1510060
1510090
1510130
1510150
1510160
1510170
1510180
1510200
1510210
1510230
1510270
1510300
1510410
1510500
1510630
1510650
1510660
1510720
1510770
1510810
1510880
1510900
1510990
1512000
1512010
1512040
1512070
1512090
1512100
1512120
1512170
1512190
1512200
1512220
1512260
1512290
1512330
1512360
1512380
1512400
1512480
1512530
1512550
1512580
1512640
1512650
1512660
1512670
1512690
1512710
1512740
1512750
1512760
1512770
1512800
1512870
1512890
1512940
1512950
1512970
1512980
1513020
1513050
1513060
1513070
1513080
1513090
1513120
1513140
1513170
1513180
1513190
1513200
1513220
1513290
1513310
1513320
1513330
1513360
1513400
1513500
1513530
1513550
1513630
1513690
1513700
1513730
1513750
1513780
1513800
1513850
1513880
1513900
1513910
1513920
1513970
1513980
1513990
1515000
1515030
1515050
1515090
1515150
1515170
1515180
1515200
1515210
1515220
1515230
1515260
1515300
1515400
1515450
1515580
1515590
1515630
1515650
1515700
1515730
1515750
1515760
1515790
1515800
1515860
1515880
1515900
1515910
1515920
1515950
1515960
1515980
1516110
1516130
1516150
1516190
1516350
1516380
1516460
1516510
1516520
1516550
1516560
1516570
1516600
1516620
1516650
1516720
1516800
1516820
1516830
1516840
1516900
1516910
1516970
1516980
1517050
1517080
1517160
1517180
1517300
1517350
1517360
1517380
1517520
1517550
1517660
1517770
1517800
1517850
1517880
1517900
1517950
1517990
1518880
1520500
1520510
1520560
1520580
1520600
1520770
1520870
1520880
1520980
1520990
1530380
1530530
1560030
1560050
1560080
1560120
1560170
1560210
1560280
1560570
1560700
1560710
1560800
1560810
1560980
1560990
1561010
1561060
1561130
1561320
1561360
1561380
1561420
1561450
1561500
1561580
1561980
1562000
1562010
1562050
1562060
1562310
1562320
1562330
1562500
1562520
1562530
1562550
1562570
1562800
1562850
1562860
1562900
1562910
1562950
1562990
1563010
1563060
1563180
1563210
1563230
1563280
1563300
1563360
1563380
1563390
1563560
1563700
1563960
1588000
1588010
1588020
1588170
1588200
1588220
1588230
1588700
1588770
1588790
1588830
1588850
1588910
1589070
1589550
1589600
1589680
1589720
#金融类企业
0000001
0000166
0000563
0000686
0000712
0000728
0000750
0000776
0000783
0000987
0001227
0001236
0002142
0002500
0002670
0002673
0002736
0002797
0002807
0002839
0002926
0002936
0002939
0002945
0002948
0002958
0002961
0002966
1600000
1600015
1600016
1600030
1600036
1600109
1600155
1600369
1600621
1600816
1600901
1600906
1600908
1600909
1600918
1600919
1600926
1600927
1600928
1600958
1600999
1601009
1601059
1601066
1601077
1601099
1601108
1601128
1601136
1601162
1601166
1601169
1601187
1601198
1601211
1601229
1601236
1601288
1601318
1601319
1601328
1601336
1601375
1601377
1601398
1601456
1601528
1601555
1601577
1601601
1601628
1601658
1601665
1601688
1601696
1601788
1601818
1601825
1601838
1601860
1601878
1601881
1601901
1601916
1601939
1601963
1601988
1601990
1601995
1601997
1601998
1603093
1603323
#贵金属主题基金
0159315
0159321
0159322
0159562
0159812
0159830
0159831
0159834
0159934
0159937
0160719
0161116
0161226
0164701
1517400
1517520
1518600
1518660
1518680
1518800
1518850
1518860
1518880
1518890
#南方财经跟踪
0159008
0159101
0159102
0159110
0159111
0159112
0159113
0159115
0159116
0159117
0159118
0159123
0159125
0159128
0159130
0159136
0159146
0159157
0159158
0159162
0159168
0159171
0159179
0159183
0159191
0159200
0159202
0159205
0159211
0159212
0159213
0159215
0159216
0159219
0159220
0159226
0159228
0159238
0159240
0159247
0159248
0159249
0159251
0159253
0159258
0159260
0159271
0159272
0159278
0159298
0159300
0159303
0159307
0159329
0159330
0159337
0159338
0159339
0159351
0159352
0159353
0159356
0159357
0159358
0159359
0159360
0159361
0159362
0159367
0159369
0159370
0159371
0159372
0159373
0159375
0159376
0159379
0159380
0159383
0159386
0159390
0159393
0159395
0159396
0159397
0159398
0159400
0159500
0159501
0159508
0159509
0159513
0159525
0159526
0159530
0159547
0159549
0159551
0159557
0159559
0159561
0159568
0159576
0159581
0159589
0159591
0159592
0159593
0159595
0159596
0159600
0159603
0159605
0159607
0159609
0159610
0159611
0159615
0159618
0159629
0159632
0159633
0159636
0159637
0159659
0159660
0159665
0159670
0159672
0159673
0159675
0159676
0159677
0159678
0159679
0159680
0159681
0159682
0159685
0159688
0159689
0159696
0159700
0159706
0159708
0159716
0159721
0159736
0159740
0159741
0159742
0159766
0159770
0159780
0159781
0159782
0159783
0159792
0159797
0159798
0159801
0159805
0159806
0159808
0159810
0159812
0159813
0159816
0159819
0159820
0159821
0159824
0159828
0159830
0159831
0159834
0159835
0159839
0159841
0159842
0159845
0159847
0159848
0159850
0159857
0159858
0159859
0159863
0159864
0159866
0159869
0159875
0159883
0159892
0159898
0159901
0159905
0159908
0159915
0159919
0159920
0159922
0159925
0159928
0159929
0159934
0159935
0159937
0159938
0159941
0159948
0159949
0159952
0159954
0159956
0159957
0159958
0159960
0159961
0159964
0159968
0159970
0159971
0159972
0159975
0159977
0159982
0159992
0159993
0159994
0159995
0159998
1510040
1510050
1510100
1510180
1510190
1510210
1510300
1510310
1510320
1510330
1510350
1510360
1510370
1510380
1510390
1510500
1510510
1510530
1510550
1510560
1510570
1510580
1510590
1510600
1510670
1510680
1510710
1510760
1510800
1510850
1510880
1510900
1510950
1510980
1511010
1511020
1511030
1511060
1511070
1511090
1511100
1511110
1511120
1511130
1511150
1511160
1511180
1511190
1511200
1511220
1511260
1511270
1511360
1511380
1511520
1511880
1511990
1512000
1512010
1512020
1512030
1512050
1512070
1512080
1512100
1512170
1512200
1512240
1512250
1512290
1512370
1512400
1512480
1512500
1512510
1512560
1512570
1512600
1512660
1512670
1512680
1512690
1512700
1512710
1512720
1512730
1512760
1512800
1512810
1512820
1512880
1512890
1512900
1512930
1512980
1513000
1513010
1513030
1513040
1513050
1513060
1513080
1513090
1513100
1513110
1513130
1513180
1513210
1513260
1513280
1513300
1513310
1513330
1513380
1513390
1513400
1513500
1513520
1513580
1513600
1513630
1513660
1513720
1513770
1513870
1513880
1513890
1515010
1515020
1515030
1515050
1515060
1515070
1515080
1515100
1515120
1515130
1515180
1515190
1515290
1515310
1515330
1515350
1515360
1515370
1515380
1515390
1515530
1515550
1515560
1515650
1515660
1515790
1515850
1515890
1515980
1516010
1516060
1516080
1516090
1516160
1516180
1516200
1516210
1516230
1516290
1516300
1516310
1516370
1516580
1516660
1516770
1516850
1516880
1516970
1518600
1518660
1518680
1518800
1518850
1518860
1518880
1518890
1520570
1520590
1520610
1520630
1520650
1520660
1520760
1520790
1520830
1520900
1520910
1520920
1520990
1530000
1530050
1530060
1530080
1530180
1530280
1530300
1530580
1530680
1530800
1551000
1551030
1551060
1551300
1551500
1551510
1551520
1551550
1551560
1551580
1551800
1551900
1560010
1560020
1560090
1560100
1560110
1560150
1560230
1560260
1560270
1560310
1560350
1560400
1560510
1560520
1560530
1560580
1560590
1560610
1560630
1560680
1560750
1560770
1560820
1560860
1560900
1560950
1561000
1561090
1561230
1561280
1561300
1561350
1561550
1561560
1561590
1561700
1561750
1561780
1561930
1561950
1561990
1562000
1562070
1562350
1562360
1562500
1562510
1562600
1562810
1562870
1562890
1562970
1563020
1563030
1563080
1563090
1563220
1563300
1563350
1563360
1563500
1563520
1563550
1563600
1563630
1563650
1563660
1563690
1563750
1563800
1563860
1563880
1563930
1588000
1588030
1588040
1588050
1588060
1588080
1588090
1588120
1588150
1588180
1588190
1588200
1588210
1588220
1588280
1588290
1588300
1588310
1588320
1588330
1588350
1588360
1588370
1588380
1588390
1588400
1588450
1588460
1588500
1588660
1588680
1588720
1588750
1588800
1588810
1588840
1588870
1588880
1588890
1588900
1588920
1588940
1588950
1588980
1588990
1589100
1589130
1589150
1589160
1589190
1589850
1589950
1589980
