market,code,market_suffix,t_code,x_code
SZ,000001,01,T1001,X500102
SZ,000002,02,T110201,X530101
SZ,000006,06,T110202,X530101
SZ,000007,07,T050105,X2503
SZ,000008,08,T0703,X3201
SZ,000009,09,T0706,X300202
SZ,000010,10,T110101,X520202
SZ,000011,11,T110204,X530201
SZ,000012,12,T020603,X150201
SZ,000014,14,T110201,X530101
SZ,000016,16,T0401,X240201
SZ,000017,17,T030302,X220301
SZ,000019,19,T030206,X200601
SZ,000020,20,T1204,X400301
SZ,000021,21,T1204,X400201
SZ,000025,25,T1301,X9901
SZ,000026,26,T030302,X220301
SZ,000027,27,T010202,X620102
SZ,000028,28,T050104,X270501
SZ,000029,29,T110202,X530101
SZ,000030,30,T040202,X260302
SZ,000031,31,T110201,X530102
SZ,000032,32,T110101,X520304
SZ,000034,34,T1205,X420304
SZ,000035,35,T0805,X630203
SZ,000036,36,T110201,X530101
SZ,000037,37,T010202,X620102
SZ,000039,39,T0703,X320204
SZ,000042,42,T110201,X530101
SZ,000045,45,T1204,X400302
SZ,000048,48,T030206,X200201
SZ,000049,49,T0706,X300201
SZ,000050,50,T1204,X400301
SZ,000055,55,T020604,X150306
SZ,000056,56,T050105,X2503
SZ,000058,58,T050106,X2503
SZ,000059,59,T010302,X110301
SZ,000060,60,T020203,X140103
SZ,000061,61,T030206,X2503
SZ,000062,62,T1204,X4005
SZ,000063,63,T1202,X410103
SZ,000065,65,T110101,X520303
SZ,000066,66,T1201,X420102
SZ,000068,68,T0805,X630202
SZ,000069,69,T110201,X530101
SZ,000070,70,T1202,X410101
SZ,000078,78,T050104,X270501
SZ,000088,88,T090303,X610301
SZ,000089,89,T090302,X610202
SZ,000090,90,T110101,X520201
SZ,000096,96,T010303,X110302
SZ,000099,99,T090103,X610201
SZ,000100,00,T1204,X400301
SZ,000151,51,T0502,X2505
SZ,000153,53,T040501,X270101
SZ,000155,55,T010203,X620104
SZ,000156,56,T060102,X4307
SZ,000157,57,T0707,X320401
SZ,000158,58,T1205,X420202
SZ,000159,59,T010303,X110302
SZ,000166,66,T1002,X5101
SZ,000301,01,T0203,X120201
SZ,000333,33,T0401,X240101
SZ,000338,38,T040202,X260302
SZ,000400,00,T0706,X300302
SZ,000401,01,T020602,X150101
SZ,000402,02,T110201,X530102
SZ,000403,03,T040502,X270201
SZ,000404,04,T0401,X2406
SZ,000407,07,T0804,X6202
SZ,000408,08,T020402,X120704
SZ,000409,09,T1205,X420202
SZ,000410,10,T070401,X320202
SZ,000411,11,T050104,X270501
SZ,000415,15,T1004,X510305
SZ,000417,17,T050101,X250102
SZ,000419,19,T050101,X250103
SZ,000420,20,T0203,X120203
SZ,000421,21,T0804,X6202
SZ,000422,22,T020402,X120703
SZ,000423,23,T040503,X2706
SZ,000425,25,T0707,X320401
SZ,000426,26,T020203,X140103
SZ,000428,28,T0604,X600301
SZ,000429,29,T090301,X610102
SZ,000430,30,T060502,X600501
SZ,000488,88,T0207,X230101
SZ,000498,98,T110101,X520201
SZ,000501,01,T050101,X250102
SZ,000503,03,T1205,X420202
SZ,000504,04,T0403,X270404
SZ,000505,05,T030403,X200601
SZ,000506,06,T020204,X140201
SZ,000507,07,T010203,X620104
SZ,000509,09,T1204,X400301
SZ,000510,10,T020401,X120303
SZ,000513,13,T040501,X270101
SZ,000514,14,T110202,X530101
SZ,000516,16,T0403,X270403
SZ,000517,17,T110202,X530101
SZ,000518,18,T040502,X270205
SZ,000519,19,T070506,X3101
SZ,000520,20,T090102,X610302
SZ,000521,21,T0401,X240102
SZ,000523,23,T030403,X210602
SZ,000524,24,T060501,X600502
SZ,000525,25,T020402,X120701
SZ,000526,26,T0603,X6002
SZ,000528,28,T0707,X320401
SZ,000529,29,T030403,X210601
SZ,000530,30,T070402,X320206
SZ,000531,31,T010202,X620102
SZ,000532,32,T1004,X510303
SZ,000533,33,T0706,X300303
SZ,000534,34,T040502,X270206
SZ,000536,36,T1204,X400301
SZ,000537,37,T010203,X620104
SZ,000538,38,T040503,X2706
SZ,000539,39,T010202,X620102
SZ,000541,41,T0401,X400303
SZ,000543,43,T010202,X620102
SZ,000544,44,T0805,X630202
SZ,000545,45,T020401,X120302
SZ,000546,46,T0805,X630203
SZ,000547,47,T1202,X3105
SZ,000548,48,T090301,X610102
SZ,000550,50,T040201,X260201
SZ,000551,51,T070506,X6301
SZ,000552,52,T010101,X100101
SZ,000553,53,T020402,X120701
SZ,000554,54,T010303,X110302
SZ,000555,55,T1205,X420202
SZ,000557,57,T090101,X610101
SZ,000558,58,T060502,X600501
SZ,000559,59,T040202,X260302
SZ,000560,60,T110204,X530202
SZ,000561,61,T1202,X3103
SZ,000563,63,T1004,X510302
SZ,000564,64,T050101,X250102
SZ,000565,65,T020406,X120402
SZ,000566,66,T040501,X270101
SZ,000567,67,T1004,X510399
SZ,000568,68,T030501,X210205
SZ,000570,70,T070505,X320205
SZ,000571,71,T010101,X100101
SZ,000572,72,T040201,X260102
SZ,000573,73,T110202,X530101
SZ,000576,76,T0706,X3101
SZ,000581,81,T040202,X260302
SZ,000582,82,T090303,X610301
SZ,000586,86,T1202,X410101
SZ,000589,89,T040202,X260303
SZ,000590,90,T040503,X2706
SZ,000591,91,T010203,X620105
SZ,000592,92,T030203,X2003
SZ,000593,93,T0804,X6202
SZ,000595,95,T010203,X620104
SZ,000596,96,T030501,X210205
SZ,000597,97,T040501,X270101
SZ,000598,98,T0803,X6203
SZ,000599,99,T040202,X260303
SZ,000600,00,T010202,X620102
SZ,000601,01,T010201,X620101
SZ,000603,03,T020203,X140202
SZ,000605,05,T0803,X6203
SZ,000607,07,T0602,X430202
SZ,000608,08,T110202,X530102
SZ,000609,09,T110202,X530101
SZ,000610,10,T060501,X600502
SZ,000612,12,T020202,X140102
SZ,000615,15,T0403,X270702
SZ,000617,17,T1004,X510306
SZ,000619,19,T020604,X150306
SZ,000620,20,T110201,X530101
SZ,000623,23,T040503,X2706
SZ,000625,25,T040201,X260102
SZ,000626,26,T0502,X2505
SZ,000628,28,T110101,X5201
SZ,000629,29,T020205,X140404
SZ,000630,30,T020201,X140101
SZ,000631,31,T1301,X9901
SZ,000632,32,T1301,X2505
SZ,000633,33,T020205,X140502
SZ,000635,35,T020401,X120303
SZ,000636,36,T1204,X400402
SZ,000637,37,T010302,X110303
SZ,000639,39,T030403,X200601
SZ,000650,50,T040503,X2706
SZ,000651,51,T0401,X240101
SZ,000652,52,T050107,X2505
SZ,000655,55,T020101,X130101
SZ,000656,56,T110201,X530101
SZ,000657,57,T020205,X140402
SZ,000659,59,T0602,X230203
SZ,000661,61,T040502,X270205
SZ,000663,63,T030203,X2003
SZ,000665,65,T060102,X4307
SZ,000668,68,T110204,X530101
SZ,000669,69,T0804,X6202
SZ,000670,70,T1204,X4005
SZ,000672,72,T020602,X150101
SZ,000676,76,T1206,X430201
SZ,000677,77,T0203,X120201
SZ,000678,78,T040202,X260302
SZ,000679,79,T050101,X250102
SZ,000680,80,T0707,X320401
SZ,000681,81,T1206,X430402
SZ,000682,82,T0706,X300302
SZ,000683,83,T020401,X120304
SZ,000685,85,T0803,X6203
SZ,000686,86,T1002,X5101
SZ,000688,88,T020203,X140103
SZ,000690,90,T010202,X620102
SZ,000691,91,T020401,X120399
SZ,000692,92,T0804,X620103
SZ,000695,95,T020401,X300202
SZ,000697,97,T0701,X3102
SZ,000698,98,T010302,X110301
SZ,000700,00,T040202,X260301
SZ,000701,01,T0502,X2505
SZ,000702,02,T030204,X200501
SZ,000703,03,T0203,X120201
SZ,000705,05,T050104,X270501
SZ,000707,07,T020401,X120304
SZ,000708,08,T020102,X1303
SZ,000709,09,T020101,X130202
SZ,000710,10,T0403,X270401
SZ,000711,11,T0805,X630204
SZ,000712,12,T1002,X5101
SZ,000713,13,T030201,X200103
SZ,000715,15,T050101,X250102
SZ,000716,16,T030403,X210605
SZ,000717,17,T020101,X130201
SZ,000718,18,T110202,X530101
SZ,000719,19,T060101,X430602
SZ,000720,20,T0706,X300305
SZ,000721,21,T0604,X600302
SZ,000722,22,T010201,X620101
SZ,000723,23,T010102,X1002
SZ,000725,25,T1204,X400301
SZ,000726,26,T030301,X220101
SZ,000727,27,T1204,X400301
SZ,000728,28,T1002,X5101
SZ,000729,29,T030502,X210201
SZ,000731,31,T020402,X120702
SZ,000733,33,T1204,X3105
SZ,000735,35,T030206,X200201
SZ,000736,36,T110201,X530101
SZ,000737,37,T020201,X140101
SZ,000738,38,T0701,X3102
SZ,000739,39,T040501,X270102
SZ,000750,50,T1002,X5101
SZ,000751,51,T020203,X140103
SZ,000752,52,T030502,X210201
SZ,000753,53,T1301,X9901
SZ,000755,55,T090301,X610102
SZ,000756,56,T040501,X270102
SZ,000757,57,T040203,X260402
SZ,000758,58,T020203,X140103
SZ,000759,59,T050102,X250101
SZ,000761,61,T020101,X130202
SZ,000762,62,T020205,X140301
SZ,000766,66,T040501,X270101
SZ,000767,67,T010202,X620102
SZ,000768,68,T0701,X3102
SZ,000776,76,T1002,X5101
SZ,000777,77,T070402,X320203
SZ,000778,78,T020103,X130203
SZ,000779,79,T110101,X5204
SZ,000782,82,T0203,X120204
SZ,000783,83,T1002,X5101
SZ,000785,85,T050101,X2503
SZ,000786,86,T020604,X150306
SZ,000788,88,T040501,X270101
SZ,000789,89,T020602,X150101
SZ,000790,90,T040503,X2706
SZ,000791,91,T010201,X620101
SZ,000792,92,T020402,X120704
SZ,000793,93,T060101,X430603
SZ,000795,95,T0208,X140501
SZ,000796,96,T060501,X600502
SZ,000797,97,T110201,X530101
SZ,000798,98,T030202,X200402
SZ,000799,99,T030501,X210205
SZ,000800,00,T040201,X260201
SZ,000801,01,T0401,X240202
SZ,000802,02,T060102,X430301
SZ,000803,03,T0805,X630203
SZ,000807,07,T020202,X140102
SZ,000809,09,T0706,X300502
SZ,000810,10,T0401,X240202
SZ,000811,11,T0707,X320206
SZ,000812,12,T0602,X230204
SZ,000813,13,T040501,X270101
SZ,000815,15,T1202,X420301
SZ,000816,16,T070505,X320205
SZ,000818,18,T020401,X120303
SZ,000819,19,T010302,X110303
SZ,000820,20,T1301,X9901
SZ,000821,21,T0706,X300406
SZ,000822,22,T020401,X120304
SZ,000823,23,T1204,X400401
SZ,000825,25,T020102,X1303
SZ,000826,26,T0805,X630203
SZ,000828,28,T090301,X610102
SZ,000829,29,T050105,X2504
SZ,000830,30,T020401,X120301
SZ,000831,31,T020205,X140401
SZ,000833,33,T1301,X9901
SZ,000837,37,T070401,X320202
SZ,000838,38,T110202,X530101
SZ,000839,39,T1301,X410202
SZ,000848,48,T030402,X210301
SZ,000850,50,T030301,X220101
SZ,000852,52,T070501,X320301
SZ,000856,56,T070506,X320399
SZ,000858,58,T030501,X210205
SZ,000859,59,T020404,X120502
SZ,000860,60,T030501,X210205
SZ,000862,62,T010203,X620104
SZ,000863,63,T110202,X530101
SZ,000868,68,T040201,X260202
SZ,000869,69,T030503,X210202
SZ,000875,75,T010202,X620107
SZ,000876,76,T030204,X200501
SZ,000877,77,T020602,X150101
SZ,000878,78,T020201,X140101
SZ,000880,80,T070506,X320205
SZ,000881,81,T020401,X120499
SZ,000882,82,T050105,X250102
SZ,000883,83,T010201,X620101
SZ,000885,85,T0805,X630203
SZ,000886,86,T110202,X530101
SZ,000887,87,T040202,X260304
SZ,000888,88,T060502,X600501
SZ,000889,89,T1202,X410303
SZ,000890,90,T0805,X630202
SZ,000892,92,T060102,X430301
SZ,000893,93,T020402,X120704
SZ,000895,95,T030403,X210601
SZ,000897,97,T110202,X530101
SZ,000898,98,T020101,X130202
SZ,000899,99,T010202,X620102
SZ,000900,00,T090301,X610102
SZ,000901,01,T040202,X260305
SZ,000902,02,T020402,X120705
SZ,000903,03,T040202,X260302
SZ,000905,05,T090303,X610301
SZ,000906,06,T0902,X610401
SZ,000908,08,T040501,X270101
SZ,000909,09,T110202,X530101
SZ,000910,10,T0404,X230301
SZ,000911,11,T030403,X210602
SZ,000912,12,T020402,X120702
SZ,000913,13,T040204,X260501
SZ,000915,15,T040501,X270101
SZ,000917,17,T0602,X430202
SZ,000919,19,T040501,X270101
SZ,000920,20,T020404,X120506
SZ,000921,21,T0401,X240101
SZ,000922,22,T0706,X3001
SZ,000923,23,T020101,X130101
SZ,000925,25,T0703,X3201
SZ,000926,26,T110202,X530101
SZ,000927,27,T0902,X610401
SZ,000928,28,T110101,X520303
SZ,000929,29,T030502,X210201
SZ,000930,30,T030206,X200603
SZ,000931,31,T040501,X270101
SZ,000932,32,T020101,X130202
SZ,000933,33,T020202,X140102
SZ,000935,35,T020602,X150101
SZ,000936,36,T0203,X120201
SZ,000937,37,T010101,X100102
SZ,000938,38,T1201,X420102
SZ,000948,48,T1205,X420202
SZ,000949,49,T0203,X120202
SZ,000950,50,T050104,X270501
SZ,000951,51,T040201,X260201
SZ,000952,52,T040501,X270102
SZ,000953,53,T040501,X270102
SZ,000955,55,T030301,X220104
SZ,000957,57,T040201,X260202
SZ,000958,58,T010203,X620106
SZ,000959,59,T020101,X130202
SZ,000960,60,T020205,X140404
SZ,000962,62,T020205,X140404
SZ,000963,63,T040501,X270101
SZ,000965,65,T110202,X530101
SZ,000966,66,T010202,X620102
SZ,000967,67,T0805,X6301
SZ,000968,68,T010301,X1101
SZ,000969,69,T020205,X140502
SZ,000970,70,T0208,X140501
SZ,000972,72,T030403,X200602
SZ,000973,73,T020404,X120502
SZ,000975,75,T020204,X140201
SZ,000977,77,T1201,X420102
SZ,000978,78,T060502,X600501
SZ,000980,80,T040202,X260304
SZ,000981,81,T040202,X260302
SZ,000983,83,T010101,X100102
SZ,000985,85,T020401,X120501
SZ,000987,87,T1004,X510306
SZ,000988,88,T070506,X320503
SZ,000989,89,T040503,X2706
SZ,000990,90,T020401,X120301
SZ,000993,93,T010201,X620101
SZ,000995,95,T030501,X210205
SZ,000997,97,T1201,X420102
SZ,000998,98,T030201,X200103
SZ,000999,99,T040503,X2706
SZ,001201,01,T030206,X200201
SZ,001202,02,T0902,X610401
SZ,001203,03,T020101,X130101
SZ,001205,05,T090102,X610302
SZ,001206,06,T0207,X230102
SZ,001207,07,T020401,X120602
SZ,001208,08,T0706,X300305
SZ,001209,09,T030302,X220204
SZ,001210,10,T0804,X620103
SZ,001211,11,T0404,X230302
SZ,001212,12,T020604,X150306
SZ,001213,13,T090101,X610101
SZ,001215,15,T030403,X210603
SZ,001216,16,T0404,X230302
SZ,001217,17,T020401,X120399
SZ,001218,18,T020401,X120499
SZ,001219,19,T030403,X210502
SZ,001220,20,T0902,X610403
SZ,001221,21,T0404,X230302
SZ,001222,22,T0603,X230402
SZ,001223,23,T070506,X320399
SZ,001225,25,T070506,X320399
SZ,001226,26,T0707,X320402
SZ,001227,27,T1001,X500201
SZ,001228,28,T0902,X610401
SZ,001229,29,T1201,X420102
SZ,001230,30,T0805,X630203
SZ,001231,31,T020402,X120701
SZ,001232,32,T1204,X400401
SZ,001233,33,T040202,X260303
SZ,001234,34,T030302,X220203
SZ,001235,35,T0706,X300302
SZ,001236,36,T1004,X510304
SZ,001237,37,T0706,X320206
SZ,001238,38,T0404,X230301
SZ,001239,39,T0707,X320402
SZ,001246,46,T020205,X140302
SZ,001248,48,T010203,X620104
SZ,001255,55,T0706,X300305
SZ,001256,56,T070502,X320302
SZ,001257,57,T020205,X140402
SZ,001258,58,T010203,X620104
SZ,001259,59,T0401,X240301
SZ,001260,60,T040202,X260301
SZ,001266,66,T0708,X320502
SZ,001267,67,T1202,X410102
SZ,001268,68,T070402,X320203
SZ,001269,69,T0208,X300405
SZ,001270,70,T1203,X3105
SZ,001277,77,T070506,X320301
SZ,001278,78,T040202,X260301
SZ,001279,79,T0602,X230201
SZ,001280,80,T020205,X140404
SZ,001282,82,T040202,X260304
SZ,001283,83,T0706,X300201
SZ,001285,85,T040202,X260302
SZ,001286,86,T010202,X620102
SZ,001287,87,T1204,X4005
SZ,001288,88,T070506,X320399
SZ,001289,89,T010203,X620104
SZ,001296,96,T020604,X1208
SZ,001298,98,T1204,X4005
SZ,001299,99,T0804,X6202
SZ,001300,00,T0603,X230402
SZ,001301,01,T0706,X300202
SZ,001306,06,T070402,X320203
SZ,001308,08,T1204,X400202
SZ,001309,09,T1203,X400103
SZ,001311,11,T040202,X260304
SZ,001312,12,T030301,X220104
SZ,001313,13,T030204,X200502
SZ,001314,14,T1204,X400201
SZ,001316,16,T050107,X2505
SZ,001317,17,T090101,X610101
SZ,001318,18,T030401,X210302
SZ,001319,19,T040202,X260301
SZ,001322,22,T0404,X230302
SZ,001323,23,T0404,X230301
SZ,001324,24,T0703,X3201
SZ,001325,25,T020405,X120603
SZ,001326,26,T0706,X400303
SZ,001328,28,T0301,X120101
SZ,001330,30,T060102,X430302
SZ,001331,31,T0804,X6202
SZ,001332,32,T070506,X320301
SZ,001333,33,T020401,X120499
SZ,001335,35,T020401,X120399
SZ,001336,36,T070506,X6301
SZ,001337,37,T020204,X140201
SZ,001338,38,T030502,X210201
SZ,001339,39,T1201,X420102
SZ,001356,56,T020404,X120506
SZ,001358,58,T020401,X120499
SZ,001359,59,T0208,X1208
SZ,001360,60,T0707,X320301
SZ,001365,65,T040202,X260305
SZ,001366,66,T030204,X200501
SZ,001367,67,T040501,X270102
SZ,001368,68,T0603,X230402
SZ,001369,69,T0203,X120299
SZ,001373,73,T1204,X400302
SZ,001376,76,T0804,X620103
SZ,001378,78,T020404,X120502
SZ,001379,79,T070402,X320204
SZ,001380,80,T040202,X260302
SZ,001382,82,T0706,X300305
SZ,001386,86,T0404,X230302
SZ,001387,87,T0401,X240102
SZ,001388,88,T0706,X300302
SZ,001389,89,T1204,X400401
SZ,001390,90,T030301,X220104
SZ,001391,91,T0902,X610403
SZ,001393,93,T0706,X300304
SZ,001395,95,T070506,X320399
SZ,001396,96,T110101,X520201
SZ,001399,99,T1204,X400301
SZ,001400,00,T070506,X320299
SZ,001696,96,T040204,X320299
SZ,001872,72,T090303,X610301
SZ,001896,96,T010202,X620102
SZ,001914,14,T110204,X530201
SZ,001965,65,T090301,X610102
SZ,001979,79,T110201,X530101
SZ,002001,01,T040501,X120406
SZ,002003,03,T030302,X220103
SZ,002004,04,T020402,X120701
SZ,002005,05,T0401,X240301
SZ,002006,06,T070506,X320303
SZ,002007,07,T040502,X270201
SZ,002008,08,T070506,X320503
SZ,002009,09,T0707,X320399
SZ,002010,10,T0902,X610401
SZ,002011,11,T0401,X2406
SZ,002012,12,T0207,X230103
SZ,002014,14,T020404,X230203
SZ,002015,15,T010203,X620107
SZ,002016,16,T110202,X530101
SZ,002017,17,T1202,X410104
SZ,002019,19,T040501,X270101
SZ,002020,20,T040501,X270101
SZ,002021,21,T070504,X320303
SZ,002022,22,T0403,X270204
SZ,002023,23,T0701,X3102
SZ,002024,24,T050103,X250601
SZ,002025,25,T1204,X3105
SZ,002026,26,T070402,X320203
SZ,002027,27,T0602,X430202
SZ,002028,28,T0706,X300303
SZ,002029,29,T030302,X220204
SZ,002030,30,T0403,X270204
SZ,002031,31,T040202,X320399
SZ,002032,32,T0401,X240301
SZ,002033,33,T060502,X600501
SZ,002034,34,T0805,X630203
SZ,002035,35,T0401,X240401
SZ,002036,36,T1204,X400302
SZ,002037,37,T020401,X120403
SZ,002038,38,T040502,X270205
SZ,002039,39,T010201,X620101
SZ,002040,40,T090303,X610301
SZ,002041,41,T030201,X200103
SZ,002042,42,T030301,X220101
SZ,002043,43,T020604,X150306
SZ,002044,44,T0403,X270403
SZ,002045,45,T1204,X400201
SZ,002046,46,T070402,X320203
SZ,002047,47,T110102,X5205
SZ,002048,48,T040202,X260301
SZ,002049,49,T1203,X400103
SZ,002050,50,T0401,X2406
SZ,002051,51,T110101,X520303
SZ,002052,52,T0401,X240202
SZ,002053,53,T010203,X620104
SZ,002054,54,T020406,X120404
SZ,002055,55,T1204,X400201
SZ,002056,56,T0706,X300403
SZ,002057,57,T0208,X140501
SZ,002058,58,T0706,X300201
SZ,002059,59,T060502,X600503
SZ,002060,60,T110101,X520201
SZ,002061,61,T110101,X520201
SZ,002062,62,T110101,X520201
SZ,002063,63,T1205,X420202
SZ,002064,64,T0203,X120202
SZ,002065,65,T1205,X420202
SZ,002066,66,T020604,X150303
SZ,002067,67,T0207,X230101
SZ,002068,68,T020401,X120602
SZ,002069,69,T030202,X200401
SZ,002072,72,T0502,X2505
SZ,002073,73,T070506,X320399
SZ,002074,74,T0706,X300201
SZ,002075,75,T020102,X1303
SZ,002076,76,T0401,X400303
SZ,002077,77,T1203,X400106
SZ,002078,78,T0207,X230101
SZ,002079,79,T0706,X300405
SZ,002080,80,T020603,X150202
SZ,002081,81,T110102,X5205
SZ,002082,82,T040503,X2706
SZ,002083,83,T030301,X220201
SZ,002084,84,T0404,X230302
SZ,002085,85,T040202,X260303
SZ,002086,86,T030202,X200401
SZ,002088,88,T0208,X150303
SZ,002090,90,T0706,X300302
SZ,002091,91,T0502,X2505
SZ,002092,92,T020401,X120303
SZ,002093,93,T0603,X6002
SZ,002094,94,T0301,X120102
SZ,002095,95,T1206,X420402
SZ,002096,96,T020401,X120403
SZ,002097,97,T0707,X320401
SZ,002098,98,T030302,X220103
SZ,002099,99,T040501,X270102
SZ,002100,00,T030204,X200501
SZ,002101,01,T040202,X260301
SZ,002102,02,T040501,X270102
SZ,002103,03,T0603,X230401
SZ,002104,04,T1202,X410104
SZ,002105,05,T040204,X260502
SZ,002106,06,T1204,X400302
SZ,002107,07,T040503,X2706
SZ,002108,08,T020404,X150302
SZ,002109,09,T020401,X120301
SZ,002110,10,T020101,X130201
SZ,002111,11,T0701,X3102
SZ,002112,12,T0706,X300303
SZ,002114,14,T020203,X140103
SZ,002115,15,T1206,X430201
SZ,002116,16,T110101,X520304
SZ,002117,17,T0602,X230201
SZ,002119,19,T1203,X400101
SZ,002120,20,T0902,X610402
SZ,002121,21,T0708,X300301
SZ,002122,22,T070401,X320202
SZ,002123,23,T1206,X410202
SZ,002124,24,T030206,X200201
SZ,002125,25,T020401,X120399
SZ,002126,26,T040202,X260302
SZ,002127,27,T1206,X250601
SZ,002128,28,T010101,X100101
SZ,002129,29,T0706,X300402
SZ,002130,30,T0706,X4005
SZ,002131,31,T1206,X430201
SZ,002132,32,T020103,X320204
SZ,002133,33,T110201,X530101
SZ,002134,34,T1204,X400401
SZ,002135,35,T020103,X520302
SZ,002136,36,T020401,X120302
SZ,002137,37,T1204,X400303
SZ,002138,38,T1204,X400402
SZ,002139,39,T1204,X4005
SZ,002140,40,T110101,X520301
SZ,002141,41,T1204,X400401
SZ,002142,42,T1001,X500201
SZ,002144,44,T030301,X220104
SZ,002145,45,T020401,X120302
SZ,002146,46,T110201,X530101
SZ,002148,48,T1206,X410202
SZ,002149,49,T020205,X140403
SZ,002150,50,T070402,X320204
SZ,002151,51,T1202,X3105
SZ,002152,52,T1201,X420102
SZ,002153,53,T1205,X420303
SZ,002154,54,T030302,X220204
SZ,002155,55,T020204,X140201
SZ,002156,56,T1203,X400106
SZ,002157,57,T030206,X200201
SZ,002158,58,T0707,X320206
SZ,002159,59,T060501,X600502
SZ,002160,60,T020202,X140102
SZ,002161,61,T1202,X410105
SZ,002162,62,T020601,X150301
SZ,002163,63,T110102,X5205
SZ,002164,64,T070402,X320203
SZ,002165,65,T020401,X120401
SZ,002166,66,T040503,X2706
SZ,002167,67,T020205,X140404
SZ,002168,68,T0706,X300304
SZ,002169,69,T0706,X300302
SZ,002170,70,T020402,X120705
SZ,002171,71,T020201,X140101
SZ,002172,72,T0403,X270403
SZ,002173,73,T0403,X270403
SZ,002174,74,T1206,X4301
SZ,002175,75,T0708,X320201
SZ,002176,76,T020205,X140301
SZ,002177,77,T050105,X2503
SZ,002178,78,T1205,X420202
SZ,002179,79,T1204,X3105
SZ,002180,80,T1201,X420102
SZ,002181,81,T060101,X430602
SZ,002182,82,T020205,X140404
SZ,002183,83,T0902,X610401
SZ,002184,84,T070402,X320502
SZ,002185,85,T1203,X400106
SZ,002186,86,T0604,X600302
SZ,002187,87,T050101,X250102
SZ,002188,88,T110204,X530201
SZ,002189,89,T1204,X400302
SZ,002190,90,T040202,X260304
SZ,002191,91,T0602,X230204
SZ,002192,92,T020205,X140301
SZ,002193,93,T030301,X220104
SZ,002194,94,T1202,X410102
SZ,002195,95,T1205,X420403
SZ,002196,96,T070504,X3001
SZ,002197,97,T1201,X420301
SZ,002198,98,T040503,X2706
SZ,002199,99,T1204,X400402
SZ,002200,00,T110101,X520202
SZ,002201,01,T020603,X150202
SZ,002202,02,T0706,X300501
SZ,002203,03,T020201,X140101
SZ,002204,04,T070506,X320301
SZ,002205,05,T020602,X150101
SZ,002206,06,T0203,X120201
SZ,002207,07,T010301,X110201
SZ,002208,08,T110202,X530101
SZ,002209,09,T070502,X320302
SZ,002210,10,T0805,X630203
SZ,002211,11,T020405,X120407
SZ,002212,12,T1205,X420201
SZ,002213,13,T1203,X400103
SZ,002214,14,T0708,X3105
SZ,002215,15,T020402,X120701
SZ,002216,16,T030403,X210603
SZ,002217,17,T1204,X400201
SZ,002218,18,T010203,X620105
SZ,002219,19,T0403,X270403
SZ,002221,21,T010302,X110303
SZ,002222,22,T1204,X400302
SZ,002223,23,T0403,X270301
SZ,002224,24,T020405,X120603
SZ,002225,25,T020604,X150303
SZ,002226,26,T020401,X120403
SZ,002227,27,T0706,X3006
SZ,002228,28,T0602,X230204
SZ,002229,29,T0602,X230201
SZ,002230,30,T1205,X420203
SZ,002232,32,T1205,X420202
SZ,002233,33,T020602,X150101
SZ,002234,34,T030206,X200202
SZ,002235,35,T0207,X230103
SZ,002236,36,T1201,X420101
SZ,002237,37,T020204,X140201
SZ,002238,38,T060102,X4307
SZ,002239,39,T040202,X260305
SZ,002240,40,T020205,X140301
SZ,002241,41,T1204,X400201
SZ,002242,42,T0401,X240301
SZ,002243,43,T0602,X230205
SZ,002244,44,T110202,X530101
SZ,002245,45,T0706,X300201
SZ,002246,46,T020401,X120403
SZ,002247,47,T020604,X150306
SZ,002248,48,T070401,X320202
SZ,002249,49,T0706,X3001
SZ,002250,50,T020401,X120701
SZ,002251,51,T050102,X250101
SZ,002252,52,T040502,X270201
SZ,002253,53,T1205,X420202
SZ,002254,54,T0203,X120202
SZ,002255,55,T070506,X3006
SZ,002256,56,T010203,X620105
SZ,002258,58,T020402,X120701
SZ,002259,59,T0804,X6202
SZ,002261,61,T1205,X420303
SZ,002262,62,T040501,X270101
SZ,002263,63,T020404,X120502
SZ,002264,64,T1206,X250603
SZ,002265,65,T070506,X3101
SZ,002266,66,T0805,X630203
SZ,002267,67,T0804,X6202
SZ,002268,68,T1201,X420102
SZ,002269,69,T030302,X220204
SZ,002270,70,T0706,X300303
SZ,002271,71,T020604,X150304
SZ,002272,72,T070402,X320299
SZ,002273,73,T1204,X400302
SZ,002274,74,T020402,X120705
SZ,002275,75,T040503,X2706
SZ,002276,76,T0706,X300305
SZ,002277,77,T050101,X250102
SZ,002278,78,T070501,X320301
SZ,002279,79,T1205,X420201
SZ,002281,81,T1202,X410102
SZ,002282,82,T070402,X320207
SZ,002283,83,T040202,X260302
SZ,002284,84,T040202,X260302
SZ,002285,85,T110204,X530202
SZ,002286,86,T030403,X210602
SZ,002287,87,T040503,X2706
SZ,002289,89,T1204,X400301
SZ,002290,90,T0401,X2406
SZ,002291,91,T0602,X430201
SZ,002292,92,T060102,X430301
SZ,002293,93,T030301,X220201
SZ,002294,94,T040501,X270101
SZ,002295,95,T020201,X140101
SZ,002296,96,T1202,X410105
SZ,002297,97,T0701,X3102
SZ,002298,98,T0706,X300303
SZ,002299,99,T030206,X200202
SZ,002300,00,T0706,X300305
SZ,002301,01,T0603,X230401
SZ,002302,02,T020602,X150102
SZ,002303,03,T0207,X230204
SZ,002304,04,T030501,X210205
SZ,002305,05,T110202,X530102
SZ,002306,06,T0604,X600302
SZ,002307,07,T110101,X520201
SZ,002309,09,T0706,X300403
SZ,002310,10,T010203,X620105
SZ,002311,11,T030204,X200502
SZ,002312,12,T020401,X120703
SZ,002313,13,T1202,X410104
SZ,002314,14,T110202,X530101
SZ,002315,15,T1206,X250602
SZ,002316,16,T1205,X510399
SZ,002317,17,T040503,X2706
SZ,002318,18,T020102,X1303
SZ,002319,19,T020406,X120402
SZ,002320,20,T090102,X610302
SZ,002321,21,T030206,X200203
SZ,002322,22,T1205,X420202
SZ,002323,23,T110101,X520302
SZ,002324,24,T020404,X120503
SZ,002326,26,T020401,X120405
SZ,002327,27,T030301,X220201
SZ,002328,28,T040202,X260301
SZ,002329,29,T030401,X210302
SZ,002330,30,T030403,X210601
SZ,002331,31,T1205,X420202
SZ,002332,32,T040501,X270101
SZ,002333,33,T020604,X150306
SZ,002334,34,T0706,X320502
SZ,002335,35,T0706,X3006
SZ,002337,37,T070501,X320399
SZ,002338,38,T0708,X3105
SZ,002339,39,T0706,X300302
SZ,002340,40,T020205,X300202
SZ,002342,42,T070402,X320204
SZ,002343,43,T060102,X430301
SZ,002344,44,T050106,X2503
SZ,002345,45,T030302,X220301
SZ,002346,46,T0706,X300304
SZ,002347,47,T070402,X320203
SZ,002348,48,T0603,X230402
SZ,002349,49,T040503,X2706
SZ,002350,50,T0706,X300304
SZ,002351,51,T1201,X400201
SZ,002352,52,T0902,X610402
SZ,002353,53,T070501,X320301
SZ,002354,54,T1206,X430201
SZ,002355,55,T040202,X260303
SZ,002356,56,T050105,X250103
SZ,002357,57,T0802,X610103
SZ,002358,58,T0706,X300303
SZ,002360,60,T020401,X120403
SZ,002361,61,T020401,X120501
SZ,002362,62,T1205,X420203
SZ,002363,63,T040202,X260302
SZ,002364,64,T0706,X3006
SZ,002365,65,T040501,X270102
SZ,002366,66,T070506,X320301
SZ,002367,67,T0703,X320305
SZ,002368,68,T1205,X420202
SZ,002369,69,T1202,X410104
SZ,002370,70,T040501,X270101
SZ,002371,71,T1203,X400102
SZ,002372,72,T020604,X150302
SZ,002373,73,T1205,X420202
SZ,002374,74,T0602,X230202
SZ,002375,75,T110102,X5205
SZ,002376,76,T1201,X420102
SZ,002377,77,T020604,X150306
SZ,002378,78,T020205,X140402
SZ,002379,79,T020202,X140102
SZ,002380,80,T1205,X420202
SZ,002381,81,T020405,X120603
SZ,002382,82,T0403,X270303
SZ,002383,83,T1202,X410105
SZ,002384,84,T1204,X400401
SZ,002385,85,T030204,X200501
SZ,002386,86,T020401,X120303
SZ,002387,87,T1204,X400301
SZ,002388,88,T1204,X4005
SZ,002389,89,T0701,X3102
SZ,002390,90,T050104,X270501
SZ,002391,91,T020402,X120701
SZ,002392,92,T020604,X150303
SZ,002393,93,T040501,X270101
SZ,002394,94,T030301,X220101
SZ,002395,95,T020404,X120504
SZ,002396,96,T1202,X410103
SZ,002397,97,T030301,X220201
SZ,002398,98,T020604,X150306
SZ,002399,99,T040501,X270102
SZ,002400,00,T0602,X430201
SZ,002401,01,T1205,X420202
SZ,002402,02,T1204,X4005
SZ,002403,03,T0401,X240301
SZ,002404,04,T030301,X220104
SZ,002405,05,T1205,X420202
SZ,002406,06,T040202,X260302
SZ,002407,07,T020401,X120405
SZ,002408,08,T020401,X120306
SZ,002409,09,T1203,X400101
SZ,002410,10,T1205,X420303
SZ,002412,12,T040503,X2706
SZ,002413,13,T1202,X3105
SZ,002414,14,T0708,X3105
SZ,002415,15,T1201,X420101
SZ,002416,16,T050103,X2504
SZ,002418,18,T0401,X2406
SZ,002419,19,T050101,X250102
SZ,002420,20,T0401,X2406
SZ,002421,21,T1205,X420202
SZ,002422,22,T040501,X270101
SZ,002423,23,T1004,X510306
SZ,002424,24,T040503,X2706
SZ,002425,25,T1206,X4301
SZ,002426,26,T1204,X400201
SZ,002427,27,T0203,X120201
SZ,002428,28,T020205,X140404
SZ,002429,29,T0401,X240201
SZ,002430,30,T070501,X320399
SZ,002431,31,T110101,X520202
SZ,002432,32,T0403,X270301
SZ,002434,34,T040202,X260302
SZ,002436,36,T1204,X400401
SZ,002437,37,T040501,X270101
SZ,002438,38,T070402,X320203
SZ,002439,39,T1205,X420201
SZ,002440,40,T020406,X120404
SZ,002441,41,T0706,X300304
SZ,002442,42,T020401,X120602
SZ,002443,43,T020103,X1303
SZ,002444,44,T070502,X320299
SZ,002445,45,T020103,X320204
SZ,002446,46,T1202,X3105
SZ,002448,48,T040202,X260302
SZ,002449,49,T1203,X400303
SZ,002451,51,T0706,X300305
SZ,002452,52,T0706,X300303
SZ,002453,53,T020401,X120499
SZ,002454,54,T040202,X260305
SZ,002455,55,T020401,X120306
SZ,002456,56,T1204,X400201
SZ,002457,57,T020404,X150302
SZ,002458,58,T030206,X200202
SZ,002459,59,T0706,X300403
SZ,002460,60,T020205,X140301
SZ,002461,61,T030502,X210201
SZ,002462,62,T050104,X270501
SZ,002463,63,T1204,X400401
SZ,002465,65,T1202,X3105
SZ,002466,66,T020205,X140301
SZ,002467,67,T1206,X410202
SZ,002468,68,T0902,X610402
SZ,002469,69,T020401,X120306
SZ,002470,70,T020402,X120705
SZ,002471,71,T0706,X300305
SZ,002472,72,T040202,X260302
SZ,002474,74,T1205,X420202
SZ,002475,75,T1204,X400201
SZ,002476,76,T020401,X120499
SZ,002478,78,T020103,X1303
SZ,002479,79,T010203,X620103
SZ,002480,80,T0703,X3201
SZ,002481,81,T030403,X200603
SZ,002482,82,T110102,X5205
SZ,002483,83,T070506,X320301
SZ,002484,84,T1204,X400402
SZ,002485,85,T0502,X2505
SZ,002486,86,T030302,X220204
SZ,002487,87,T0706,X300502
SZ,002488,88,T040202,X260303
SZ,002489,89,T0404,X230301
SZ,002490,90,T070501,X320301
SZ,002491,91,T1202,X410101
SZ,002492,92,T0902,X610404
SZ,002493,93,T0203,X120201
SZ,002494,94,T030302,X220204
SZ,002495,95,T030403,X2104
SZ,002496,96,T020402,X120701
SZ,002497,97,T020205,X140301
SZ,002498,98,T0706,X300305
SZ,002500,00,T1002,X5101
SZ,002501,01,T020202,X140102
SZ,002506,06,T0706,X300403
SZ,002507,07,T030403,X2104
SZ,002508,08,T0401,X240401
SZ,002510,10,T040202,X260304
SZ,002511,11,T0207,X230102
SZ,002512,12,T1201,X420102
SZ,002513,13,T010203,X300403
SZ,002514,14,T070402,X320204
SZ,002515,15,T030403,X210601
SZ,002516,16,T040202,X260301
SZ,002517,17,T1206,X4301
SZ,002518,18,T0706,X3006
SZ,002519,19,T1202,X3101
SZ,002520,20,T070401,X320202
SZ,002521,21,T0207,X230103
SZ,002522,22,T020404,X120502
SZ,002523,23,T070506,X320301
SZ,002524,24,T0403,X270403
SZ,002526,26,T0707,X320301
SZ,002527,27,T0708,X320502
SZ,002528,28,T1201,X420101
SZ,002529,29,T070506,X320399
SZ,002530,30,T070506,X320299
SZ,002531,31,T0706,X300502
SZ,002532,32,T020202,X140102
SZ,002533,33,T0706,X300305
SZ,002534,34,T070506,X3006
SZ,002535,35,T0707,X320301
SZ,002536,36,T040202,X260302
SZ,002537,37,T040202,X260301
SZ,002538,38,T020402,X120705
SZ,002539,39,T020402,X120705
SZ,002540,40,T020202,X140102
SZ,002541,41,T020103,X520302
SZ,002542,42,T110101,X520304
SZ,002543,43,T0401,X240401
SZ,002544,44,T1202,X410301
SZ,002545,45,T020402,X120704
SZ,002546,46,T0706,X300301
SZ,002547,47,T040202,X260304
SZ,002548,48,T030204,X200501
SZ,002549,49,T0805,X630201
SZ,002550,50,T040502,X270206
SZ,002551,51,T0403,X270404
SZ,002552,52,T1204,X400401
SZ,002553,53,T040202,X260302
SZ,002554,54,T010301,X110202
SZ,002555,55,T1206,X4301
SZ,002556,56,T020402,X120705
SZ,002557,57,T030403,X210501
SZ,002558,58,T1206,X4301
SZ,002559,59,T070401,X320202
SZ,002560,60,T0706,X300305
SZ,002561,61,T050101,X250102
SZ,002562,62,T040501,X120406
SZ,002563,63,T030302,X220204
SZ,002564,64,T070501,X320399
SZ,002565,65,T0207,X230204
SZ,002566,66,T040503,X2706
SZ,002567,67,T030204,X200501
SZ,002568,68,T030503,X210204
SZ,002569,69,T030302,X220204
SZ,002570,70,T030401,X210302
SZ,002571,71,T0404,X230302
SZ,002572,72,T0404,X230301
SZ,002573,73,T0805,X630202
SZ,002574,74,T030302,X220301
SZ,002575,75,T0603,X9901
SZ,002576,76,T0706,X3001
SZ,002577,77,T1201,X420102
SZ,002578,78,T020202,X140102
SZ,002579,79,T1204,X400401
SZ,002580,80,T0706,X300205
SZ,002581,81,T040502,X270206
SZ,002582,82,T030403,X210501
SZ,002583,83,T1202,X410105
SZ,002584,84,T020401,X4006
SZ,002585,85,T020404,X120502
SZ,002586,86,T110101,X520201
SZ,002587,87,T1204,X400303
SZ,002588,88,T020402,X120705
SZ,002589,89,T050104,X270501
SZ,002590,90,T040202,X260302
SZ,002591,91,T0805,X6301
SZ,002592,92,T040202,X260301
SZ,002593,93,T020103,X520302
SZ,002594,94,T040201,X260101
SZ,002595,95,T070506,X320399
SZ,002596,96,T020602,X150102
SZ,002597,97,T030403,X120406
SZ,002598,98,T070402,X320299
SZ,002599,99,T0602,X230201
SZ,002600,00,T1204,X400201
SZ,002601,01,T020401,X120302
SZ,002602,02,T1206,X4301
SZ,002603,03,T040503,X2706
SZ,002605,05,T1206,X4301
SZ,002606,06,T0706,X300305
SZ,002607,07,T0603,X6002
SZ,002608,08,T010202,X620102
SZ,002609,09,T1205,X420202
SZ,002611,11,T070502,X320302
SZ,002612,12,T030302,X220204
SZ,002613,13,T070506,X320399
SZ,002614,14,T0401,X240303
SZ,002615,15,T0404,X230302
SZ,002616,16,T0805,X620107
SZ,002617,17,T0706,X300305
SZ,002620,20,T110102,X5205
SZ,002622,22,T0403,X270403
SZ,002623,23,T020603,X300405
SZ,002624,24,T1206,X4301
SZ,002625,25,T0701,X3102
SZ,002626,26,T0403,X210604
SZ,002627,27,T060502,X600501
SZ,002628,28,T110101,X520201
SZ,002629,29,T010301,X110201
SZ,002630,30,T070506,X3006
SZ,002631,31,T0404,X230301
SZ,002632,32,T020404,X120502
SZ,002633,33,T070402,X320203
SZ,002634,34,T030302,X220202
SZ,002635,35,T1204,X400201
SZ,002636,36,T1204,X400401
SZ,002637,37,T0301,X120101
SZ,002638,38,T0401,X400303
SZ,002639,39,T070506,X320206
SZ,002640,40,T1206,X250602
SZ,002641,41,T020404,X150302
SZ,002642,42,T1205,X420202
SZ,002643,43,T020401,X4006
SZ,002644,44,T040503,X2706
SZ,002645,45,T070506,X6301
SZ,002646,46,T030501,X210205
SZ,002647,47,T1004,X510399
SZ,002648,48,T020401,X120306
SZ,002649,49,T1205,X420202
SZ,002650,50,T030403,X2104
SZ,002651,51,T0701,X3102
SZ,002652,52,T020604,X150306
SZ,002653,53,T040501,X270101
SZ,002654,54,T1206,X430202
SZ,002655,55,T1204,X400201
SZ,002656,56,T030302,X220204
SZ,002657,57,T1205,X420202
SZ,002658,58,T0805,X6303
SZ,002659,59,T0603,X6002
SZ,002660,60,T0706,X400201
SZ,002661,61,T030403,X200603
SZ,002662,62,T040202,X260301
SZ,002663,63,T110101,X520202
SZ,002664,64,T040202,X260305
SZ,002666,66,T020401,X120499
SZ,002667,67,T020205,X140301
SZ,002668,68,T0401,X240102
SZ,002669,69,T020401,X120408
SZ,002670,70,T1002,X5101
SZ,002671,71,T020602,X150102
SZ,002672,72,T0805,X630203
SZ,002673,73,T1002,X5101
SZ,002674,74,T030301,X220103
SZ,002675,75,T040501,X270101
SZ,002676,76,T0401,X2406
SZ,002677,77,T0401,X240401
SZ,002678,78,T0603,X230402
SZ,002679,79,T030203,X2003
SZ,002681,81,T1204,X400201
SZ,002682,82,T0902,X610401
SZ,002683,83,T020401,X120403
SZ,002685,85,T070401,X320202
SZ,002686,86,T070506,X320299
SZ,002687,87,T030302,X220204
SZ,002688,88,T030206,X2007
SZ,002689,89,T0703,X320305
SZ,002690,90,T070506,X320399
SZ,002691,91,T070506,X320301
SZ,002692,92,T0706,X300305
SZ,002693,93,T040502,X270206
SZ,002694,94,T020404,X150302
SZ,002695,95,T030403,X210503
SZ,002696,96,T030204,X200502
SZ,002697,97,T050102,X250101
SZ,002698,98,T070501,X320399
SZ,002700,00,T0804,X6202
SZ,002701,01,T0602,X230202
SZ,002702,02,T030403,X210603
SZ,002703,03,T040202,X260302
SZ,002705,05,T0401,X240301
SZ,002706,06,T0706,X300304
SZ,002707,07,T060501,X600502
SZ,002708,08,T040202,X260302
SZ,002709,09,T020401,X300202
SZ,002710,10,,
SZ,002712,12,T0602,X430201
SZ,002713,13,T110102,X5205
SZ,002714,14,T030206,X200201
SZ,002715,15,T040202,X260302
SZ,002716,16,T020205,X140202
SZ,002717,17,T0805,X630204
SZ,002718,18,T020604,X150306
SZ,002719,19,T030401,X210302
SZ,002720,20,,
SZ,002721,21,T030302,X220301
SZ,002722,22,T020103,X320204
SZ,002723,23,T0401,X240303
SZ,002724,24,T1204,X400303
SZ,002725,25,T040202,X260303
SZ,002726,26,T030403,X210601
SZ,002727,27,T050104,X270502
SZ,002728,28,T040503,X2706
SZ,002729,29,T1204,X4005
SZ,002730,30,T070506,X320301
SZ,002731,31,T030302,X220301
SZ,002732,32,T030401,X210302
SZ,002733,33,T0706,X300204
SZ,002734,34,T020402,X120701
SZ,002735,35,T020404,X230203
SZ,002736,36,T1002,X5101
SZ,002737,37,T040503,X2706
SZ,002738,38,T020205,X140301
SZ,002739,39,T060102,X430302
SZ,002741,41,T020401,X4006
SZ,002742,42,T040501,X270101
SZ,002743,43,T020103,X520302
SZ,002745,45,T1204,X400303
SZ,002746,46,T030206,X200202
SZ,002747,47,T070402,X320501
SZ,002748,48,T020401,X120505
SZ,002749,49,T020402,X120701
SZ,002752,52,T0602,X230202
SZ,002753,53,T020401,X120602
SZ,002755,55,T040501,X270101
SZ,002756,56,T020205,X140301
SZ,002757,57,T070506,X320399
SZ,002758,58,T050107,X2505
SZ,002759,59,T0706,X300202
SZ,002760,60,T070402,X320207
SZ,002761,61,T110101,X5201
SZ,002762,62,T030302,X220204
SZ,002763,63,T030302,X220202
SZ,002765,65,T1204,X400301
SZ,002766,66,T040202,X260305
SZ,002767,67,T0708,X320201
SZ,002768,68,T020404,X120503
SZ,002769,69,T0902,X610401
SZ,002771,71,T1205,X420202
SZ,002772,72,T030201,X200102
SZ,002773,73,T040501,X270101
SZ,002774,74,T0703,X320305
SZ,002775,75,T110101,X520202
SZ,002777,77,T1205,X420202
SZ,002778,78,T0805,X630202
SZ,002779,79,T070505,X320304
SZ,002780,80,T030302,X220203
SZ,002782,82,T1204,X400201
SZ,002783,83,T020401,X120403
SZ,002785,85,T020604,X150306
SZ,002786,86,T070506,X320399
SZ,002787,87,T0602,X230202
SZ,002788,88,T050104,X270501
SZ,002789,89,T110102,X5205
SZ,002790,90,T0404,X230302
SZ,002791,91,T020604,X150306
SZ,002792,92,T1202,X410102
SZ,002793,93,T040501,X270101
SZ,002795,95,T070402,X320203
SZ,002796,96,T1202,X410105
SZ,002797,97,T1002,X5101
SZ,002798,98,T0404,X230302
SZ,002799,99,T0602,X230204
SZ,002800,00,T0902,X610401
SZ,002801,01,T0706,X3001
SZ,002802,02,T020401,X120501
SZ,002803,03,T1206,X250602
SZ,002805,05,T0706,X300202
SZ,002806,06,T040202,X260304
SZ,002807,07,T1001,X500202
SZ,002809,09,T020401,X120499
SZ,002810,10,T020401,X120499
SZ,002811,11,T110102,X5205
SZ,002812,12,T0706,X300202
SZ,002813,13,T040202,X260305
SZ,002815,15,T1204,X400401
SZ,002816,16,T070506,X320399
SZ,002817,17,T040501,X270102
SZ,002818,18,T050105,X2503
SZ,002819,19,T0708,X320201
SZ,002820,20,T030403,X210502
SZ,002821,21,T040502,X270402
SZ,002822,22,T110102,X5205
SZ,002823,23,T070402,X3001
SZ,002824,24,T020202,X140102
SZ,002825,25,T020401,X120506
SZ,002826,26,T040501,X270101
SZ,002827,27,T020401,X120403
SZ,002828,28,T010301,X110201
SZ,002829,29,T0701,X3103
SZ,002830,30,T110102,X5205
SZ,002831,31,T0602,X230204
SZ,002832,32,T030302,X220203
SZ,002833,33,T070506,X320399
SZ,002835,35,T1201,X420101
SZ,002836,36,T0602,X230204
SZ,002837,37,T070506,X320399
SZ,002838,38,T020404,X120503
SZ,002839,39,T1001,X500202
SZ,002840,40,T030403,X210601
SZ,002841,41,T1204,X400202
SZ,002842,42,T020205,X140402
SZ,002843,43,T020103,X320204
SZ,002845,45,T1204,X400301
SZ,002846,46,T0602,X230202
SZ,002847,47,T030403,X210501
SZ,002848,48,T0401,X240202
SZ,002849,49,T0708,X320201
SZ,002850,50,T0706,X300201
SZ,002851,51,T0706,X3006
SZ,002852,52,T030403,X200601
SZ,002853,53,T0404,X230301
SZ,002855,55,T1204,X400201
SZ,002856,56,T110102,X5205
SZ,002857,57,T0708,X300301
SZ,002858,58,T0603,X6001
SZ,002859,59,T1204,X400402
SZ,002860,60,T0401,X2406
SZ,002861,61,T1204,X400201
SZ,002862,62,T0603,X230402
SZ,002863,63,T040202,X260303
SZ,002864,64,T040503,X2706
SZ,002865,65,T0706,X300403
SZ,002866,66,T1201,X400201
SZ,002867,67,T030302,X220301
SZ,002868,68,T030206,X2007
SZ,002869,69,T1202,X4005
SZ,002870,70,T040202,X260301
SZ,002871,71,T070402,X320203
SZ,002872,72,T050104,X270501
SZ,002873,73,T040503,X2706
SZ,002875,75,T030302,X220204
SZ,002876,76,T1204,X400302
SZ,002877,77,T070402,X320203
SZ,002878,78,T0602,X430202
SZ,002879,79,T0706,X300305
SZ,002880,80,T040502,X270201
SZ,002881,81,T1204,X400201
SZ,002882,82,T0706,X300305
SZ,002883,83,T110101,X5204
SZ,002884,84,T070402,X320203
SZ,002885,85,T1204,X4005
SZ,002886,86,T020404,X120503
SZ,002887,87,T0805,X630204
SZ,002888,88,T1204,X400201
SZ,002889,89,T0902,X610401
SZ,002890,90,T070505,X320304
SZ,002891,91,T030204,X200503
SZ,002892,92,T0706,X3001
SZ,002893,93,T0804,X620103
SZ,002895,95,T020401,X120703
SZ,002896,96,T070402,X320203
SZ,002897,97,T1204,X410102
SZ,002899,99,T0603,X230402
SZ,002900,00,T040501,X270101
SZ,002901,01,T0403,X270303
SZ,002902,02,T1202,X410102
SZ,002903,03,T070401,X320202
SZ,002905,05,T060102,X430302
SZ,002906,06,T040202,X260305
SZ,002907,07,T040503,X2706
SZ,002908,08,T1205,X420202
SZ,002909,09,T020401,X120408
SZ,002910,10,T030401,X210302
SZ,002911,11,T0804,X6202
SZ,002912,12,T1201,X420102
SZ,002913,13,T1204,X400401
SZ,002915,15,T020401,X120405
SZ,002916,16,T1204,X400401
SZ,002917,17,T020401,X120403
SZ,002918,18,T020601,X150301
SZ,002919,19,T1206,X4301
SZ,002920,20,T040202,X260305
SZ,002921,21,T040202,X260304
SZ,002922,22,T0706,X300303
SZ,002923,23,T040501,X270101
SZ,002925,25,T1204,X400201
SZ,002926,26,T1002,X5101
SZ,002927,27,T0706,X300304
SZ,002928,28,T090103,X610201
SZ,002929,29,T1202,X410302
SZ,002930,30,T0902,X610404
SZ,002931,31,T070402,X320203
SZ,002932,32,T0403,X270204
SZ,002933,33,T0701,X3102
SZ,002935,35,T0701,X3105
SZ,002936,36,T1001,X500201
SZ,002937,37,T1204,X400201
SZ,002938,38,T1204,X400401
SZ,002939,39,T1002,X5101
SZ,002940,40,T040501,X270101
SZ,002941,41,T110101,X520201
SZ,002942,42,T020402,X120701
SZ,002943,43,T070401,X320202
SZ,002945,45,T1002,X5101
SZ,002946,46,T030401,X210302
SZ,002947,47,T1204,X400201
SZ,002948,48,T1001,X500201
SZ,002949,49,T110101,X5204
SZ,002950,50,T0403,X270303
SZ,002951,51,T0602,X230204
SZ,002952,52,T1204,X400301
SZ,002953,53,T0706,X300305
SZ,002955,55,T1201,X400202
SZ,002956,56,T030403,X210605
SZ,002957,57,T070506,X320502
SZ,002958,58,T1001,X500202
SZ,002959,59,T0401,X240301
SZ,002960,60,T070506,X320305
SZ,002961,61,T1004,X510304
SZ,002962,62,T1204,X400302
SZ,002963,63,T110102,X5205
SZ,002965,65,T040202,X260304
SZ,002966,66,T1001,X500201
SZ,002967,67,T0708,X600602
SZ,002968,68,T110204,X530201
SZ,002969,69,T0602,X230202
SZ,002970,70,T1201,X420102
SZ,002971,71,T020401,X120499
SZ,002972,72,T0703,X3201
SZ,002973,73,T0805,X630203
SZ,002975,75,T070506,X320502
SZ,002976,76,T040202,X260304
SZ,002977,77,T1202,X3105
SZ,002978,78,T020205,X140403
SZ,002979,79,T070506,X320502
SZ,002980,80,T0708,X300301
SZ,002981,81,T1204,X400201
SZ,002982,82,T030206,X200202
SZ,002983,83,T1204,X400303
SZ,002984,84,T040202,X260303
SZ,002985,85,T0701,X3102
SZ,002986,86,T020401,X120306
SZ,002987,87,T1205,X420202
SZ,002988,88,T020202,X140102
SZ,002989,89,T110102,X5205
SZ,002990,90,T1205,X420202
SZ,002991,91,T030403,X210501
SZ,002992,92,T1204,X400303
SZ,002993,93,T1204,X400201
SZ,002995,95,T1206,X430201
SZ,002996,96,T020202,X140102
SZ,002997,97,T040202,X260304
SZ,002998,98,T0203,X120201
SZ,002999,99,T050107,X120705
SZ,003000,00,T030403,X210501
SZ,003001,01,T110101,X520304
SZ,003002,02,T020401,X120403
SZ,003003,03,T0602,X230205
SZ,003004,04,T1201,X420101
SZ,003005,05,T1205,X420202
SZ,003006,06,T0207,X230102
SZ,003007,07,T1205,X420303
SZ,003008,08,T0706,X600602
SZ,003009,09,T0701,X3103
SZ,003010,10,T1206,X250603
SZ,003011,11,T0404,X230301
SZ,003012,12,T020601,X150301
SZ,003013,13,T110101,X5204
SZ,003015,15,T1204,X400302
SZ,003016,16,T030302,X220204
SZ,003017,17,T020401,X120305
SZ,003018,18,T020404,X230203
SZ,003019,19,T1204,X400301
SZ,003020,20,T040501,X270101
SZ,003021,21,T1204,X3001
SZ,003022,22,T020401,X300405
SZ,003023,23,T0401,X240303
SZ,003025,25,T070401,X320202
SZ,003026,26,T1203,X400101
SZ,003027,27,T0805,X630201
SZ,003028,28,T1204,X4005
SZ,003029,29,T1205,X420201
SZ,003030,30,T030403,X200603
SZ,003031,31,T1204,X4005
SZ,003032,32,T0603,X6002
SZ,003033,33,T040202,X260304
SZ,003035,35,T010203,X620107
SZ,003036,36,T070504,X320303
SZ,003037,37,T020602,X150102
SZ,003038,38,T020202,X140102
SZ,003039,39,T0803,X6203
SZ,003040,40,T1202,X410104
SZ,003041,41,T030301,X220201
SZ,003042,42,T020402,X120701
SZ,003043,43,T1203,X400102
SZ,003816,16,T010203,X620106
SZ,200011,11,,
SZ,200012,12,,
SZ,200016,16,,
SZ,200017,17,,
SZ,200019,19,,
SZ,200020,20,,
SZ,200025,25,,
SZ,200026,26,,
SZ,200028,28,,
SZ,200029,29,,
SZ,200030,30,,
SZ,200037,37,,
SZ,200045,45,,
SZ,200055,55,,
SZ,200056,56,,
SZ,200058,58,,
SZ,200429,29,,
SZ,200468,68,,
SZ,200488,88,,
SZ,200505,05,,
SZ,200512,12,,
SZ,200521,21,,
SZ,200530,30,,
SZ,200539,39,,
SZ,200541,41,,
SZ,200550,50,,
SZ,200553,53,,
SZ,200570,70,,
SZ,200581,81,,
SZ,200596,96,,
SZ,200625,25,,
SZ,200706,06,,
SZ,200725,25,,
SZ,200726,26,,
SZ,200761,61,,
SZ,200869,69,,
SZ,200992,92,,
SZ,201872,72,,
SZ,300001,01,T0706,X300303
SZ,300002,02,T1206,X4301
SZ,300003,03,T0403,X270303
SZ,300004,04,T0706,X320299
SZ,300005,05,T030302,X220203
SZ,300006,06,T040501,X270101
SZ,300007,07,T0708,X320201
SZ,300008,08,T0702,X3104
SZ,300009,09,T040502,X270205
SZ,300010,10,T1205,X6002
SZ,300011,11,T0703,X3201
SZ,300012,12,T0708,X600602
SZ,300013,13,T0902,X610401
SZ,300014,14,T0706,X300201
SZ,300015,15,T0403,X270403
SZ,300016,16,T040501,X270101
SZ,300017,17,T1205,X420301
SZ,300018,18,T0706,X300302
SZ,300019,19,T020401,X120407
SZ,300020,20,T1205,X420202
SZ,300021,21,T110101,X520304
SZ,300022,22,T070505,X2504
SZ,300024,24,T070506,X320501
SZ,300025,25,T1202,X410303
SZ,300026,26,T040503,X2706
SZ,300027,27,T060102,X430301
SZ,300030,30,T0403,X270302
SZ,300031,31,T1206,X4301
SZ,300032,32,T1204,X400201
SZ,300033,33,T1205,X420202
SZ,300034,34,T0701,X3102
SZ,300035,35,T0706,X300202
SZ,300036,36,T1205,X420202
SZ,300037,37,T020401,X300202
SZ,300039,39,T040503,X2706
SZ,300040,40,T010203,X620107
SZ,300041,41,T020401,X120408
SZ,300042,42,T1201,X420102
SZ,300043,43,T1206,X4301
SZ,300044,44,T1205,X420202
SZ,300045,45,T1201,X3105
SZ,300046,46,T1203,X400104
SZ,300047,47,T1205,X420202
SZ,300048,48,T110101,X520201
SZ,300049,49,T0403,X270302
SZ,300050,50,T1202,X410303
SZ,300051,51,T1301,X9901
SZ,300052,52,T1206,X4301
SZ,300053,53,T1203,X400103
SZ,300054,54,T020401,X4006
SZ,300055,55,T010302,X110303
SZ,300056,56,T0805,X630201
SZ,300057,57,T020202,X140102
SZ,300058,58,T0602,X430201
SZ,300059,59,T1002,X5101
SZ,300061,61,T1206,X430202
SZ,300062,62,T0706,X300303
SZ,300063,63,T1206,X430201
SZ,300065,65,T0702,X3104
SZ,300066,66,T0708,X320201
SZ,300067,67,T020406,X120404
SZ,300068,68,T0706,X300205
SZ,300069,69,T0706,X300305
SZ,300070,70,T0805,X630202
SZ,300071,71,T0602,X430201
SZ,300072,72,T020401,X120499
SZ,300073,73,T0706,X300202
SZ,300074,74,T1205,X420202
SZ,300075,75,T1205,X420202
SZ,300076,76,T1201,X400301
SZ,300077,77,T1203,X400103
SZ,300078,78,T1205,X420202
SZ,300079,79,T1201,X420202
SZ,300080,80,T0706,X300403
SZ,300081,81,T0603,X410202
SZ,300082,82,T020401,X120306
SZ,300083,83,T070401,X320202
SZ,300084,84,T070506,X320301
SZ,300085,85,T1205,X420202
SZ,300086,86,T040501,X270101
SZ,300087,87,T030201,X200103
SZ,300088,88,T1204,X400302
SZ,300091,91,T070402,X320299
SZ,300092,92,T070506,X320301
SZ,300093,93,T0706,X300405
SZ,300094,94,T030202,X200401
SZ,300095,95,T070506,X320301
SZ,300096,96,T1205,X420202
SZ,300097,97,T070506,X320399
SZ,300098,98,T1205,X420202
SZ,300099,99,T0708,X320301
SZ,300100,00,T040202,X260301
SZ,300101,01,T1202,X3105
SZ,300102,02,T1203,X400303
SZ,300103,03,T070506,X320399
SZ,300105,05,T0805,X6301
SZ,300106,06,T030401,X210302
SZ,300107,07,T020401,X120404
SZ,300109,09,T020401,X120499
SZ,300110,10,T040501,X270101
SZ,300111,11,T040501,X270101
SZ,300112,12,T0708,X320201
SZ,300113,13,T1206,X4301
SZ,300115,15,T1204,X400201
SZ,300118,18,T0706,X300403
SZ,300119,19,T030206,X2007
SZ,300120,20,T1204,X400301
SZ,300121,21,T020401,X120601
SZ,300122,22,T040502,X270202
SZ,300123,23,T1203,X3105
SZ,300124,24,T0708,X320502
SZ,300125,25,T0706,X300403
SZ,300126,26,T070502,X320299
SZ,300127,27,T0208,X140501
SZ,300128,28,T1204,X400302
SZ,300129,29,T0706,X300502
SZ,300130,30,T1201,X420102
SZ,300131,31,T1204,X4005
SZ,300132,32,T020401,X120102
SZ,300133,33,T060102,X430301
SZ,300134,34,T1202,X410102
SZ,300135,35,T010302,X110303
SZ,300136,36,T1204,X400201
SZ,300137,37,T0805,X6303
SZ,300138,38,T030403,X200603
SZ,300139,39,T020204,X140201
SZ,300140,40,T0805,X630203
SZ,300141,41,T0706,X300304
SZ,300142,42,T040502,X270202
SZ,300143,43,T0403,X270403
SZ,300144,44,T060502,X600501
SZ,300145,45,T070402,X320203
SZ,300146,46,T030403,X210604
SZ,300147,47,T040503,X2706
SZ,300148,48,T060101,X430601
SZ,300149,49,T040502,X270402
SZ,300150,50,T1205,X420202
SZ,300151,51,T070506,X320399
SZ,300152,52,T0805,X6301
SZ,300153,53,T0706,X3006
SZ,300154,54,T070402,X320299
SZ,300155,55,T1201,X420101
SZ,300157,57,T070506,X320299
SZ,300158,58,T040501,X270101
SZ,300159,59,T070505,X320304
SZ,300160,60,T0401,X2406
SZ,300161,61,T070401,X320202
SZ,300162,62,T1204,X400303
SZ,300163,63,T0404,X230302
SZ,300164,64,T010301,X110202
SZ,300165,65,T0708,X320201
SZ,300166,66,T1205,X420202
SZ,300167,67,T1205,X420202
SZ,300168,68,T1205,X420202
SZ,300169,69,T020404,X120506
SZ,300170,70,T1205,X420302
SZ,300171,71,T0403,X270305
SZ,300172,72,T0805,X630202
SZ,300173,73,T070502,X300203
SZ,300174,74,T020401,X120499
SZ,300175,75,T030403,X200602
SZ,300176,76,T040202,X260302
SZ,300177,77,T1202,X3105
SZ,300179,79,T0208,X320207
SZ,300180,80,T0203,X120504
SZ,300181,81,T040503,X2706
SZ,300182,82,T060102,X430301
SZ,300183,83,T1202,X410105
SZ,300184,84,T1204,X4005
SZ,300185,85,T0707,X300502
SZ,300187,87,T0805,X630204
SZ,300188,88,T1205,X420201
SZ,300189,89,T030201,X200103
SZ,300190,90,T0805,X630203
SZ,300191,91,T010301,X110201
SZ,300192,92,T0603,X6002
SZ,300193,93,T070506,X320299
SZ,300194,94,T040501,X270101
SZ,300195,95,T070502,X320302
SZ,300196,96,T020603,X150202
SZ,300197,97,T0805,X630204
SZ,300198,98,T020404,X150302
SZ,300199,99,T040501,X270101
SZ,300200,00,T020401,X120408
SZ,300201,01,T0707,X320401
SZ,300203,03,T0708,X320201
SZ,300204,04,T040502,X270206
SZ,300205,05,T1202,X410104
SZ,300206,06,T0403,X270302
SZ,300207,07,T0706,X300201
SZ,300209,09,T1206,X250602
SZ,300210,10,T070506,X320399
SZ,300211,11,T1202,X410105
SZ,300212,12,T1205,X420202
SZ,300213,13,T1202,X410105
SZ,300214,14,T020401,X120505
SZ,300215,15,T0706,X600602
SZ,300217,17,T0401,X2406
SZ,300218,18,T020404,X120504
SZ,300219,19,T1204,X400303
SZ,300220,20,T070506,X320503
SZ,300221,21,T020404,X120503
SZ,300222,22,T0706,X300302
SZ,300223,23,T1203,X400103
SZ,300224,24,T0208,X140501
SZ,300225,25,T020406,X120402
SZ,300226,26,T1206,X420402
SZ,300227,27,T070506,X320503
SZ,300228,28,T070501,X320399
SZ,300229,29,T1205,X420202
SZ,300230,30,T020404,X120506
SZ,300231,31,T1205,X420202
SZ,300232,32,T1204,X400303
SZ,300233,33,T040501,X270101
SZ,300234,34,T020601,X150301
SZ,300235,35,T1205,X420202
SZ,300236,36,T1203,X4006
SZ,300237,37,T040202,X260304
SZ,300238,38,T0403,X270303
SZ,300239,39,T040502,X270206
SZ,300240,40,T0902,X610401
SZ,300241,41,T1203,X400303
SZ,300242,42,T1206,X430201
SZ,300243,43,T020401,X120505
SZ,300244,44,T0403,X270401
SZ,300245,45,T1205,X420202
SZ,300246,46,T0403,X270302
SZ,300247,47,T0403,X240303
SZ,300248,48,T1205,X420202
SZ,300249,49,T1201,X420102
SZ,300250,50,T1205,X420202
SZ,300251,51,T060102,X430301
SZ,300252,52,T1202,X3105
SZ,300253,53,T1205,X420202
SZ,300254,54,T040501,X270101
SZ,300255,55,T040502,X270206
SZ,300256,56,T040204,X260502
SZ,300257,57,T070402,X320299
SZ,300258,58,T040202,X260302
SZ,300259,59,T0708,X320201
SZ,300260,60,T070402,X320204
SZ,300261,61,T020402,X120701
SZ,300263,63,T070506,X320299
SZ,300264,64,T1205,X420202
SZ,300265,65,T0706,X300305
SZ,300266,66,T0805,X630202
SZ,300267,67,T040501,X270102
SZ,300268,68,T030206,X200603
SZ,300269,69,T1204,X400303
SZ,300270,70,T1201,X420101
SZ,300271,71,T1205,X420202
SZ,300272,72,T0401,X240301
SZ,300274,74,T0706,X300404
SZ,300275,75,T0707,X320301
SZ,300276,76,T070506,X320399
SZ,300277,77,T070402,X320299
SZ,300278,78,T070506,X320502
SZ,300279,79,T1204,X400201
SZ,300281,81,T070506,X320399
SZ,300283,83,T0706,X300304
SZ,300284,84,T110101,X5204
SZ,300285,85,T020601,X4006
SZ,300286,86,T0708,X300301
SZ,300287,87,T1205,X420202
SZ,300288,88,T1205,X420202
SZ,300289,89,T0403,X270204
SZ,300290,90,T1205,X420202
SZ,300291,91,T060102,X430301
SZ,300292,92,T1206,X410202
SZ,300293,93,T070506,X320399
SZ,300294,94,T040502,X270201
SZ,300295,95,T1206,X430402
SZ,300296,96,T1204,X400303
SZ,300298,98,T0403,X270301
SZ,300299,99,T1206,X4301
SZ,300300,00,T1205,X420202
SZ,300301,01,T1203,X400303
SZ,300302,02,T1201,X420102
SZ,300303,03,T1203,X400303
SZ,300304,04,T040202,X260305
SZ,300305,05,T020404,X120502
SZ,300306,06,T0708,X320201
SZ,300307,07,T070504,X320303
SZ,300308,08,T1202,X410102
SZ,300310,10,T1202,X410303
SZ,300311,11,T1205,X420201
SZ,300313,13,T030206,X200203
SZ,300314,14,T0403,X270302
SZ,300315,15,T1206,X4301
SZ,300316,16,T070506,X300406
SZ,300317,17,T0706,X620105
SZ,300318,18,T0403,X270204
SZ,300319,19,T1204,X400402
SZ,300320,20,T020405,X120603
SZ,300321,21,T020404,X120504
SZ,300322,22,T1204,X400201
SZ,300323,23,T1203,X400303
SZ,300324,24,T1205,X420202
SZ,300326,26,T0403,X270303
SZ,300327,27,T1203,X400103
SZ,300328,28,T020205,X140404
SZ,300329,29,T0603,X230402
SZ,300331,31,T1204,X400302
SZ,300332,32,T0804,X6202
SZ,300333,33,T1201,X420102
SZ,300334,34,T070506,X6301
SZ,300335,35,T0804,X620103
SZ,300337,37,T020202,X140102
SZ,300338,38,T0603,X6002
SZ,300339,39,T1205,X420202
SZ,300340,40,T0706,X300202
SZ,300341,41,T0706,X300303
SZ,300342,42,T0401,X2406
SZ,300343,43,T020401,X120405
SZ,300345,45,T0706,X300401
SZ,300346,46,T1203,X4006
SZ,300347,47,T0403,X270402
SZ,300348,48,T1205,X420202
SZ,300349,49,T0708,X320201
SZ,300350,50,T0902,X610401
SZ,300351,51,T0703,X3201
SZ,300352,52,T1205,X420201
SZ,300353,53,T1202,X410105
SZ,300354,54,T0708,X320201
SZ,300355,55,T0805,X630204
SZ,300357,57,T040502,X270206
SZ,300358,58,T0403,X270305
SZ,300359,59,T0603,X6002
SZ,300360,60,T0708,X300301
SZ,300363,63,T040501,X270402
SZ,300364,64,T060101,X430603
SZ,300365,65,T1205,X420202
SZ,300366,66,T1205,X420202
SZ,300368,68,T1201,X420102
SZ,300369,69,T1205,X420201
SZ,300370,70,T0708,X320201
SZ,300371,71,T0708,X320201
SZ,300373,73,T1203,X400104
SZ,300374,74,T020604,X150306
SZ,300375,75,T040202,X260302
SZ,300376,76,T0706,X3006
SZ,300377,77,T1205,X420202
SZ,300378,78,T1205,X420201
SZ,300380,80,T1205,X420202
SZ,300381,81,T040501,X270102
SZ,300382,82,T070506,X320302
SZ,300383,83,T1205,X420301
SZ,300384,84,T110101,X520301
SZ,300385,85,T0805,X630201
SZ,300386,86,T1201,X420102
SZ,300387,87,T020402,X120705
SZ,300388,88,T0805,X630202
SZ,300389,89,T1204,X400303
SZ,300390,90,T0706,X140301
SZ,300393,93,T020404,X300403
SZ,300394,94,T1202,X410102
SZ,300395,95,T020603,X150201
SZ,300396,96,T0403,X270304
SZ,300397,97,T1202,X3105
SZ,300398,98,T020401,X4006
SZ,300399,99,T1206,X420202
SZ,300400,00,T070506,X320399
SZ,300401,01,T040501,X270102
SZ,300402,02,T070506,X320204
SZ,300403,03,T0401,X2406
SZ,300404,04,T0403,X270402
SZ,300405,05,T020401,X120499
SZ,300406,06,T0403,X270204
SZ,300407,07,T0706,X300302
SZ,300408,08,T1204,X400402
SZ,300409,09,T0706,X300202
SZ,300410,10,T070506,X300203
SZ,300411,11,T070506,X320299
SZ,300412,12,T0403,X270305
SZ,300413,13,T060102,X430401
SZ,300414,14,T1202,X410105
SZ,300415,15,T070506,X320399
SZ,300416,16,T0708,X600602
SZ,300417,17,T0708,X320201
SZ,300418,18,T1206,X4301
SZ,300419,19,T1205,X420202
SZ,300420,20,T070402,X320399
SZ,300421,21,T070402,X320203
SZ,300422,22,T0805,X630202
SZ,300423,23,T0706,X300303
SZ,300424,24,T0701,X3102
SZ,300425,25,T0805,X630202
SZ,300426,26,T060102,X430301
SZ,300427,27,T0706,X300302
SZ,300428,28,T040202,X260303
SZ,300429,29,T020401,X4006
SZ,300430,30,T0708,X320502
SZ,300432,32,T040202,X260302
SZ,300433,33,T1204,X400201
SZ,300434,34,T040501,X270101
SZ,300435,35,T0804,X6202
SZ,300436,36,T040501,X270101
SZ,300437,37,T020401,X630202
SZ,300438,38,T0706,X300201
SZ,300439,39,T0403,X270204
SZ,300440,40,T1205,X420202
SZ,300441,41,T070401,X320206
SZ,300442,42,T1205,X420301
SZ,300443,43,T0706,X300502
SZ,300444,44,T0706,X300303
SZ,300445,45,T0708,X320201
SZ,300446,46,T040202,X260301
SZ,300447,47,T0706,X3105
SZ,300448,48,T1205,X420202
SZ,300449,49,T1201,X420101
SZ,300450,50,T070506,X300203
SZ,300451,51,T1205,X420202
SZ,300452,52,T040501,X270102
SZ,300453,53,T0403,X270303
SZ,300454,54,T1205,X420201
SZ,300455,55,T1201,X420102
SZ,300456,56,T1203,X400105
SZ,300457,57,T070506,X300203
SZ,300458,58,T1203,X400103
SZ,300459,59,T1206,X4301
SZ,300460,60,T1204,X400402
SZ,300461,61,T070506,X320502
SZ,300462,62,T1201,X420102
SZ,300463,63,T0403,X270204
SZ,300464,64,T070402,X250602
SZ,300465,65,T1205,X420202
SZ,300466,66,T0708,X320201
SZ,300467,67,T1206,X4301
SZ,300468,68,T1205,X420202
SZ,300469,69,T1205,X420202
SZ,300470,70,T070402,X320203
SZ,300471,71,T070506,X320399
SZ,300472,72,T070506,X320399
SZ,300473,73,T040202,X260302
SZ,300474,74,T1204,X3105
SZ,300475,75,T1204,X4005
SZ,300476,76,T1204,X400401
SZ,300477,77,T0706,X300304
SZ,300478,78,T020404,X120503
SZ,300479,79,T1205,X420102
SZ,300480,80,T070506,X320301
SZ,300481,81,T020401,X4006
SZ,300482,82,T0403,X270304
SZ,300483,83,T010301,X1101
SZ,300484,84,T0706,X320502
SZ,300485,85,T040502,X270203
SZ,300486,86,T070506,X320399
SZ,300487,87,T020401,X120501
SZ,300488,88,T070402,X320204
SZ,300489,89,T070506,X320503
SZ,300490,90,T070506,X300203
SZ,300491,91,T0706,X3006
SZ,300492,92,T0603,X6002
SZ,300493,93,T1204,X4005
SZ,300494,94,T1206,X4301
SZ,300496,96,T1205,X420202
SZ,300497,97,T040501,X270102
SZ,300498,98,T030206,X200201
SZ,300499,99,T070506,X320399
SZ,300500,00,T110101,X5204
SZ,300501,01,T0602,X230205
SZ,300502,02,T1202,X410102
SZ,300503,03,T070402,X320203
SZ,300504,04,T1202,X410104
SZ,300505,05,T020402,X120703
SZ,300506,06,T110101,X5205
SZ,300507,07,T040202,X260302
SZ,300508,08,T1205,X420202
SZ,300509,09,T070506,X320302
SZ,300510,10,T0706,X300302
SZ,300511,11,T030201,X200102
SZ,300512,12,T070506,X320302
SZ,300513,13,T1205,X420202
SZ,300514,14,T0708,X300301
SZ,300515,15,T0708,X320201
SZ,300516,16,T0708,X3105
SZ,300517,17,T110101,X520302
SZ,300518,18,T1206,X250603
SZ,300519,19,T040503,X2706
SZ,300520,20,T1205,X420202
SZ,300521,21,T070506,X320302
SZ,300522,22,T020406,X120402
SZ,300523,23,T1205,X420202
SZ,300525,25,T1205,X420202
SZ,300527,27,T070506,X3101
SZ,300528,28,T060102,X430302
SZ,300529,29,T0403,X270303
SZ,300530,30,T0706,X300201
SZ,300531,31,T1201,X420102
SZ,300532,32,T1205,X420202
SZ,300533,33,T1206,X4301
SZ,300534,34,T040503,X2706
SZ,300535,35,T020401,X120499
SZ,300536,36,T110101,X520202
SZ,300537,37,T020406,X4006
SZ,300538,38,T020404,X120503
SZ,300539,39,T020404,X120506
SZ,300540,40,T070506,X320399
SZ,300541,41,T1205,X420202
SZ,300542,42,T1205,X420202
SZ,300543,43,T1204,X4005
SZ,300545,45,T070506,X320399
SZ,300546,46,T1201,X420102
SZ,300547,47,T040202,X260302
SZ,300548,48,T1202,X410102
SZ,300549,49,T070506,X320399
SZ,300550,50,T1205,X420202
SZ,300551,51,T1205,X420202
SZ,300552,52,T1201,X420102
SZ,300553,53,T0708,X320201
SZ,300554,54,T0208,X320207
SZ,300555,55,T1202,X410105
SZ,300556,56,T1205,X420202
SZ,300557,57,T0708,X320201
SZ,300558,58,T040501,X270101
SZ,300559,59,T1205,X420202
SZ,300560,60,T1202,X410303
SZ,300561,61,T1205,X420202
SZ,300562,62,T0403,X270301
SZ,300563,63,T1202,X410101
SZ,300564,64,T110101,X5204
SZ,300565,65,T1202,X410102
SZ,300566,66,T1204,X400302
SZ,300567,67,T0708,X320201
SZ,300568,68,T020401,X300202
SZ,300569,69,T0706,X300502
SZ,300570,70,T1202,X410102
SZ,300571,71,T1206,X430402
SZ,300572,72,T0708,X600602
SZ,300573,73,T040501,X270101
SZ,300575,75,T020402,X120701
SZ,300576,76,T020406,X4006
SZ,300577,77,T030301,X220104
SZ,300578,78,T1202,X410202
SZ,300579,79,T1205,X420201
SZ,300580,80,T040202,X260302
SZ,300581,81,T0701,X3102
SZ,300582,82,T1204,X400303
SZ,300583,83,T040501,X270102
SZ,300584,84,T040501,X270101
SZ,300585,85,T040202,X260302
SZ,300586,86,T020401,X120505
SZ,300587,87,T020405,X120603
SZ,300588,88,T1201,X420101
SZ,300589,89,T0702,X3104
SZ,300590,90,T1202,X410104
SZ,300591,91,T030302,X220202
SZ,300592,92,T1206,X250602
SZ,300593,93,T0706,X3006
SZ,300594,94,T0703,X3201
SZ,300595,95,T0403,X270303
SZ,300596,96,T020401,X120505
SZ,300597,97,T1202,X410301
SZ,300598,98,T1205,X420202
SZ,300599,99,T020404,X150302
SZ,300600,00,T0702,X3104
SZ,300601,01,T040502,X270202
SZ,300602,02,T1204,X400201
SZ,300603,03,T1202,X420301
SZ,300604,04,T1203,X400102
SZ,300605,05,T1205,X420202
SZ,300606,06,T070402,X320207
SZ,300607,07,T070506,X320501
SZ,300608,08,T1205,X420202
SZ,300609,09,T1205,X420202
SZ,300610,10,T020401,X120499
SZ,300611,11,T040202,X260304
SZ,300612,12,T0602,X430201
SZ,300613,13,T1203,X400103
SZ,300614,14,T0805,X630203
SZ,300615,15,T1202,X410102
SZ,300616,16,T0404,X230301
SZ,300617,17,T0706,X300305
SZ,300618,18,T020205,X140303
SZ,300619,19,T070506,X300203
SZ,300620,20,T1202,X410102
SZ,300621,21,T110102,X5205
SZ,300622,22,T050105,X2504
SZ,300623,23,T1203,X400104
SZ,300624,24,T1205,X420201
SZ,300625,25,T0401,X400303
SZ,300626,26,T0706,X3001
SZ,300627,27,T1202,X410105
SZ,300628,28,T1202,X410104
SZ,300629,29,T1204,X3105
SZ,300631,31,T0805,X6301
SZ,300632,32,T1203,X400303
SZ,300633,33,T0403,X270302
SZ,300634,34,T1205,X420202
SZ,300635,35,T110101,X5204
SZ,300636,36,T040501,X270102
SZ,300637,37,T020401,X120499
SZ,300638,38,T1202,X410104
SZ,300639,39,T0403,X270204
SZ,300640,40,T0404,X230302
SZ,300641,41,T020401,X120306
SZ,300642,42,T0403,X270204
SZ,300643,43,T040202,X260304
SZ,300644,44,T020404,X120503
SZ,300645,45,T1205,X420202
SZ,300647,47,T020401,X300202
SZ,300648,48,T0706,X300203
SZ,300649,49,T110101,X520202
SZ,300650,50,T1204,X4005
SZ,300651,51,T0603,X6001
SZ,300652,52,T040202,X260303
SZ,300653,53,T0403,X270303
SZ,300654,54,T060101,X430601
SZ,300655,55,T1203,X4006
SZ,300656,56,T1201,X4005
SZ,300657,57,T1204,X400401
SZ,300658,58,T030301,X220104
SZ,300659,59,T1201,X420102
SZ,300660,60,T0706,X3001
SZ,300661,61,T1203,X400103
SZ,300662,62,T0603,X600601
SZ,300663,63,T1205,X420202
SZ,300664,64,T0805,X630202
SZ,300665,65,T020406,X120402
SZ,300666,66,T1203,X400101
SZ,300667,67,T0708,X320201
SZ,300668,68,T110102,X5204
SZ,300669,69,T0703,X320305
SZ,300670,70,T0706,X300304
SZ,300671,71,T1203,X400103
SZ,300672,72,T1203,X400103
SZ,300673,73,T030204,X200503
SZ,300674,74,T1205,X420202
SZ,300675,75,T110101,X5204
SZ,300676,76,T0403,X270401
SZ,300677,77,T0403,X270303
SZ,300678,78,T1205,X420202
SZ,300679,79,T1204,X400201
SZ,300680,80,T040202,X260302
SZ,300681,81,T040202,X260305
SZ,300682,82,T1205,X420202
SZ,300683,83,T040502,X270206
SZ,300684,84,T1204,X4006
SZ,300685,85,T0403,X270204
SZ,300686,86,T1204,X400201
SZ,300687,87,T1205,X420304
SZ,300688,88,T0603,X6002
SZ,300689,89,T1202,X410104
SZ,300690,90,T0706,X300502
SZ,300691,91,T1204,X400302
SZ,300692,92,T0805,X630202
SZ,300693,93,T0706,X3006
SZ,300694,94,T040202,X260302
SZ,300695,95,T040202,X260303
SZ,300696,96,T0701,X3102
SZ,300697,97,T020201,X140101
SZ,300698,98,T1202,X410102
SZ,300699,99,T0203,X120205
SZ,300700,00,T0208,X320207
SZ,300701,01,T1204,X400302
SZ,300702,02,T040501,X270102
SZ,300703,03,T0603,X230401
SZ,300705,05,T040501,X270101
SZ,300706,06,T1204,X400101
SZ,300707,07,T040202,X260304
SZ,300708,08,T1203,X400303
SZ,300709,09,T1204,X400201
SZ,300710,10,T1202,X410102
SZ,300711,11,T1202,X410105
SZ,300712,12,T110101,X520304
SZ,300713,13,T0706,X3006
SZ,300715,15,T020604,X150304
SZ,300716,16,T020404,X120503
SZ,300717,17,T020404,X120506
SZ,300718,18,T070402,X320203
SZ,300719,19,T0701,X3102
SZ,300720,20,T0708,X320201
SZ,300721,21,T020401,X120306
SZ,300722,22,T0701,X3103
SZ,300723,23,T040501,X270101
SZ,300724,24,T070506,X300406
SZ,300725,25,T040501,X270402
SZ,300726,26,T1204,X3105
SZ,300727,27,T020401,X120407
SZ,300728,28,T0208,X150202
SZ,300729,29,T0404,X230301
SZ,300730,30,T1205,X420202
SZ,300731,31,T020405,X120603
SZ,300732,32,T110101,X5204
SZ,300733,33,T040202,X260302
SZ,300735,35,T1204,X400201
SZ,300736,36,T1202,X600604
SZ,300737,37,T020604,X150304
SZ,300738,38,T1205,X420301
SZ,300739,39,T1204,X400401
SZ,300740,40,T0301,X120102
SZ,300741,41,T030403,X120406
SZ,300743,43,T1201,X420102
SZ,300745,45,T040202,X260304
SZ,300746,46,T110101,X5204
SZ,300747,47,T070506,X320503
SZ,300748,48,T0208,X140501
SZ,300749,49,T0404,X230301
SZ,300750,50,T0706,X300201
SZ,300751,51,T070506,X300406
SZ,300752,52,T1204,X400303
SZ,300753,53,T0403,X270302
SZ,300755,55,T050105,X2504
SZ,300756,56,T070506,X320399
SZ,300757,57,T070506,X320502
SZ,300758,58,T020406,X120402
SZ,300759,59,T040501,X270402
SZ,300760,60,T0403,X270302
SZ,300761,61,T030206,X200202
SZ,300762,62,T1202,X3105
SZ,300763,63,T0706,X300404
SZ,300765,65,T040502,X270203
SZ,300766,66,T1206,X420202
SZ,300767,67,T020405,X120603
SZ,300768,68,T1205,X420201
SZ,300769,69,T020401,X300202
SZ,300770,70,T060102,X4307
SZ,300771,71,T1201,X420102
SZ,300772,72,T0706,X300501
SZ,300773,73,T1205,X510399
SZ,300774,74,T0805,X630202
SZ,300775,75,T0701,X3102
SZ,300776,76,T070506,X300406
SZ,300777,77,T0203,X120205
SZ,300778,78,T110101,X5204
SZ,300779,79,T0805,X630203
SZ,300780,80,T070402,X320203
SZ,300781,81,T0602,X430202
SZ,300782,82,T1203,X400103
SZ,300783,83,T030403,X210501
SZ,300784,84,T020404,X120506
SZ,300785,85,T1206,X250603
SZ,300786,86,T0805,X6301
SZ,300787,87,T1204,X400201
SZ,300788,88,T060101,X430602
SZ,300789,89,T0703,X3201
SZ,300790,90,T1204,X400302
SZ,300791,91,T0403,X210604
SZ,300792,92,T1206,X250603
SZ,300793,93,T1201,X400201
SZ,300795,95,T0603,X600603
SZ,300796,96,T020402,X120701
SZ,300797,97,T0708,X600602
SZ,300798,98,T020406,X120404
SZ,300800,00,T0805,X6303
SZ,300801,01,T020401,X120499
SZ,300802,02,T070506,X320502
SZ,300803,03,T1205,X420202
SZ,300804,04,T020402,X120701
SZ,300805,05,T0602,X430202
SZ,300806,06,T020404,X120502
SZ,300807,07,T1205,X420202
SZ,300808,08,T0401,X400303
SZ,300809,09,T070401,X320202
SZ,300810,10,T0702,X3104
SZ,300811,11,T0208,X140501
SZ,300812,12,T070506,X320399
SZ,300813,13,T0403,X270305
SZ,300814,14,T1204,X400401
SZ,300815,15,T0805,X630203
SZ,300816,16,T040202,X260304
SZ,300817,17,T070402,X320203
SZ,300818,18,T070506,X320207
SZ,300819,19,T030301,X220104
SZ,300820,20,T0706,X3006
SZ,300821,21,T020401,X120407
SZ,300822,22,T1204,X4005
SZ,300823,23,T070506,X320399
SZ,300824,24,T0401,X240301
SZ,300825,25,T040203,X260402
SZ,300826,26,T110101,X5204
SZ,300827,27,T0706,X300404
SZ,300828,28,T070402,X320204
SZ,300829,29,T030403,X120406
SZ,300830,30,T1205,X420202
SZ,300831,31,T1203,X400104
SZ,300832,32,T0403,X270204
SZ,300833,33,T070506,X320399
SZ,300834,34,T020401,X120501
SZ,300835,35,T0208,X140501
SZ,300836,36,T070506,X320399
SZ,300837,37,T070506,X320301
SZ,300838,38,T070402,X320203
SZ,300839,39,T010302,X110303
SZ,300840,40,T030302,X220204
SZ,300841,41,T040502,X270202
SZ,300842,42,T0706,X300405
SZ,300843,43,T1204,X400201
SZ,300844,44,T110101,X5204
SZ,300845,45,T1205,X420202
SZ,300846,46,T1205,X420301
SZ,300847,47,T020401,X120499
SZ,300848,48,T020401,X120401
SZ,300849,49,T020404,X230203
SZ,300850,50,T070402,X300502
SZ,300851,51,T0703,X3201
SZ,300852,52,T1204,X400401
SZ,300853,53,T070506,X300302
SZ,300854,54,T0805,X630203
SZ,300855,55,T020205,X140502
SZ,300856,56,T0301,X120102
SZ,300857,57,T1201,X400201
SZ,300858,58,T030403,X120406
SZ,300859,59,T060501,X600502
SZ,300860,60,T0603,X600603
SZ,300861,61,T0208,X320207
SZ,300862,62,T0708,X320201
SZ,300863,63,T040202,X260305
SZ,300864,64,T0805,X6303
SZ,300865,65,T070506,X320301
SZ,300866,66,T1204,X400202
SZ,300867,67,T0805,X630203
SZ,300868,68,T1204,X400201
SZ,300869,69,T0403,X270302
SZ,300870,70,T0706,X3006
SZ,300871,71,T030206,X2007
SZ,300872,72,T1205,X420304
SZ,300873,73,T0902,X610401
SZ,300875,75,T070506,X3101
SZ,300876,76,T0203,X120299
SZ,300877,77,T030301,X220104
SZ,300878,78,T040503,X2706
SZ,300879,79,T070505,X320304
SZ,300880,80,T0708,X300301
SZ,300881,81,T020103,X1303
SZ,300882,82,T0708,X300301
SZ,300883,83,T0207,X230204
SZ,300884,84,T1201,X420101
SZ,300885,85,T070402,X320203
SZ,300886,86,T020401,X120499
SZ,300887,87,T0708,X600602
SZ,300888,88,T0403,X270303
SZ,300889,89,T0706,X400303
SZ,300890,90,T0706,X300202
SZ,300891,91,T020401,X120302
SZ,300892,92,T030401,X210302
SZ,300893,93,T040202,X260304
SZ,300894,94,T0401,X240401
SZ,300895,95,T1205,X420301
SZ,300896,96,T0403,X270701
SZ,300897,97,T0708,X320201
SZ,300898,98,T030401,X210302
SZ,300899,99,T0805,X630202
SZ,300900,00,T0701,X3102
SZ,300901,01,T030302,X220202
SZ,300902,02,T070506,X320399
SZ,300903,03,T1204,X400401
SZ,300904,04,T0706,X300502
SZ,300905,05,T020406,X120404
SZ,300906,06,T0703,X3201
SZ,300907,07,T0706,X3001
SZ,300908,08,T030403,X2104
SZ,300909,09,T1204,X400302
SZ,300910,10,T020401,X120499
SZ,300911,11,T0401,X240401
SZ,300912,12,T040202,X260304
SZ,300913,13,T1202,X410101
SZ,300915,15,T030401,X210302
SZ,300916,16,T1204,X4005
SZ,300917,17,T110204,X530201
SZ,300918,18,T030301,X220104
SZ,300919,19,T0706,X300202
SZ,300920,20,T020404,X120506
SZ,300921,21,T1206,X410202
SZ,300922,22,T070506,X3101
SZ,300923,23,T0703,X3201
SZ,300925,25,T1205,X420303
SZ,300926,26,T040202,X260304
SZ,300927,27,T020401,X120306
SZ,300928,28,T040202,X260305
SZ,300929,29,T0805,X630202
SZ,300930,30,T020205,X140502
SZ,300931,31,T0703,X320305
SZ,300932,32,T0706,X300304
SZ,300933,33,T0706,X300305
SZ,300935,35,T1205,X420202
SZ,300936,36,T1204,X400401
SZ,300937,37,T050104,X270501
SZ,300938,38,T0708,X600602
SZ,300939,39,T1204,X400301
SZ,300940,40,T1204,X400303
SZ,300941,41,T1201,X420102
SZ,300942,42,T0403,X270204
SZ,300943,43,T070402,X320203
SZ,300945,45,T030302,X220301
SZ,300946,46,T070402,X320204
SZ,300947,47,T110204,X2503
SZ,300948,48,T0805,X630204
SZ,300949,49,T110101,X520202
SZ,300950,50,T070506,X320399
SZ,300951,51,T1204,X400201
SZ,300952,52,T030301,X220202
SZ,300953,53,T0706,X300201
SZ,300955,55,T0301,X120102
SZ,300956,56,T1204,X400201
SZ,300957,57,T0301,X120102
SZ,300958,58,T0805,X630204
SZ,300959,59,T0801,X410202
SZ,300960,60,T0703,X3201
SZ,300961,61,T0805,X630202
SZ,300962,62,T0403,X270305
SZ,300963,63,T020205,X140502
SZ,300964,64,T1204,X400401
SZ,300965,65,T0701,X3102
SZ,300966,66,T040501,X270102
SZ,300967,67,T030206,X200202
SZ,300968,68,T1204,X400201
SZ,300969,69,T040202,X260305
SZ,300970,70,T030201,X200102
SZ,300971,71,T070402,X320203
SZ,300972,72,T030403,X210501
SZ,300973,73,T030403,X210502
SZ,300975,75,T1204,X4005
SZ,300976,76,T1204,X400201
SZ,300977,77,T110101,X5204
SZ,300978,78,T040202,X260304
SZ,300979,79,T030302,X220105
SZ,300980,80,T020404,X120506
SZ,300981,81,T0403,X270303
SZ,300982,82,T110101,X520201
SZ,300983,83,T110101,X5204
SZ,300984,84,T070402,X320203
SZ,300985,85,T040202,X260304
SZ,300986,86,T110101,X520304
SZ,300987,87,T1206,X430402
SZ,300988,88,T070402,X320204
SZ,300989,89,T110101,X5204
SZ,300990,90,T070506,X320206
SZ,300991,91,T1204,X400201
SZ,300992,92,T070402,X320203
SZ,300993,93,T0404,X230302
SZ,300994,94,T0603,X260502
SZ,300995,95,T020404,X120503
SZ,300996,96,T1205,X420202
SZ,300997,97,T030402,X210301
SZ,300998,98,T070506,X320399
SZ,300999,99,T030403,X200601
SZ,301000,00,T040202,X260304
SZ,301001,01,T1206,X250603
SZ,301002,02,T0706,X300303
SZ,301003,03,T020404,X120503
SZ,301004,04,T0404,X230302
SZ,301005,05,T040202,X260304
SZ,301006,06,T0708,X320201
SZ,301007,07,T040202,X260302
SZ,301008,08,T0401,X2406
SZ,301009,09,T0207,X230102
SZ,301010,10,T020604,X150306
SZ,301011,11,T0603,X230402
SZ,301012,12,T0706,X300303
SZ,301013,13,T070506,X320399
SZ,301015,15,T050104,X270501
SZ,301016,16,T0703,X3201
SZ,301017,17,T050104,X270502
SZ,301018,18,T070506,X320206
SZ,301019,19,T020404,X120505
SZ,301020,20,T040202,X260302
SZ,301021,21,T070506,X320503
SZ,301022,22,T070506,X320399
SZ,301023,23,T0706,X3001
SZ,301024,24,T110101,X5204
SZ,301025,25,T060101,X430602
SZ,301026,26,T020205,X140404
SZ,301027,27,T110101,X5204
SZ,301028,28,T070506,X320299
SZ,301029,29,T070506,X320399
SZ,301030,30,T0805,X6301
SZ,301031,31,T0706,X300304
SZ,301032,32,T0707,X320205
SZ,301033,33,T0403,X270303
SZ,301035,35,T020402,X120701
SZ,301036,36,T020406,X120402
SZ,301037,37,T020406,X120402
SZ,301038,38,T110101,X5204
SZ,301039,39,T040201,X260201
SZ,301040,40,T070402,X300502
SZ,301041,41,T1204,X400401
SZ,301042,42,T1201,X420101
SZ,301043,43,T070402,X320299
SZ,301045,45,T1204,X400302
SZ,301046,46,T110101,X520304
SZ,301047,47,T040502,X270206
SZ,301048,48,T0703,X3201
SZ,301049,49,T0805,X630203
SZ,301050,50,T0701,X3105
SZ,301051,51,T1204,X400201
SZ,301052,52,T060101,X430602
SZ,301053,53,T070506,X320303
SZ,301055,55,T0404,X230302
SZ,301056,56,T0703,X320305
SZ,301057,57,T0203,X120201
SZ,301058,58,T110101,X5204
SZ,301059,59,T020401,X120399
SZ,301060,60,T0403,X270401
SZ,301061,61,T0404,X230301
SZ,301062,62,T0602,X230204
SZ,301063,63,T0706,X300502
SZ,301065,65,T040501,X270102
SZ,301066,66,T030301,X220104
SZ,301067,67,T1204,X400201
SZ,301068,68,T0805,X630203
SZ,301069,69,T020401,X120399
SZ,301070,70,T070402,X320299
SZ,301071,71,T0208,X1208
SZ,301072,72,T040202,X260302
SZ,301073,73,T0604,X600301
SZ,301075,75,T040501,X270101
SZ,301076,76,T020401,X120499
SZ,301077,77,T020401,X120499
SZ,301078,78,T050105,X2504
SZ,301079,79,T070402,X320402
SZ,301080,80,T040502,X270206
SZ,301081,81,T0805,X6301
SZ,301082,82,T0706,X300305
SZ,301083,83,T070506,X320399
SZ,301085,85,T1205,X420304
SZ,301086,86,T1204,X400201
SZ,301087,87,T0403,X270301
SZ,301088,88,T030302,X220204
SZ,301089,89,T040501,X270102
SZ,301090,90,T020401,X120501
SZ,301091,91,T110101,X5204
SZ,301092,92,T020401,X120501
SZ,301093,93,T0403,X270303
SZ,301095,95,T1203,X400103
SZ,301096,96,T0403,X270402
SZ,301097,97,T0403,X270303
SZ,301098,98,T110101,X520202
SZ,301099,99,T1204,X4005
SZ,301100,00,T020401,X120505
SZ,301101,01,T0603,X230401
SZ,301102,02,T0602,X430202
SZ,301103,03,T0403,X270403
SZ,301105,05,T070506,X320302
SZ,301106,06,T1204,X400301
SZ,301107,07,T070402,X320299
SZ,301108,08,T0301,X120101
SZ,301109,09,T0805,X630203
SZ,301110,10,T1206,X250603
SZ,301111,11,T040503,X2706
SZ,301112,12,T070506,X320399
SZ,301113,13,T0404,X230302
SZ,301115,15,T110101,X600602
SZ,301116,16,T030403,X210601
SZ,301117,17,T1205,X420202
SZ,301118,18,T020401,X120303
SZ,301119,19,T040202,X260302
SZ,301120,20,T0706,X300303
SZ,301121,21,T0706,X300201
SZ,301122,22,T0403,X270303
SZ,301123,23,T1204,X400201
SZ,301125,25,T070402,X320203
SZ,301126,26,T050104,X270501
SZ,301127,27,T0805,X630202
SZ,301128,28,T070506,X320399
SZ,301129,29,T0708,X320201
SZ,301130,30,T040501,X270101
SZ,301131,31,T020404,X120503
SZ,301132,32,T1204,X400401
SZ,301133,33,T040202,X260301
SZ,301135,35,T1204,X4005
SZ,301136,36,T110101,X5204
SZ,301137,37,T070402,X320204
SZ,301138,38,T070506,X320302
SZ,301139,39,T1202,X410303
SZ,301141,41,T0208,X140501
SZ,301148,48,T0805,X630202
SZ,301149,49,T020401,X120499
SZ,301150,50,T0706,X300201
SZ,301151,51,T070402,X320203
SZ,301152,52,T020205,X300202
SZ,301153,53,T1205,X420202
SZ,301155,55,T0706,X300502
SZ,301156,56,T030204,X120406
SZ,301157,57,T0706,X3006
SZ,301158,58,T070506,X320301
SZ,301159,59,T1205,X420202
SZ,301160,60,T070402,X320204
SZ,301161,61,T0707,X320402
SZ,301162,62,T1205,X420202
SZ,301163,63,T0706,X320502
SZ,301165,65,T1202,X410102
SZ,301166,66,T050104,X270501
SZ,301167,67,T110101,X5204
SZ,301168,68,T0706,X300405
SZ,301169,69,T0603,X600604
SZ,301170,70,T040202,X260302
SZ,301171,71,T1206,X430201
SZ,301172,72,T1205,X420202
SZ,301173,73,T040202,X260301
SZ,301175,75,T0805,X630203
SZ,301176,76,T1204,X400401
SZ,301177,77,T030302,X220301
SZ,301178,78,T1205,X420202
SZ,301179,79,T1205,X300302
SZ,301180,80,T1204,X400201
SZ,301181,81,T040202,X260304
SZ,301182,82,T1204,X400201
SZ,301183,83,T1204,X400302
SZ,301185,85,T1205,X420202
SZ,301186,86,T070506,X320399
SZ,301187,87,T0401,X240302
SZ,301188,88,T020603,X150201
SZ,301189,89,T1201,X400202
SZ,301190,90,T020406,X120404
SZ,301191,91,T1202,X410102
SZ,301192,92,T040202,X260302
SZ,301193,93,T0404,X230302
SZ,301195,95,T1205,X420202
SZ,301196,96,T070506,X320399
SZ,301197,97,T1205,X420202
SZ,301198,98,T020404,X230203
SZ,301199,99,T070506,X320501
SZ,301200,00,T070506,X320399
SZ,301201,01,T040502,X270402
SZ,301202,02,T070402,X320204
SZ,301203,03,T0805,X630202
SZ,301205,05,T1202,X410102
SZ,301206,06,T030403,X210602
SZ,301207,07,T040502,X270202
SZ,301208,08,T1205,X420202
SZ,301209,09,T020406,X120402
SZ,301210,10,T0706,X300201
SZ,301211,11,T040501,X270102
SZ,301212,12,T020401,X120499
SZ,301213,13,T1205,X3105
SZ,301215,15,T040203,X260402
SZ,301216,16,T020401,X120501
SZ,301217,17,T1204,X140101
SZ,301218,18,T1205,X420202
SZ,301219,19,T020205,X140303
SZ,301220,20,T020401,X120499
SZ,301221,21,T1205,X260305
SZ,301222,22,T0706,X300205
SZ,301223,23,T0602,X230204
SZ,301225,25,T040202,X260304
SZ,301226,26,T0706,X3001
SZ,301227,27,T0404,X230301
SZ,301228,28,T0708,X600602
SZ,301229,29,T040202,X260304
SZ,301230,30,T040502,X270402
SZ,301231,31,T060101,X430602
SZ,301232,32,T070402,X300502
SZ,301233,33,T040202,X260301
SZ,301234,34,T0403,X270303
SZ,301235,35,T0403,X270404
SZ,301236,36,T1205,X420202
SZ,301237,37,T020404,X120502
SZ,301238,38,T020401,X300202
SZ,301239,39,T0403,X270403
SZ,301246,46,T040501,X270102
SZ,301248,48,T1205,X420202
SZ,301251,51,T1204,X400401
SZ,301252,52,T070402,X320206
SZ,301255,55,T070402,X320203
SZ,301256,56,T020401,X120399
SZ,301257,57,T0403,X270402
SZ,301258,58,T040501,X270102
SZ,301259,59,T0805,X630202
SZ,301260,60,T070506,X320304
SZ,301261,61,T070402,X320203
SZ,301262,62,T060102,X4307
SZ,301263,63,T050104,X270501
SZ,301265,65,T0805,X630203
SZ,301266,66,T0706,X300405
SZ,301267,67,T0403,X270403
SZ,301268,68,T070402,X320204
SZ,301269,69,T1203,X400103
SZ,301270,70,T1205,X420202
SZ,301272,72,T070506,X320206
SZ,301273,73,T070402,X320299
SZ,301275,75,T1204,X4005
SZ,301276,76,T030302,X220204
SZ,301277,77,T040501,X270102
SZ,301278,78,T0706,X300405
SZ,301279,79,T0707,X320402
SZ,301280,80,T1204,X400201
SZ,301281,81,T040501,X270102
SZ,301282,82,T1204,X400401
SZ,301283,83,T0301,X120408
SZ,301285,85,T1204,X400201
SZ,301286,86,T020401,X120499
SZ,301287,87,T0603,X230402
SZ,301288,88,T0805,X6301
SZ,301289,89,T0708,X600602
SZ,301290,90,T0403,X270303
SZ,301291,91,T0706,X300303
SZ,301292,92,T020401,X300202
SZ,301293,93,T0403,X270403
SZ,301295,95,T0706,X300303
SZ,301296,96,T0602,X230204
SZ,301297,97,T1203,X400102
SZ,301298,98,T040202,X260302
SZ,301299,99,T1206,X420401
SZ,301300,00,T020401,X120399
SZ,301301,01,T040501,X270102
SZ,301302,02,T1205,X3105
SZ,301303,03,T0708,X320201
SZ,301305,05,T0805,X630203
SZ,301306,06,T0701,X600602
SZ,301307,07,T1202,X410105
SZ,301308,08,T1203,X400103
SZ,301309,09,T070402,X320204
SZ,301310,10,T040202,X260304
SZ,301311,11,T070402,X320399
SZ,301312,12,T070506,X320599
SZ,301313,13,T0603,X600604
SZ,301314,14,T1204,X4005
SZ,301315,15,T1205,X420202
SZ,301316,16,T1205,X420202
SZ,301317,17,T070402,X320299
SZ,301318,18,T1201,X420101
SZ,301319,19,T1204,X4006
SZ,301320,20,T0706,X320502
SZ,301321,21,T1204,X400301
SZ,301322,22,T040204,X260502
SZ,301323,23,T020405,X120603
SZ,301325,25,T070506,X320399
SZ,301326,26,T1204,X400201
SZ,301327,27,T0706,X300201
SZ,301328,28,T1204,X4005
SZ,301329,29,T1204,X400201
SZ,301330,30,T1201,X420101
SZ,301331,31,T040503,X2706
SZ,301332,32,T0401,X240302
SZ,301333,33,T0403,X270402
SZ,301335,35,T0603,X230402
SZ,301336,36,T0404,X230301
SZ,301337,37,T1205,X420202
SZ,301338,38,T070506,X320399
SZ,301339,39,T1201,X420102
SZ,301345,45,T040204,X260502
SZ,301348,48,T1203,X400106
SZ,301349,49,T020401,X300202
SZ,301353,53,T070506,X320299
SZ,301355,55,T0602,X230204
SZ,301356,56,T0404,X230301
SZ,301357,57,T070506,X3101
SZ,301358,58,T0706,X300202
SZ,301359,59,T1204,X4005
SZ,301360,60,T070506,X320399
SZ,301361,61,T0706,X300304
SZ,301362,62,T0706,X400303
SZ,301363,63,T0403,X270302
SZ,301365,65,T110101,X5204
SZ,301366,66,T1204,X400401
SZ,301367,67,T0403,X270302
SZ,301368,68,T070402,X320203
SZ,301369,69,T1203,X400102
SZ,301370,70,T050104,X270501
SZ,301371,71,T0301,X120102
SZ,301372,72,T0805,X630202
SZ,301373,73,T020401,X120399
SZ,301376,76,T0404,X230301
SZ,301377,77,T070402,X320204
SZ,301378,78,T1205,X420202
SZ,301379,79,T1204,X400301
SZ,301380,80,T1205,X410202
SZ,301381,81,T1206,X250602
SZ,301382,82,T1206,X430201
SZ,301383,83,T1204,X400201
SZ,301386,86,T0706,X300304
SZ,301387,87,T1204,X400201
SZ,301388,88,T0706,X300304
SZ,301389,89,T1204,X400201
SZ,301390,90,T110101,X520304
SZ,301391,91,T1201,X420102
SZ,301392,92,T070506,X320399
SZ,301393,93,T020401,X120306
SZ,301395,95,T020401,X120501
SZ,301396,96,T1205,X420202
SZ,301397,97,T040202,X260302
SZ,301398,98,T040202,X260301
SZ,301399,99,T070402,X320206
SZ,301408,08,T050104,X270501
SZ,301413,13,T0708,X320201
SZ,301418,18,T0706,X320502
SZ,301419,19,T1202,X410105
SZ,301421,21,T1204,X400302
SZ,301428,28,T1206,X410202
SZ,301429,29,T020604,X150306
SZ,301439,39,T0706,X300305
SZ,301446,46,T070402,X320402
SZ,301448,48,T070402,X320299
SZ,301449,49,T0708,X600602
SZ,301456,56,T0706,X300502
SZ,301458,58,T1204,X400402
SZ,301459,59,T040202,X260302
SZ,301468,68,T070506,X320399
SZ,301469,69,T0207,X230103
SZ,301479,79,T1204,X400302
SZ,301486,86,T1204,X400201
SZ,301487,87,T020401,X300202
SZ,301488,88,T040202,X260305
SZ,301489,89,T1204,X4006
SZ,301491,91,T1201,X400201
SZ,301498,98,T030204,X200503
SZ,301499,99,T040202,X260305
SZ,301500,00,T0805,X630203
SZ,301501,01,T0207,X230302
SZ,301502,02,T0706,X3001
SZ,301503,03,T1201,X420102
SZ,301505,05,T110101,X5204
SZ,301507,07,T040501,X270101
SZ,301508,08,T0708,X600602
SZ,301509,09,T040501,X270402
SZ,301510,10,T0708,X320502
SZ,301511,11,T0706,X300201
SZ,301512,12,T070506,X320599
SZ,301513,13,T070506,X320399
SZ,301515,15,T0403,X270302
SZ,301516,16,T0706,X3006
SZ,301517,17,T1204,X3105
SZ,301518,18,T020401,X120499
SZ,301519,19,T070506,X6301
SZ,301520,20,T040502,X270402
SZ,301522,22,T020205,X140502
SZ,301525,25,T0401,X2406
SZ,301526,26,T020603,X150202
SZ,301528,28,T0708,X320201
SZ,301529,29,T040202,X260301
SZ,301531,31,T0208,X140501
SZ,301533,33,T070505,X320304
SZ,301535,35,T040202,X260304
SZ,301536,36,T1203,X400103
SZ,301538,38,T020404,X120503
SZ,301539,39,T040202,X260303
SZ,301548,48,T070402,X320203
SZ,301550,50,T040202,X260303
SZ,301551,51,T060102,X4307
SZ,301552,52,T040202,X260301
SZ,301555,55,T020401,X120501
SZ,301556,56,T1205,X420202
SZ,301557,57,T0706,X300502
SZ,301558,58,T1206,X250602
SZ,301559,59,T070506,X320204
SZ,301560,60,T040202,X260302
SZ,301563,63,T1204,X4005
SZ,301565,65,T020404,X120502
SZ,301566,66,T1204,X400402
SZ,301567,67,T1204,X400201
SZ,301568,68,T070506,X320399
SZ,301569,69,T040501,X270101
SZ,301571,71,T1204,X4005
SZ,301575,75,T0404,X230302
SZ,301577,77,T1204,X4005
SZ,301578,78,T1201,X4005
SZ,301580,80,T0403,X270303
SZ,301581,81,T1203,X400101
SZ,301583,83,T070402,X320204
SZ,301584,84,T050104,X270501
SZ,301585,85,T020406,X120404
SZ,301586,86,T0701,X3102
SZ,301587,87,T0706,X300201
SZ,301588,88,T0404,X230301
SZ,301589,89,T1201,X420102
SZ,301590,90,T0706,X3006
SZ,301591,91,T020404,X120506
SZ,301592,92,T1205,X3105
SZ,301595,95,T020405,X120603
SZ,301596,96,T070402,X320203
SZ,301598,98,T070506,X320399
SZ,301599,99,T070506,X320599
SZ,301600,00,T1202,X410104
SZ,301601,01,T070506,X320399
SZ,301602,02,T0403,X270302
SZ,301603,03,T070401,X320202
SZ,301606,06,T1204,X400202
SZ,301607,07,T040202,X260305
SZ,301608,08,T1202,X410104
SZ,301609,09,T0706,X300302
SZ,301611,11,T1203,X400101
SZ,301613,13,T040202,X260304
SZ,301616,16,T070402,X320203
SZ,301617,17,T020401,X120499
SZ,301618,18,T020406,X120404
SZ,301622,22,T0208,X140501
SZ,301626,26,T1204,X400201
SZ,301628,28,T1204,X400401
SZ,301629,29,T1203,X400102
SZ,301630,30,T020401,X4006
SZ,301631,31,T1204,X400201
SZ,301632,32,T110101,X600602
SZ,301633,33,T070506,X320502
SZ,301636,36,T0706,X300405
SZ,301638,38,T1205,X420202
SZ,301655,55,T040202,X260302
SZ,301656,56,T040202,X260305
SZ,301658,58,T0706,X300404
SZ,301660,60,T1203,X400103
SZ,301662,62,T070506,X320399
SZ,301665,65,T020402,X120701
SZ,301666,66,T1201,X420102
SZ,301667,67,T040202,X260302
SZ,301668,68,T0706,X300304
SZ,301669,69,T0706,X300205
SZ,301677,77,T070402,X320204
SZ,301678,78,T1203,X400101
SZ,301680,80,T040202,X260302
SZ,301682,82,T1204,X3105
SZ,301683,83,T020406,X120402
SZ,301686,86,T020404,X120506
SZ,301687,87,T020401,X120502
SZ,301688,88,T020401,X120499
SZ,301689,89,T0708,X320201
SZ,301696,96,T0706,X3102
SZ,301697,97,T020401,X4006
SZ,301699,99,T070402,X320203
SZ,301707,07,T1204,X400103
SZ,301716,16,T1203,X400101
SZ,301717,17,T1203,X400102
SZ,302132,32,T0701,X3105
SH,600000,00,T1001,X500102
SH,600004,04,T090302,X610202
SH,600006,06,T040201,X260201
SH,600007,07,T110203,X530102
SH,600008,08,T0803,X6203
SH,600009,09,T090302,X610202
SH,600010,10,T020101,X130202
SH,600011,11,T010202,X620102
SH,600012,12,T090301,X610102
SH,600015,15,T1001,X500102
SH,600016,16,T1001,X500102
SH,600017,17,T090303,X610301
SH,600018,18,T090303,X610301
SH,600019,19,T020101,X130202
SH,600020,20,T090301,X610102
SH,600021,21,T010202,X620102
SH,600022,22,T020101,X130202
SH,600023,23,T010202,X620102
SH,600025,25,T010201,X620101
SH,600026,26,T090102,X610302
SH,600027,27,T010202,X620102
SH,600028,28,T010302,X110301
SH,600029,29,T090103,X610201
SH,600030,30,T1002,X5101
SH,600031,31,T0707,X320401
SH,600032,32,T010203,X620105
SH,600033,33,T090301,X610102
SH,600035,35,T090301,X610102
SH,600036,36,T1001,X500102
SH,600037,37,T060102,X4307
SH,600038,38,T0701,X3102
SH,600039,39,T110101,X520201
SH,600048,48,T110201,X530101
SH,600050,50,T0801,X410201
SH,600051,51,T1301,X9901
SH,600052,52,T0804,X620103
SH,600053,53,T1004,X510303
SH,600054,54,T060502,X600501
SH,600055,55,T0403,X270302
SH,600056,56,T050104,X270501
SH,600057,57,T0902,X610401
SH,600058,58,T0502,X2505
SH,600059,59,T030503,X210203
SH,600060,60,T0401,X240201
SH,600061,61,T1002,X5101
SH,600062,62,T040501,X270101
SH,600063,63,T0203,X120306
SH,600064,64,T110203,X530103
SH,600066,66,T040201,X260202
SH,600067,67,T0706,X300305
SH,600071,71,T1204,X400302
SH,600072,72,T0706,X300502
SH,600073,73,T030403,X210601
SH,600075,75,T020401,X120303
SH,600076,76,T0602,X230205
SH,600078,78,T020401,X120703
SH,600079,79,T040501,X270101
SH,600080,80,T040503,X2706
SH,600081,81,T040202,X260304
SH,600082,82,T110203,X530103
SH,600084,84,T030503,X210202
SH,600085,85,T040503,X2706
SH,600088,88,T060102,X430301
SH,600089,89,T0706,X300303
SH,600094,94,T110202,X530101
SH,600095,95,T1002,X5101
SH,600096,96,T020402,X120703
SH,600097,97,T030202,X200402
SH,600098,98,T010202,X620102
SH,600099,99,T040201,X260502
SH,600100,00,T1201,X420102
SH,600101,01,T010201,X620107
SH,600103,03,T0207,X230103
SH,600104,04,T040201,X260102
SH,600105,05,T1202,X410101
SH,600106,06,T090301,X610102
SH,600107,07,T030302,X220204
SH,600108,08,T030201,X200104
SH,600109,09,T1002,X5101
SH,600110,10,T0706,X300201
SH,600111,11,T020205,X140401
SH,600113,13,T110202,X2503
SH,600114,14,T070402,X320204
SH,600115,15,T090103,X610201
SH,600116,16,T010201,X620107
SH,600117,17,T020102,X1303
SH,600118,18,T0701,X3103
SH,600119,19,T0902,X610403
SH,600120,20,T1004,X510306
SH,600121,21,T010101,X100101
SH,600123,23,T010101,X100102
SH,600125,25,T090101,X610101
SH,600126,26,T020101,X130202
SH,600127,27,T030206,X200601
SH,600128,28,T0502,X2505
SH,600129,29,T040503,X2706
SH,600130,30,T1204,X400201
SH,600131,31,T1202,X420301
SH,600132,32,T030502,X210201
SH,600133,33,T0805,X630201
SH,600135,35,T020404,X120506
SH,600136,36,T110204,X530201
SH,600137,37,T030302,X220202
SH,600138,38,T060502,X600503
SH,600141,41,T020402,X120703
SH,600143,43,T020404,X120503
SH,600148,48,T040202,X260302
SH,600149,49,T1301,X620103
SH,600150,50,T0702,X3104
SH,600151,51,T040202,X300403
SH,600152,52,T0706,X300201
SH,600153,53,T0902,X610401
SH,600155,55,T1002,X5101
SH,600156,56,T030301,X220104
SH,600157,57,T010202,X620102
SH,600158,58,T0603,X6001
SH,600159,59,T110202,X530101
SH,600160,60,T020401,X120405
SH,600161,61,T040502,X270201
SH,600162,62,T110201,X530101
SH,600163,63,T010203,X620104
SH,600165,65,T020401,X120499
SH,600166,66,T040201,X260201
SH,600167,67,T0804,X620103
SH,600168,68,T0803,X6203
SH,600169,69,T0707,X320301
SH,600170,70,T110101,X5201
SH,600171,71,T1203,X400103
SH,600172,72,T0208,X320207
SH,600173,73,T110201,X530101
SH,600176,76,T020603,X150202
SH,600177,77,T030302,X220204
SH,600178,78,T040202,X260302
SH,600179,79,T090102,X610302
SH,600180,80,T0902,X610401
SH,600182,82,T040202,X260303
SH,600183,83,T1204,X400401
SH,600184,84,T070506,X3101
SH,600185,85,T060501,X600502
SH,600186,86,T030403,X2104
SH,600187,87,T0803,X6203
SH,600188,88,T010101,X100101
SH,600189,89,T030402,X210301
SH,600191,91,T030403,X210602
SH,600192,92,T0706,X300303
SH,600195,95,T030206,X2007
SH,600196,96,T040501,X270101
SH,600197,97,T030501,X210205
SH,600198,98,T1202,X410103
SH,600199,99,T030501,X210205
SH,600201,01,T030206,X2007
SH,600202,02,T070506,X320206
SH,600203,03,T1204,X400201
SH,600206,06,T1203,X400101
SH,600207,07,T0706,X300405
SH,600208,08,T110201,X530101
SH,600210,10,T0602,X230203
SH,600211,11,T040502,X270206
SH,600212,12,T0706,X300303
SH,600215,15,T070506,X320501
SH,600216,16,T040501,X270102
SH,600217,17,T0805,X630203
SH,600218,18,T040202,X320205
SH,600219,19,T020202,X140102
SH,600221,21,T090103,X610201
SH,600222,22,T040503,X2706
SH,600223,23,T0301,X120102
SH,600226,26,T0804,X620103
SH,600227,27,T020402,X120702
SH,600228,28,T1206,X250603
SH,600229,29,T060101,X430602
SH,600230,30,T020401,X120401
SH,600231,31,T020101,X130201
SH,600232,32,T070504,X320303
SH,600233,33,T0902,X610402
SH,600234,34,T110102,X5205
SH,600235,35,T0207,X230103
SH,600236,36,T010201,X620101
SH,600237,37,T1204,X400402
SH,600238,38,T030503,X210204
SH,600239,39,T110202,X530102
SH,600241,41,T0706,X300201
SH,600243,43,T0703,X320305
SH,600246,46,T110202,X530101
SH,600248,48,T110101,X5201
SH,600249,49,T0301,X120101
SH,600250,50,T0502,X2505
SH,600251,51,T030206,X200602
SH,600252,52,T040503,X2706
SH,600255,55,T020205,X140502
SH,600256,56,T010301,X110302
SH,600257,57,T030202,X200401
SH,600258,58,T0604,X600301
SH,600259,59,T020205,X140401
SH,600261,61,T0401,X400303
SH,600262,62,T070506,X320301
SH,600265,65,T030203,X2003
SH,600266,66,T110202,X530101
SH,600267,67,T040501,X270101
SH,600268,68,T0706,X300302
SH,600269,69,T090301,X610102
SH,600271,71,T1205,X420202
SH,600272,72,T050104,X270501
SH,600273,73,T020401,X120306
SH,600276,76,T040501,X270101
SH,600278,78,T0502,X2505
SH,600279,79,T090303,X610301
SH,600280,80,T050101,X250102
SH,600281,81,T020205,X140404
SH,600282,82,T020101,X130202
SH,600283,83,T0803,X6203
SH,600284,84,T110101,X520201
SH,600285,85,T040503,X2706
SH,600287,87,T0502,X2505
SH,600288,88,T1204,X4005
SH,600289,89,T1205,X420202
SH,600292,92,T010201,X620101
SH,600293,93,T020603,X150201
SH,600295,95,T020102,X130102
SH,600298,98,T030403,X2104
SH,600299,99,T030204,X120406
SH,600300,00,T030402,X210301
SH,600301,01,T020205,X140404
SH,600302,02,T070504,X320303
SH,600303,03,T040201,X260202
SH,600305,05,T030403,X2104
SH,600307,07,T020101,X130202
SH,600308,08,T0207,X230101
SH,600309,09,T020401,X120401
SH,600310,10,T010201,X620101
SH,600312,12,T0706,X300303
SH,600313,13,T030201,X200103
SH,600315,15,T0301,X120101
SH,600316,16,T0701,X3102
SH,600318,18,T1004,X510301
SH,600319,19,T020401,X120303
SH,600320,20,T070506,X320301
SH,600322,22,T110202,X530101
SH,600323,23,T0805,X630203
SH,600325,25,T110202,X530101
SH,600326,26,T020602,X150101
SH,600327,27,T0403,X270403
SH,600328,28,T020401,X120305
SH,600329,29,T040503,X2706
SH,600330,30,T070506,X4006
SH,600331,31,T020402,X120703
SH,600332,32,T040503,X2706
SH,600333,33,T0804,X6202
SH,600335,35,T040203,X260401
SH,600336,36,T0401,X240102
SH,600337,37,T0404,X230301
SH,600338,38,T020203,X140103
SH,600339,39,T010301,X110202
SH,600340,40,T110203,X530103
SH,600343,43,T070402,X320299
SH,600345,45,T1202,X410105
SH,600346,46,T010302,X110301
SH,600348,48,T010101,X100102
SH,600350,50,T090301,X610102
SH,600351,51,T040503,X2706
SH,600352,52,T020406,X120404
SH,600353,53,T1204,X4005
SH,600354,54,T030201,X200103
SH,600356,56,T0207,X230103
SH,600358,58,T0602,X430201
SH,600359,59,T030201,X200104
SH,600360,60,T1203,X400104
SH,600361,61,T020202,X140102
SH,600362,62,T020201,X140101
SH,600363,63,T1204,X4005
SH,600365,65,T1206,X250601
SH,600366,66,T0208,X140501
SH,600367,67,T020401,X120305
SH,600368,68,T090301,X610102
SH,600369,69,T1002,X5101
SH,600370,70,T020401,X120501
SH,600371,71,T030201,X200103
SH,600372,72,T0701,X3102
SH,600373,73,T060101,X430602
SH,600375,75,T040201,X260201
SH,600376,76,T110202,X530101
SH,600377,77,T090301,X610102
SH,600378,78,T020401,X120405
SH,600379,79,T0706,X300303
SH,600380,80,T040501,X270101
SH,600381,81,T0403,X210604
SH,600382,82,T020101,X130101
SH,600383,83,T110201,X530101
SH,600386,86,T040203,X260402
SH,600388,88,T0805,X6301
SH,600389,89,T020402,X120701
SH,600390,90,T1004,X510306
SH,600391,91,T0701,X3102
SH,600392,92,T020205,X140401
SH,600395,95,T010101,X100102
SH,600396,96,T010202,X620102
SH,600397,97,T070506,X320301
SH,600398,98,T030302,X220204
SH,600399,99,T020102,X1303
SH,600400,00,T030302,X220204
SH,600403,03,T010101,X100101
SH,600405,05,T0706,X3006
SH,600406,06,T0706,X300302
SH,600408,08,T010102,X1002
SH,600409,09,T0203,X120203
SH,600410,10,T1205,X420304
SH,600415,15,T050106,X2503
SH,600416,16,T0706,X3001
SH,600418,18,T040201,X260201
SH,600419,19,T030401,X210302
SH,600420,20,T040501,X270101
SH,600422,22,T040503,X2706
SH,600423,23,T020402,X120306
SH,600425,25,T020602,X150101
SH,600426,26,T020402,X120301
SH,600428,28,T090102,X610302
SH,600429,29,T030401,X210302
SH,600433,33,T0207,X230103
SH,600435,35,T070506,X3101
SH,600436,36,T040503,X2706
SH,600438,38,T0706,X300401
SH,600439,39,T030302,X220303
SH,600444,44,T070506,X320399
SH,600446,46,T1205,X420202
SH,600448,48,T030301,X220102
SH,600449,49,T020602,X150101
SH,600452,52,T010201,X620107
SH,600455,55,T0603,X6002
SH,600456,56,T020205,X140403
SH,600458,58,T020404,X300502
SH,600459,59,T020205,X140404
SH,600460,60,T1203,X400104
SH,600461,61,T0803,X6203
SH,600463,63,T110203,X530103
SH,600467,67,T030202,X200401
SH,600468,68,T0706,X300304
SH,600469,69,T040202,X260303
SH,600470,70,T020402,X120703
SH,600475,75,T0706,X620107
SH,600476,76,T1205,X420202
SH,600477,77,T020103,X520302
SH,600478,78,T0706,X300201
SH,600479,79,T040503,X2706
SH,600480,80,T040202,X260304
SH,600481,81,T0706,X300402
SH,600482,82,T0702,X3104
SH,600483,83,T010203,X620107
SH,600486,86,T020402,X120701
SH,600487,87,T1202,X410101
SH,600488,88,T040501,X270102
SH,600489,89,T020204,X140201
SH,600490,90,T020201,X140101
SH,600491,91,T110101,X5201
SH,600493,93,T030301,X220101
SH,600495,95,T0703,X3201
SH,600496,96,T020103,X520302
SH,600497,97,T020203,X140103
SH,600498,98,T1202,X410103
SH,600499,99,T070506,X320399
SH,600500,00,T020404,X120499
SH,600501,01,T070506,X320399
SH,600502,02,T110101,X520201
SH,600503,03,T110202,X530101
SH,600505,05,T010201,X620101
SH,600506,06,T010302,X110303
SH,600507,07,T020102,X1303
SH,600508,08,T010101,X100102
SH,600509,09,T010202,X620102
SH,600510,10,T110201,X530101
SH,600511,11,T050104,X270501
SH,600512,12,T110101,X520201
SH,600513,13,T040501,X270101
SH,600515,15,T090302,X610202
SH,600516,16,T0208,X130102
SH,600517,17,T1004,X510302
SH,600518,18,T040503,X2706
SH,600519,19,T030501,X210205
SH,600520,20,T1203,X400102
SH,600521,21,T040501,X270101
SH,600522,22,T1202,X410101
SH,600523,23,T040202,X260304
SH,600525,25,T0706,X300303
SH,600526,26,T0805,X6301
SH,600527,27,T0203,X120299
SH,600528,28,T0703,X3201
SH,600529,29,T0403,X270303
SH,600530,30,T0403,X210604
SH,600531,31,T020203,X140103
SH,600533,33,T110202,X530101
SH,600535,35,T040503,X2706
SH,600536,36,T1205,X420202
SH,600537,37,T0706,X300403
SH,600538,38,T050104,X270501
SH,600539,39,T1206,X250603
SH,600540,40,T030201,X200104
SH,600543,43,T030503,X210202
SH,600545,45,T070504,X320303
SH,600546,46,T010101,X100101
SH,600547,47,T020204,X140201
SH,600548,48,T090301,X610102
SH,600549,49,T020205,X140402
SH,600550,50,T0706,X300303
SH,600551,51,T060101,X430602
SH,600552,52,T1204,X400301
SH,600556,56,T1206,X430201
SH,600557,57,T040503,X2706
SH,600558,58,T020103,X320204
SH,600559,59,T030501,X210205
SH,600560,60,T0706,X320502
SH,600561,61,T0802,X610103
SH,600562,62,T1202,X3105
SH,600563,63,T1204,X400402
SH,600566,66,T040503,X2706
SH,600567,67,T0207,X230101
SH,600568,68,T0403,X270403
SH,600569,69,T020101,X130202
SH,600570,70,T1205,X420202
SH,600571,71,T1205,X420202
SH,600572,72,T040503,X2706
SH,600573,73,T030502,X210201
SH,600575,75,T010202,X620102
SH,600576,76,T060502,X600501
SH,600577,77,T0706,X300305
SH,600578,78,T010202,X620102
SH,600579,79,T070501,X320399
SH,600580,80,T0706,X3001
SH,600581,81,T020101,X130202
SH,600582,82,T070506,X320301
SH,600583,83,T010301,X110202
SH,600584,84,T1203,X400106
SH,600585,85,T020602,X150101
SH,600586,86,T020603,X150201
SH,600587,87,T0403,X270302
SH,600588,88,T1205,X420303
SH,600589,89,T1205,X420301
SH,600590,90,T1202,X3105
SH,600592,92,T070402,X320203
SH,600593,93,T060502,X600501
SH,600594,94,T040503,X2706
SH,600595,95,T020202,X140102
SH,600596,96,T020401,X120407
SH,600597,97,T030401,X210302
SH,600598,98,T030201,X200101
SH,600600,00,T030502,X210201
SH,600601,01,T1204,X400401
SH,600602,02,T1205,X420301
SH,600603,03,T0902,X610401
SH,600604,04,T110203,X530103
SH,600605,05,T110204,X2503
SH,600606,06,T110201,X530101
SH,600609,09,T040202,X260301
SH,600610,10,T020401,X120306
SH,600611,11,T0802,X610103
SH,600612,12,T030302,X220301
SH,600613,13,T040503,X2706
SH,600615,15,T020202,X140102
SH,600616,16,T030503,X210203
SH,600617,17,T0804,X6202
SH,600618,18,T020401,X120303
SH,600619,19,T0401,X2406
SH,600620,20,T1301,X9901
SH,600621,21,T1002,X5101
SH,600622,22,T110202,X530101
SH,600623,23,T020401,X120301
SH,600624,24,T040501,X270101
SH,600626,26,T040202,X260301
SH,600628,28,T050101,X250102
SH,600629,29,T110101,X5204
SH,600630,30,T030302,X220204
SH,600633,33,T1206,X4301
SH,600635,35,T0804,X6202
SH,600637,37,T060102,X4307
SH,600638,38,T110202,X530101
SH,600639,39,T110203,X530103
SH,600640,40,T060102,X430401
SH,600641,41,T1203,X400101
SH,600642,42,T010202,X620102
SH,600643,43,T1004,X510306
SH,600644,44,T010201,X620101
SH,600645,45,T0403,X270204
SH,600648,48,T110203,X530103
SH,600649,49,T110202,X530101
SH,600650,50,T0802,X610103
SH,600651,51,T0708,X400303
SH,600653,53,T040203,X260401
SH,600654,54,T0902,X600604
SH,600655,55,T050101,X2503
SH,600657,57,T110201,X530101
SH,600658,58,T110203,X530103
SH,600660,60,T040202,X260301
SH,600661,61,T0603,X6002
SH,600662,62,T0603,X600601
SH,600663,63,T110203,X530102
SH,600664,64,T040501,X270101
SH,600665,65,T110201,X530101
SH,600666,66,T1204,X400101
SH,600667,67,T1203,X400106
SH,600668,68,T020602,X150101
SH,600671,71,T040503,X2706
SH,600673,73,T1301,X9901
SH,600674,74,T010201,X620101
SH,600675,75,T110202,X530101
SH,600676,76,T040202,X9901
SH,600678,78,T020602,X150101
SH,600679,79,T0603,X260502
SH,600681,81,T0804,X6202
SH,600682,82,T1301,X9901
SH,600683,83,T110202,X530101
SH,600684,84,T110202,X530101
SH,600685,85,T0702,X3104
SH,600686,86,T040201,X260202
SH,600688,88,T010302,X110301
SH,600689,89,T1301,X9901
SH,600690,90,T0401,X240102
SH,600691,91,T020402,X120301
SH,600692,92,T110202,X530101
SH,600693,93,T050101,X250102
SH,600694,94,T050101,X250103
SH,600697,97,T050101,X250103
SH,600698,98,T040202,X260302
SH,600699,99,T040202,X260305
SH,600702,02,T030501,X210205
SH,600703,03,T1203,X400303
SH,600704,04,T0902,X610401
SH,600706,06,T060502,X600501
SH,600707,07,T1204,X400301
SH,600708,08,T110201,X530101
SH,600710,10,T0502,X2505
SH,600711,11,T020205,X140303
SH,600712,12,T050101,X250102
SH,600713,13,T050104,X270501
SH,600714,14,T020401,X120305
SH,600715,15,T060102,X430302
SH,600716,16,T110202,X530101
SH,600717,17,T090303,X610301
SH,600718,18,T1205,X420202
SH,600719,19,T0804,X620103
SH,600720,20,T110101,X5204
SH,600721,21,T040502,X270402
SH,600722,22,T020401,X120301
SH,600724,24,T1301,X9901
SH,600725,25,T0502,X2505
SH,600726,26,T010202,X620102
SH,600727,27,T020401,X120302
SH,600728,28,T1205,X420202
SH,600729,29,T050101,X250103
SH,600730,30,T0603,X6002
SH,600731,31,T020402,X120701
SH,600732,32,T0706,X300403
SH,600733,33,T040201,X260101
SH,600734,34,T1205,X420301
SH,600735,35,T030302,X220303
SH,600736,36,T110203,X530102
SH,600737,37,T030403,X210602
SH,600738,38,T050101,X2503
SH,600739,39,T040502,X270202
SH,600740,40,T010102,X1002
SH,600741,41,T040202,X260301
SH,600742,42,T040202,X260301
SH,600743,43,T110202,X530101
SH,600744,44,T010202,X620102
SH,600745,45,T1203,X400104
SH,600746,46,T020401,X120505
SH,600748,48,T110201,X530101
SH,600749,49,T060502,X600501
SH,600750,50,T040503,X2706
SH,600751,51,T090102,X610302
SH,600753,53,T0502,X2505
SH,600754,54,T0604,X600301
SH,600755,55,T0902,X610401
SH,600756,56,T1205,X420202
SH,600757,57,T060101,X430601
SH,600758,58,T010101,X100102
SH,600759,59,T010301,X1101
SH,600760,60,T0701,X3102
SH,600761,61,T0707,X320401
SH,600763,63,T0403,X270403
SH,600764,64,T0702,X3104
SH,600765,65,T0701,X3102
SH,600768,68,T020202,X140102
SH,600769,69,T0803,X6203
SH,600770,70,T1301,X9901
SH,600771,71,T040503,X2706
SH,600773,73,T110202,X530101
SH,600774,74,T040501,X270101
SH,600775,75,T1202,X410104
SH,600776,76,T1202,X410105
SH,600777,77,T010301,X1101
SH,600778,78,T050101,X250103
SH,600779,79,T030501,X210205
SH,600780,80,T010202,X620102
SH,600782,82,T020101,X130202
SH,600783,83,T070506,X320207
SH,600784,84,T1301,X9901
SH,600785,85,T050101,X250103
SH,600787,87,T0902,X610404
SH,600789,89,T040501,X270101
SH,600790,90,T050106,X2503
SH,600791,91,T110201,X530101
SH,600792,92,T010102,X1002
SH,600793,93,T0207,X230103
SH,600794,94,T0902,X610404
SH,600795,95,T010202,X620102
SH,600796,96,T0805,X630202
SH,600797,97,T1205,X420202
SH,600798,98,T090102,X610302
SH,600800,00,T020401,X120306
SH,600801,01,T020602,X150101
SH,600802,02,T020602,X150101
SH,600803,03,T0804,X6202
SH,600805,05,T1301,X9901
SH,600807,07,T0403,X270204
SH,600808,08,T020101,X130202
SH,600809,09,T030501,X210205
SH,600810,10,T0203,X120204
SH,600812,12,T040501,X270101
SH,600814,14,T050101,X250102
SH,600815,15,T0707,X320401
SH,600816,16,T1004,X510302
SH,600817,17,T070506,X6301
SH,600818,18,T0603,X260502
SH,600819,19,T020603,X150201
SH,600820,20,T110101,X520201
SH,600821,21,T010203,X620105
SH,600822,22,T040203,X260401
SH,600824,24,T050101,X250103
SH,600825,25,T060101,X430602
SH,600826,26,T0603,X600603
SH,600827,27,T050102,X250103
SH,600828,28,T050101,X250102
SH,600829,29,T050104,X270501
SH,600830,30,T1004,X510305
SH,600831,31,T060102,X4307
SH,600833,33,T050104,X270502
SH,600834,34,T0802,X610103
SH,600835,35,T0703,X320305
SH,600838,38,T050101,X250103
SH,600839,39,T0401,X240201
SH,600841,41,T040202,X260302
SH,600843,43,T070504,X320303
SH,600844,44,T020401,X120301
SH,600845,45,T1205,X420202
SH,600846,46,T110101,X5204
SH,600847,47,T0706,X300205
SH,600848,48,T110203,X530103
SH,600850,50,T1205,X420304
SH,600851,51,T040501,X270101
SH,600853,53,T110101,X520201
SH,600854,54,T0401,X240101
SH,600855,55,T070506,X3105
SH,600857,57,T050101,X250102
SH,600858,58,T050101,X250103
SH,600859,59,T050101,X250102
SH,600860,60,T070506,X320204
SH,600861,61,T0603,X600601
SH,600862,62,T0701,X3102
SH,600863,63,T010202,X620102
SH,600864,64,T1002,X5101
SH,600865,65,T050101,X250102
SH,600866,66,T030204,X200501
SH,600867,67,T040502,X270205
SH,600868,68,T010201,X620101
SH,600869,69,T0706,X300305
SH,600871,71,T010301,X110201
SH,600872,72,T030403,X2104
SH,600873,73,T030403,X2104
SH,600874,74,T0805,X630202
SH,600875,75,T0706,X3006
SH,600876,76,T020603,X150201
SH,600877,77,T1203,X400103
SH,600879,79,T0701,X3103
SH,600880,80,T0602,X6002
SH,600881,81,T1301,X9901
SH,600882,82,T030401,X210302
SH,600883,83,T030201,X200102
SH,600884,84,T0706,X300202
SH,600885,85,T0706,X300303
SH,600886,86,T010201,X620101
SH,600887,87,T030401,X210302
SH,600888,88,T020202,X140102
SH,600889,89,T070402,X320203
SH,600892,92,T1206,X4301
SH,600893,93,T0701,X3102
SH,600894,94,T0703,X320305
SH,600895,95,T110203,X530103
SH,600897,97,T090302,X610202
SH,600900,00,T010201,X620101
SH,600901,01,T1004,X510301
SH,600903,03,T0804,X6202
SH,600905,05,T010203,X620104
SH,600906,06,T1002,X5101
SH,600908,08,T1001,X500202
SH,600909,09,T1002,X5101
SH,600916,16,T030302,X220301
SH,600917,17,T0804,X6202
SH,600918,18,T1002,X5101
SH,600919,19,T1001,X500201
SH,600925,25,T010101,X100101
SH,600926,26,T1001,X500201
SH,600927,27,T1004,X510304
SH,600928,28,T1001,X500201
SH,600929,29,T030403,X120305
SH,600930,30,T010203,X620104
SH,600933,33,T040202,X260302
SH,600935,35,T020401,X120303
SH,600936,36,T1205,X420202
SH,600938,38,T010301,X1101
SH,600939,39,T110101,X5201
SH,600941,41,T0801,X410201
SH,600955,55,T020401,X120306
SH,600956,56,T0804,X6202
SH,600958,58,T1002,X5101
SH,600959,59,T060102,X4307
SH,600960,60,T040202,X260302
SH,600961,61,T020203,X140103
SH,600962,62,T030402,X210301
SH,600963,63,T0207,X230101
SH,600965,65,T030206,X200203
SH,600966,66,T0207,X230101
SH,600967,67,T0703,X3101
SH,600968,68,T010301,X110201
SH,600969,69,T010201,X620107
SH,600970,70,T110101,X520303
SH,600971,71,T010101,X100101
SH,600973,73,T0706,X300305
SH,600975,75,T030206,X200201
SH,600976,76,T040503,X2706
SH,600977,77,T060102,X430302
SH,600979,79,T010201,X620101
SH,600980,80,T070506,X320301
SH,600981,81,T0502,X2505
SH,600982,82,T0804,X620103
SH,600983,83,T0401,X240102
SH,600984,84,T0707,X320401
SH,600985,85,T010101,X100102
SH,600986,86,T1206,X430201
SH,600987,87,T030301,X220102
SH,600988,88,T020204,X140201
SH,600989,89,T020401,X120301
SH,600990,90,T1202,X3105
SH,600992,92,T020103,X320204
SH,600993,93,T040503,X2706
SH,600995,95,T010201,X620101
SH,600996,96,T060102,X4307
SH,600997,97,T010102,X1002
SH,600998,98,T050104,X270501
SH,600999,99,T1002,X5101
SH,601000,00,T090303,X610301
SH,601001,01,T010101,X100101
SH,601002,02,T070402,X320203
SH,601003,03,T020101,X130202
SH,601005,05,T020101,X130202
SH,601006,06,T090101,X610101
SH,601007,07,T0604,X600301
SH,601008,08,T090303,X610301
SH,601009,09,T1001,X500201
SH,601010,10,T050101,X250102
SH,601011,11,T010102,X1002
SH,601012,12,T0706,X300403
SH,601015,15,T010102,X1002
SH,601016,16,T010203,X620104
SH,601018,18,T090303,X610301
SH,601019,19,T060101,X430601
SH,601020,20,T020203,X140103
SH,601021,21,T090103,X610201
SH,601022,22,T090102,X610302
SH,601026,26,T0706,X300502
SH,601033,33,T0805,X630203
SH,601038,38,T070505,X320304
SH,601058,58,T040202,X260303
SH,601059,59,T1002,X5101
SH,601061,61,T0502,X2505
SH,601065,65,T020401,X120305
SH,601066,66,T1002,X5101
SH,601068,68,T110101,X520304
SH,601069,69,T020204,X140201
SH,601077,77,T1001,X500202
SH,601083,83,T090102,X610302
SH,601086,86,T050101,X250102
SH,601088,88,T010101,X100101
SH,601089,89,T040501,X270101
SH,601091,91,T070402,X320299
SH,601096,96,T020103,X520302
SH,601098,98,T060101,X430601
SH,601099,99,T1002,X5101
SH,601100,00,T0707,X320402
SH,601101,01,T010101,X100101
SH,601106,06,T0707,X320301
SH,601107,07,T090301,X610102
SH,601108,08,T1002,X5101
SH,601111,11,T090103,X610201
SH,601112,12,T020603,X150202
SH,601113,13,T0203,X120204
SH,601116,16,T050102,X250101
SH,601117,17,T110101,X520301
SH,601118,18,T020405,X200104
SH,601121,21,T020101,X130101
SH,601123,23,T020101,X130101
SH,601126,26,T0706,X300302
SH,601127,27,T040201,X260102
SH,601128,28,T1001,X500202
SH,601133,33,T110101,X520304
SH,601136,36,T1002,X5101
SH,601137,37,T020205,X140502
SH,601138,38,T1202,X400201
SH,601139,39,T0804,X6202
SH,601155,55,T110202,X530101
SH,601156,56,T0902,X610403
SH,601158,58,T0803,X6203
SH,601162,62,T1002,X5101
SH,601163,63,T040202,X260303
SH,601166,66,T1001,X500102
SH,601168,68,T020201,X140101
SH,601169,69,T1001,X500201
SH,601177,77,T070402,X320203
SH,601179,79,T0706,X300303
SH,601186,86,T110101,X520201
SH,601187,87,T1001,X500201
SH,601188,88,T090301,X610102
SH,601198,98,T1002,X5101
SH,601199,99,T0803,X6203
SH,601200,00,T0805,X630203
SH,601206,06,T040502,X270202
SH,601208,08,T020401,X120502
SH,601211,11,T1002,X5101
SH,601212,12,T020201,X140101
SH,601216,16,T020401,X120303
SH,601218,18,T0706,X300502
SH,601222,22,T010203,X620105
SH,601225,25,T010101,X100101
SH,601226,26,T110101,X520304
SH,601228,28,T090303,X610301
SH,601229,29,T1001,X500201
SH,601231,31,T1204,X400201
SH,601233,33,T0203,X120201
SH,601236,36,T1002,X5101
SH,601238,38,T040201,X260102
SH,601279,79,T040202,X260301
SH,601288,88,T1001,X500101
SH,601298,98,T090303,X610301
SH,601311,11,T0706,X300205
SH,601318,18,T1003,X5102
SH,601319,19,T1003,X5102
SH,601326,26,T090303,X610301
SH,601328,28,T1001,X500101
SH,601330,30,T0805,X630203
SH,601333,33,T090101,X610101
SH,601336,36,T1003,X5102
SH,601339,39,T030301,X220101
SH,601360,60,T1206,X420201
SH,601366,66,T050101,X250103
SH,601368,68,T0803,X6203
SH,601369,69,T070402,X320299
SH,601375,75,T1002,X5101
SH,601377,77,T1002,X5101
SH,601388,88,T020202,X140102
SH,601390,90,T110101,X520201
SH,601398,98,T1001,X500101
SH,601399,99,T0707,X320301
SH,601456,56,T1002,X5101
SH,601500,00,T040202,X260303
SH,601512,12,T110203,X530103
SH,601515,15,T0602,X230204
SH,601518,18,T090301,X610102
SH,601519,19,T1205,X420202
SH,601528,28,T1001,X500202
SH,601555,55,T1002,X5101
SH,601566,66,T030302,X220204
SH,601567,67,T0706,X300304
SH,601568,68,T020401,X120303
SH,601577,77,T1001,X500201
SH,601579,79,T030503,X210203
SH,601588,88,T110202,X530101
SH,601595,95,T060102,X430302
SH,601598,98,T0902,X610403
SH,601599,99,T030301,X220104
SH,601600,00,T020202,X140102
SH,601601,01,T1003,X5102
SH,601606,06,T070506,X3101
SH,601607,07,T050104,X270501
SH,601608,08,T070506,X320301
SH,601609,09,T020201,X140101
SH,601611,11,T110101,X520201
SH,601615,15,T0706,X300501
SH,601616,16,T0706,X300304
SH,601618,18,T110101,X520304
SH,601619,19,T010203,X620104
SH,601628,28,T1003,X5102
SH,601633,33,T040201,X260102
SH,601636,36,T020603,X150201
SH,601658,58,T1001,X500101
SH,601665,65,T1001,X500201
SH,601666,66,T010101,X100102
SH,601668,68,T110101,X5201
SH,601669,69,T110101,X520201
SH,601677,77,T020202,X140102
SH,601678,78,T020401,X120303
SH,601686,86,T020103,X130203
SH,601688,88,T1002,X5101
SH,601689,89,T040202,X260301
SH,601696,96,T1002,X5101
SH,601698,98,T0801,X3103
SH,601699,99,T010101,X100102
SH,601700,00,T0706,X300305
SH,601702,02,T020202,X140102
SH,601717,17,T070506,X320301
SH,601718,18,T030302,X220204
SH,601727,27,T0706,X3006
SH,601728,28,T0801,X410201
SH,601766,66,T0703,X3201
SH,601777,77,T040204,X260501
SH,601778,78,T010203,X620105
SH,601788,88,T1002,X5101
SH,601789,89,T110101,X5201
SH,601798,98,T070501,X320301
SH,601799,99,T040202,X260301
SH,601800,00,T110101,X520201
SH,601801,01,T060101,X430602
SH,601808,08,T010301,X110201
SH,601811,11,T060101,X430601
SH,601816,16,T090101,X610101
SH,601818,18,T1001,X500102
SH,601825,25,T1001,X500202
SH,601827,27,T0805,X630203
SH,601828,28,T050105,X2503
SH,601838,38,T1001,X500201
SH,601857,57,T010301,X1101
SH,601858,58,T060101,X430603
SH,601860,60,T1001,X500202
SH,601865,65,T020603,X300405
SH,601866,66,T090102,X610302
SH,601868,68,T110101,X520201
SH,601869,69,T1202,X410101
SH,601872,72,T090102,X610302
SH,601877,77,T0706,X300304
SH,601878,78,T1002,X5101
SH,601880,80,T090303,X610301
SH,601881,81,T1002,X5101
SH,601882,82,T070401,X320202
SH,601886,86,T110102,X5205
SH,601888,88,T060501,X600502
SH,601890,90,T0702,X3104
SH,601898,98,T010101,X100101
SH,601899,99,T020201,X140101
SH,601900,00,T060101,X430601
SH,601901,01,T1002,X5101
SH,601908,08,T0706,X300402
SH,601916,16,T1001,X500102
SH,601918,18,T010101,X100101
SH,601919,19,T090102,X610302
SH,601921,21,T060101,X430602
SH,601928,28,T060101,X430601
SH,601929,29,T060102,X4307
SH,601933,33,T050102,X250101
SH,601939,39,T1001,X500101
SH,601949,49,T060101,X430602
SH,601952,52,T030201,X200101
SH,601956,56,T0401,X2406
SH,601958,58,T020205,X140402
SH,601963,63,T1001,X500201
SH,601965,65,T040203,X260402
SH,601966,66,T040202,X260303
SH,601968,68,T0602,X230202
SH,601969,69,T020101,X130101
SH,601975,75,T090102,X610302
SH,601985,85,T010203,X620106
SH,601988,88,T1001,X500101
SH,601990,90,T1002,X5101
SH,601991,91,T010202,X620102
SH,601992,92,T020602,X150101
SH,601995,95,T1002,X5101
SH,601996,96,T0404,X230302
SH,601997,97,T1001,X500201
SH,601998,98,T1001,X500102
SH,601999,99,T060101,X430602
SH,603000,00,T1206,X430402
SH,603001,01,T030302,X220202
SH,603002,02,T020401,X4006
SH,603004,04,T020401,X120499
SH,603005,05,T1203,X400106
SH,603006,06,T040202,X260301
SH,603007,07,T110101,X520202
SH,603008,08,T0404,X230301
SH,603009,09,T040202,X260302
SH,603010,10,T020401,X120505
SH,603011,11,T070506,X320399
SH,603012,12,T070506,X320301
SH,603013,13,T040202,X260302
SH,603014,14,T0403,X270302
SH,603015,15,T0706,X320502
SH,603016,16,T0706,X300304
SH,603017,17,T110101,X5204
SH,603018,18,T110101,X5204
SH,603019,19,T1201,X420102
SH,603020,20,T030403,X2104
SH,603021,21,T0404,X230302
SH,603022,22,T0602,X230205
SH,603023,23,T040202,X260305
SH,603025,25,T070504,X320502
SH,603026,26,T020401,X300202
SH,603027,27,T030403,X2104
SH,603028,28,T020103,X320204
SH,603029,29,T070505,X320304
SH,603030,30,T110102,X5205
SH,603031,31,T0706,X300205
SH,603032,32,T070506,X320399
SH,603033,33,T020405,X120603
SH,603035,35,T040202,X260301
SH,603036,36,T070506,X320301
SH,603037,37,T040202,X260302
SH,603038,38,T0404,X230301
SH,603039,39,T1205,X420201
SH,603040,40,T040202,X260302
SH,603041,41,T020401,X120401
SH,603042,42,T1202,X410101
SH,603043,43,T030403,X210502
SH,603045,45,T020205,X140502
SH,603048,48,T040202,X260302
SH,603049,49,T040202,X260303
SH,603050,50,T0706,X300302
SH,603051,51,T020404,X120408
SH,603052,52,T1204,X400201
SH,603053,53,T0804,X6202
SH,603055,55,T030301,X220104
SH,603057,57,T030403,X210503
SH,603058,58,T0602,X230204
SH,603059,59,T0301,X120101
SH,603060,60,T110101,X600602
SH,603061,61,T1203,X400102
SH,603062,62,T020406,X120402
SH,603063,63,T0706,X300502
SH,603065,65,T020401,X120505
SH,603066,66,T0902,X610404
SH,603067,67,T020401,X120305
SH,603068,68,T1203,X400103
SH,603069,69,T0802,X610103
SH,603070,70,T0706,X300304
SH,603071,71,T050107,X2505
SH,603072,72,T0208,X140501
SH,603073,73,T030301,X220104
SH,603075,75,T0401,X2406
SH,603076,76,T070506,X320399
SH,603077,77,T020401,X120304
SH,603078,78,T1203,X4006
SH,603079,79,T030403,X120406
SH,603080,80,T0804,X6202
SH,603081,81,T070506,X320399
SH,603082,82,T0703,X320599
SH,603083,83,T1202,X410104
SH,603085,85,T040202,X260301
SH,603086,86,T020402,X120701
SH,603087,87,T040502,X270205
SH,603088,88,T070401,X320202
SH,603089,89,T040202,X260302
SH,603090,90,T070506,X320299
SH,603091,91,T0404,X230302
SH,603092,92,T070402,X320299
SH,603093,93,T1004,X510304
SH,603095,95,T070504,X320303
SH,603096,96,T060101,X430602
SH,603097,97,T0706,X300303
SH,603098,98,T110102,X520302
SH,603099,99,T060502,X600501
SH,603100,00,T0708,X320201
SH,603101,01,T050101,X250102
SH,603102,02,T0403,X210604
SH,603103,03,T060102,X430302
SH,603105,05,T0706,X620105
SH,603106,06,T1201,X420102
SH,603107,07,T040202,X260302
SH,603108,08,T050104,X270501
SH,603109,09,T0706,X3001
SH,603110,10,T020406,X120402
SH,603111,11,T0703,X3201
SH,603112,12,T070402,X320204
SH,603113,13,T020401,X120399
SH,603115,15,T020202,X4006
SH,603116,16,T030302,X220202
SH,603117,17,T0902,X610403
SH,603118,18,T1202,X410104
SH,603119,19,T040202,X260304
SH,603120,20,T020401,X120499
SH,603121,21,T040202,X260302
SH,603122,22,T050104,X270501
SH,603123,23,T1004,X510399
SH,603124,24,T020201,X140502
SH,603125,25,T020401,X120306
SH,603126,26,T0805,X630203
SH,603127,27,T0403,X270402
SH,603128,28,T0902,X610403
SH,603129,29,T040204,X260501
SH,603130,30,T030301,X220104
SH,603131,31,T070506,X320299
SH,603132,32,T020203,X140103
SH,603135,35,T070506,X320399
SH,603136,36,T060502,X600501
SH,603137,37,T110102,X5205
SH,603138,38,T1205,X420201
SH,603139,39,T040503,X2706
SH,603150,50,T020404,X120506
SH,603151,51,T030204,X200501
SH,603153,53,T110101,X5204
SH,603155,55,T020401,X120407
SH,603156,56,T030402,X210301
SH,603158,58,T040202,X260302
SH,603159,59,T070506,X320399
SH,603160,60,T1203,X400103
SH,603161,61,T040202,X260302
SH,603162,62,T090102,X610302
SH,603163,63,T110101,X520304
SH,603165,65,T0207,X230101
SH,603166,66,T040202,X260302
SH,603167,67,T090102,X610302
SH,603168,68,T040501,X270101
SH,603169,69,T070506,X320301
SH,603170,70,T030403,X2104
SH,603171,71,T1205,X420202
SH,603172,72,T020406,X120404
SH,603173,73,T070402,X320399
SH,603175,75,T1204,X400401
SH,603176,76,T110101,X520201
SH,603177,77,T0805,X630201
SH,603178,78,T040202,X260302
SH,603179,79,T040202,X260305
SH,603180,80,T0404,X230301
SH,603181,81,T020401,X120499
SH,603182,82,T030403,X200603
SH,603183,83,T110101,X600602
SH,603185,85,T0706,X300402
SH,603186,86,T1204,X400401
SH,603187,87,T070402,X320206
SH,603188,88,T020406,X120404
SH,603189,89,T1205,X420202
SH,603190,90,T040202,X260304
SH,603191,91,T0706,X300303
SH,603192,92,T020401,X120401
SH,603193,93,T0301,X120101
SH,603194,94,T0707,X320401
SH,603195,95,T0401,X230302
SH,603196,96,T030302,X220204
SH,603197,97,T040202,X260305
SH,603198,98,T030501,X210205
SH,603199,99,T060502,X600501
SH,603200,00,T0805,X630202
SH,603201,01,T040202,X260304
SH,603202,02,T040202,X260305
SH,603203,03,T070506,X320399
SH,603205,05,T0403,X270303
SH,603206,06,T1202,X410302
SH,603207,07,T040501,X270101
SH,603208,08,T0404,X230301
SH,603209,09,T090102,X610302
SH,603210,10,T040202,X260304
SH,603211,11,T040202,X260304
SH,603212,12,T020404,X300405
SH,603213,13,T020401,X120303
SH,603214,14,T050101,X2504
SH,603215,15,T0401,X240301
SH,603216,16,T0404,X230301
SH,603217,17,T020401,X120306
SH,603218,18,T0706,X300502
SH,603219,19,T0401,X240302
SH,603220,20,T1202,X410302
SH,603221,21,T0404,X230301
SH,603222,22,T0403,X270303
SH,603223,23,T090104,X610405
SH,603225,25,T0203,X120201
SH,603226,26,T0404,X230301
SH,603227,27,T020401,X120403
SH,603228,28,T1204,X400401
SH,603229,29,T040501,X270102
SH,603230,30,T060101,X430602
SH,603231,31,T030403,X200601
SH,603232,32,T1205,X420201
SH,603233,33,T050104,X270502
SH,603235,35,T040501,X270102
SH,603236,36,T1202,X410104
SH,603237,37,T030403,X210605
SH,603238,38,T030301,X220104
SH,603239,39,T040202,X260301
SH,603248,48,T070402,X300502
SH,603255,55,T020401,X120505
SH,603256,56,T020603,X150202
SH,603257,57,T110101,X5204
SH,603258,58,T1206,X4301
SH,603259,59,T040501,X270402
SH,603260,60,T020401,X120407
SH,603261,61,T0701,X3102
SH,603262,62,T030403,X210604
SH,603266,66,T040202,X260304
SH,603267,67,T1204,X3105
SH,603268,68,T0702,X3104
SH,603269,69,T070402,X320299
SH,603270,70,T070402,X320204
SH,603271,71,T020202,X140102
SH,603272,72,T0404,X230302
SH,603273,73,T070506,X320399
SH,603275,75,T0708,X320502
SH,603276,76,T020401,X120306
SH,603277,77,T070506,X320206
SH,603278,78,T020103,X320204
SH,603279,79,T0805,X6301
SH,603280,80,T0707,X320401
SH,603281,81,T020401,X120407
SH,603282,82,T070506,X320399
SH,603283,83,T070506,X320502
SH,603284,84,T0207,X230101
SH,603285,85,T020401,X120499
SH,603286,86,T040202,X260301
SH,603288,88,T030403,X2104
SH,603289,89,T070506,X320399
SH,603290,90,T1203,X400104
SH,603291,91,T0803,X6203
SH,603293,93,T040202,X260305
SH,603296,96,T1204,X400201
SH,603297,97,T1204,X400302
SH,603298,98,T0707,X320401
SH,603299,99,T030403,X120305
SH,603300,00,T1004,X510305
SH,603301,01,T0403,X270303
SH,603302,02,T0805,X630204
SH,603303,03,T0401,X400303
SH,603305,05,T040202,X260302
SH,603306,06,T040202,X260301
SH,603307,07,T0603,X230402
SH,603308,08,T070402,X320203
SH,603309,09,T0403,X270303
SH,603310,10,T020401,X120405
SH,603311,11,T0401,X2406
SH,603312,12,T0706,X300303
SH,603313,13,T0404,X230301
SH,603315,15,T0805,X630201
SH,603316,16,T110101,X520202
SH,603317,17,T030403,X2104
SH,603318,18,T0804,X6202
SH,603319,19,T040202,X260302
SH,603320,20,T0706,X3001
SH,603321,21,T0703,X320305
SH,603322,22,T1202,X410303
SH,603323,23,T1001,X500202
SH,603324,24,T0805,X6301
SH,603325,25,T070501,X320301
SH,603326,26,T0404,X230301
SH,603327,27,T1204,X400201
SH,603328,28,T1204,X400401
SH,603329,29,T0902,X610401
SH,603330,30,T020404,X120408
SH,603331,31,T070506,X320206
SH,603332,32,T0203,X120201
SH,603333,33,T0706,X300305
SH,603334,34,T020401,X120499
SH,603335,35,T040202,X260303
SH,603336,36,T030206,X200602
SH,603337,37,T070504,X320303
SH,603338,38,T0707,X320401
SH,603339,39,T070506,X320206
SH,603341,41,T1202,X410104
SH,603344,44,T0706,X3001
SH,603345,45,T030403,X210603
SH,603348,48,T040202,X260304
SH,603350,50,T0706,X3001
SH,603351,51,T040501,X270102
SH,603352,52,T040202,X260304
SH,603353,53,T010303,X110302
SH,603355,55,T0401,X240302
SH,603356,56,T0703,X320305
SH,603357,57,T110101,X5204
SH,603358,58,T040202,X260301
SH,603359,59,T110101,X520202
SH,603360,60,T020402,X120701
SH,603361,61,T070506,X320206
SH,603363,63,T030204,X200501
SH,603365,65,T030301,X220201
SH,603366,66,T0401,X240402
SH,603367,67,T040501,X270101
SH,603368,68,T050104,X270501
SH,603369,69,T030501,X210205
SH,603370,70,T0706,X3001
SH,603373,73,T0902,X600604
SH,603375,75,T1203,X400103
SH,603376,76,T040202,X260305
SH,603377,77,T040203,X6002
SH,603378,78,T020406,X150305
SH,603379,79,T020401,X120405
SH,603380,80,T1204,X400201
SH,603381,81,T0706,X300405
SH,603382,82,T0203,X120204
SH,603383,83,T1205,X420202
SH,603385,85,T0404,X230302
SH,603386,86,T1204,X400401
SH,603387,87,T0403,X270204
SH,603389,89,T0404,X230301
SH,603390,90,T040202,X260305
SH,603391,91,T070506,X320301
SH,603392,92,T040502,X270202
SH,603393,93,T010301,X1101
SH,603395,95,T020402,X120705
SH,603396,96,T070506,X300406
SH,603398,98,T0706,X300402
SH,603399,99,T020205,X140402
SH,603400,00,T070402,X320299
SH,603402,02,T060502,X600501
SH,603406,06,T0203,X120201
SH,603407,07,T020401,X120305
SH,603408,08,T0404,X230302
SH,603409,09,T040202,X260304
SH,603416,16,T0708,X320502
SH,603418,18,T040202,X260301
SH,603421,21,T1202,X410105
SH,603429,29,T0602,X230204
SH,603435,35,T1204,X4005
SH,603439,39,T040503,X2706
SH,603444,44,T1206,X4301
SH,603448,48,T040202,X260302
SH,603456,56,T0403,X270402
SH,603458,58,T110101,X5204
SH,603459,59,T1204,X400401
SH,603466,66,T0603,X430403
SH,603468,68,T040204,X260502
SH,603477,77,T030206,X200201
SH,603486,86,T0401,X240302
SH,603488,88,T0703,X320305
SH,603489,89,T0706,X3001
SH,603496,96,T1201,X420102
SH,603499,99,T0602,X230204
SH,603500,00,T0703,X3201
SH,603501,01,T1203,X400103
SH,603505,05,T020401,X120405
SH,603506,06,T110204,X530201
SH,603507,07,T0706,X300502
SH,603508,08,T1201,X420101
SH,603511,11,T030302,X220202
SH,603515,15,T0401,X400303
SH,603516,16,T1201,X420102
SH,603517,17,T030403,X210503
SH,603518,18,T030302,X220204
SH,603519,19,T0401,X2406
SH,603520,20,T040501,X270102
SH,603527,27,T020201,X140101
SH,603528,28,T1205,X420202
SH,603529,29,T040204,X260502
SH,603530,30,T0706,X300305
SH,603533,33,T1206,X430402
SH,603535,35,T0902,X610403
SH,603536,36,T030403,X210603
SH,603538,38,T040501,X270102
SH,603551,51,T0404,X240402
SH,603556,56,T0708,X300301
SH,603557,57,T030302,X220202
SH,603558,58,T030301,X220101
SH,603559,59,T1202,X410302
SH,603565,65,T090102,X610302
SH,603566,66,T030206,X2007
SH,603567,67,T040503,X2706
SH,603568,68,T0805,X630203
SH,603569,69,T090104,X610405
SH,603577,77,T0706,X300305
SH,603578,78,T0401,X2406
SH,603579,79,T0401,X240303
SH,603580,80,T020404,X120506
SH,603583,83,T0706,X320502
SH,603585,85,T020402,X120701
SH,603586,86,T040202,X260302
SH,603587,87,T030302,X220204
SH,603588,88,T0805,X630203
SH,603589,89,T030501,X210205
SH,603590,90,T040502,X270206
SH,603595,95,T1204,X400201
SH,603596,96,T040202,X260302
SH,603598,98,T1206,X430201
SH,603599,99,T020402,X120701
SH,603600,00,T0404,X230301
SH,603601,01,T020603,X150202
SH,603602,02,T1202,X410302
SH,603605,05,T0301,X120102
SH,603606,06,T0706,X300305
SH,603607,07,T0207,X230205
SH,603608,08,T030302,X220202
SH,603609,09,T030204,X200501
SH,603610,10,T0404,X230301
SH,603611,11,T070506,X320399
SH,603612,12,T0208,X1208
SH,603613,13,T1206,X420402
SH,603615,15,T0404,X230302
SH,603616,16,T020602,X150102
SH,603617,17,T070402,X320203
SH,603618,18,T0706,X300305
SH,603619,19,T010301,X110201
SH,603626,26,T1204,X400201
SH,603628,28,T0706,X300405
SH,603629,29,T1204,X400201
SH,603630,30,T0301,X120101
SH,603633,33,T040202,X260305
SH,603636,36,T1205,X420202
SH,603637,37,T110101,X520301
SH,603638,38,T070506,X320402
SH,603639,39,T020402,X120701
SH,603648,48,T0902,X610401
SH,603650,50,T020401,X120601
SH,603655,55,T040202,X260304
SH,603656,56,T070506,X320399
SH,603657,57,T0401,X2406
SH,603658,58,T0403,X270204
SH,603659,59,T020401,X300202
SH,603660,60,T1201,X420102
SH,603661,61,T0404,X230301
SH,603662,62,T0708,X320201
SH,603663,63,T020205,X140404
SH,603665,65,T030302,X220202
SH,603666,66,T070506,X320501
SH,603667,67,T070402,X320203
SH,603668,68,T030204,X200502
SH,603669,69,T040501,X270101
SH,603676,76,T040501,X270101
SH,603677,77,T0401,X2406
SH,603678,78,T1204,X3105
SH,603679,79,T0706,X400303
SH,603680,80,T0703,X3201
SH,603681,81,T020401,X120408
SH,603682,82,T110204,X2503
SH,603683,83,T020401,X120408
SH,603685,85,T0706,X400303
SH,603686,86,T0805,X6301
SH,603687,87,T0602,X230204
SH,603688,88,T0208,X1208
SH,603689,89,T0804,X6202
SH,603690,90,T1203,X400102
SH,603693,93,T010203,X620104
SH,603696,96,T030403,X2104
SH,603697,97,T030403,X210501
SH,603698,98,T070506,X320301
SH,603699,99,T070402,X320203
SH,603700,00,T0708,X320201
SH,603701,01,T040202,X260302
SH,603703,03,T1204,X400301
SH,603706,06,T0804,X6202
SH,603707,07,T040502,X270206
SH,603708,08,T050102,X250101
SH,603709,09,T0404,X230301
SH,603711,11,T030402,X210301
SH,603712,12,T1202,X3105
SH,603713,13,T0902,X610404
SH,603716,16,T050104,X270501
SH,603717,17,T030206,X200201
SH,603718,18,T0403,X270303
SH,603719,19,T030403,X210501
SH,603721,21,T060102,X430301
SH,603722,22,T020401,X120306
SH,603725,25,T020404,X120503
SH,603726,26,T0401,X2406
SH,603727,27,T010301,X110202
SH,603728,28,T0706,X3001
SH,603729,29,T0602,X430202
SH,603730,30,T040202,X260301
SH,603733,33,T0207,X230103
SH,603737,37,T020406,X150305
SH,603738,38,T1204,X400402
SH,603739,39,T030206,X2007
SH,603755,55,T030403,X2104
SH,603757,57,T070402,X320203
SH,603758,58,T040202,X260302
SH,603759,59,T0803,X6203
SH,603766,66,T040204,X260501
SH,603767,67,T040202,X260302
SH,603768,68,T040202,X260301
SH,603773,73,T1204,X400302
SH,603776,76,T0802,X260502
SH,603777,77,T030403,X210501
SH,603778,78,T0706,X300403
SH,603779,79,T030503,X210202
SH,603786,86,T040202,X260305
SH,603787,87,T040204,X260501
SH,603788,88,T040202,X260302
SH,603789,89,T070505,X320304
SH,603790,90,T020406,X120404
SH,603797,97,T0805,X630202
SH,603798,98,T010302,X110303
SH,603799,99,T020205,X140303
SH,603800,00,T070506,X320301
SH,603801,01,T0404,X230301
SH,603803,03,T1202,X410104
SH,603806,06,T020404,X300405
SH,603808,08,T030302,X220204
SH,603809,09,T040202,X260302
SH,603810,10,T020402,X120701
SH,603811,11,T040501,X270101
SH,603813,13,T090104,X610405
SH,603815,15,T110101,X520201
SH,603816,16,T0404,X230301
SH,603817,17,T0805,X630202
SH,603818,18,T0404,X230301
SH,603819,19,T0706,X3001
SH,603822,22,T020401,X120505
SH,603823,23,T020406,X120402
SH,603825,25,T1206,X430201
SH,603826,26,T020406,X1208
SH,603828,28,T110102,X5205
SH,603829,29,T0706,X300304
SH,603833,33,T0404,X230301
SH,603836,36,T0902,X610403
SH,603838,38,T0404,X230302
SH,603839,39,T030302,X220204
SH,603843,43,T110101,X520201
SH,603848,48,T0404,X230302
SH,603855,55,T070506,X320399
SH,603856,56,T020404,X150302
SH,603858,58,T040503,X2706
SH,603859,59,T1205,X420202
SH,603860,60,T110101,X5204
SH,603861,61,T0706,X300304
SH,603863,63,T0207,X230101
SH,603866,66,T030403,X210502
SH,603867,67,T020401,X120306
SH,603868,68,T0401,X240303
SH,603869,69,T1205,X420202
SH,603871,71,T0902,X610403
SH,603876,76,T020202,X140102
SH,603877,77,T030302,X220204
SH,603878,78,T020103,X130203
SH,603879,79,T020401,X120501
SH,603880,80,T0403,X270303
SH,603881,81,T1205,X420301
SH,603882,82,T0403,X270401
SH,603883,83,T050104,X270502
SH,603885,85,T090103,X610201
SH,603886,86,T030403,X210502
SH,603887,87,T1205,X420301
SH,603888,88,T1206,X430402
SH,603889,89,T030301,X220104
SH,603890,90,T1204,X400201
SH,603893,93,T1203,X400103
SH,603895,95,T070506,X320399
SH,603896,96,T040503,X2706
SH,603897,97,T0706,X300305
SH,603898,98,T0404,X230301
SH,603899,99,T0603,X230401
SH,603900,00,T030302,X220301
SH,603901,01,T070506,X320302
SH,603903,03,T0805,X630202
SH,603906,06,T0706,X300202
SH,603908,08,T030301,X220202
SH,603909,09,T110101,X5204
SH,603912,12,T070506,X320399
SH,603915,15,T070402,X320203
SH,603916,16,T020401,X120499
SH,603917,17,T040202,X260304
SH,603918,18,T1205,X420202
SH,603919,19,T030501,X210205
SH,603920,20,T1204,X400401
SH,603922,22,T040202,X260301
SH,603926,26,T040202,X260302
SH,603927,27,T1205,X420202
SH,603928,28,T020401,X120501
SH,603929,29,T110102,X520304
SH,603931,31,T020401,X4006
SH,603933,33,T1204,X4005
SH,603936,36,T1204,X400401
SH,603937,37,T020202,X140102
SH,603938,38,T020401,X120399
SH,603939,39,T050104,X270502
SH,603948,48,T020401,X120306
SH,603949,49,T040202,X260302
SH,603950,50,T040202,X260302
SH,603955,55,T110101,X520202
SH,603956,56,T070506,X320399
SH,603958,58,T030302,X220202
SH,603959,59,T110101,X520301
SH,603960,60,T040202,X260305
SH,603966,66,T070506,X320301
SH,603967,67,T0902,X610403
SH,603968,68,T020401,X120406
SH,603969,69,T020604,X320204
SH,603970,70,T020402,X120701
SH,603976,76,T0403,X270303
SH,603977,77,T020401,X120403
SH,603978,78,T020205,X140502
SH,603979,79,T020201,X140101
SH,603980,80,T020406,X120404
SH,603982,82,T040202,X260302
SH,603983,83,T0301,X120102
SH,603985,85,T0706,X300502
SH,603986,86,T1203,X400103
SH,603987,87,T0403,X270303
SH,603988,88,T0706,X3001
SH,603989,89,T1204,X400402
SH,603990,90,T1205,X420202
SH,603991,91,T1203,X400101
SH,603992,92,T0404,X230302
SH,603993,93,T020205,X140402
SH,603995,95,T020102,X1303
SH,603997,97,T040202,X260301
SH,603998,98,T040503,X2706
SH,603999,99,T060101,X430602
SH,605001,01,T0703,X3201
SH,605003,03,T030301,X220201
SH,605005,05,T040202,X260305
SH,605006,06,T020603,X150202
SH,605007,07,T0207,X230103
SH,605008,08,T020405,X120603
SH,605009,09,T0207,X230102
SH,605011,11,T0804,X620103
SH,605016,16,T030403,X120406
SH,605018,18,T040202,X260304
SH,605020,20,T020401,X120405
SH,605028,28,T0804,X620103
SH,605033,33,T020402,X120701
SH,605050,50,T0902,X610401
SH,605055,55,T030301,X220102
SH,605056,56,T0708,X320201
SH,605058,58,T1204,X400401
SH,605060,60,T070402,X320203
SH,605066,66,T0706,X300304
SH,605068,68,T040202,X260301
SH,605069,69,T0805,X630204
SH,605077,77,T030403,X210602
SH,605080,80,T0603,X230402
SH,605086,86,T0208,X1208
SH,605088,88,T040202,X260302
SH,605089,89,T030403,X210603
SH,605090,90,T0804,X6202
SH,605098,98,T0603,X6002
SH,605099,99,T0603,X230302
SH,605100,00,T070402,X320203
SH,605108,08,T0604,X600302
SH,605111,11,T1203,X400104
SH,605116,16,T040501,X270102
SH,605117,17,T0706,X300404
SH,605118,18,T1204,X400302
SH,605122,22,T020602,X150102
SH,605123,23,T0701,X3102
SH,605128,28,T040202,X260301
SH,605133,33,T040202,X260302
SH,605136,36,T050105,X250603
SH,605138,38,T030302,X220204
SH,605151,51,T040202,X260301
SH,605155,55,T0404,X230302
SH,605158,58,T020103,X130202
SH,605162,62,T0804,X620103
SH,605166,66,T0203,X120204
SH,605167,67,T110101,X520301
SH,605168,68,T1206,X430201
SH,605169,69,T0804,X6202
SH,605177,77,T040501,X270102
SH,605178,78,T110102,X5205
SH,605179,79,T030401,X210302
SH,605180,80,T030301,X220104
SH,605183,83,T020401,X120602
SH,605186,86,T070506,X320599
SH,605188,88,T050102,X250101
SH,605189,89,T030301,X220102
SH,605196,96,T0706,X300305
SH,605198,98,T030402,X210301
SH,605199,99,T040503,X2706
SH,605208,08,T020202,X140102
SH,605218,18,T1204,X400303
SH,605222,22,T0706,X300305
SH,605228,28,T040202,X260301
SH,605255,55,T040202,X260302
SH,605258,58,T1204,X400401
SH,605259,59,T070505,X320299
SH,605266,66,T050104,X270502
SH,605268,68,T0404,X230302
SH,605277,77,T1204,X400201
SH,605286,86,T0703,X320305
SH,605287,87,T110102,X5205
SH,605288,88,T0706,X320502
SH,605289,89,T110101,X520304
SH,605296,96,T030206,X200201
SH,605298,98,T0703,X3201
SH,605299,99,T0603,X230402
SH,605300,00,T030401,X210302
SH,605303,03,T110101,X520202
SH,605305,05,T0707,X320401
SH,605318,18,T020604,X150306
SH,605319,19,T040202,X260304
SH,605333,33,T040202,X260305
SH,605336,36,T0401,X240401
SH,605337,37,T030401,X210302
SH,605338,38,T030403,X210603
SH,605339,39,T030403,X210502
SH,605358,58,T1203,X400101
SH,605365,65,T0401,X400303
SH,605366,66,T020401,X120407
SH,605368,68,T0804,X6202
SH,605369,69,T0403,X270303
SH,605376,76,T020205,X140302
SH,605377,77,T0207,X230103
SH,605378,78,T0706,X300205
SH,605388,88,T030401,X210302
SH,605389,89,T070402,X320402
SH,605398,98,T1205,X420304
SH,605399,99,T020401,X120407
SH,605488,88,T020404,X120506
SH,605499,99,T030402,X210301
SH,605500,00,T0207,X230101
SH,605507,07,T040501,X270102
SH,605555,55,T0401,X240302
SH,605566,66,T020406,X120404
SH,605567,67,T030403,X210601
SH,605577,77,T060101,X430601
SH,605580,80,T0804,X620103
SH,605588,88,T1204,X400302
SH,605589,89,T020401,X120501
SH,605598,98,T110101,X520304
SH,605599,99,T030302,X220301
SH,688001,01,T070506,X320399
SH,688002,02,T1202,X3105
SH,688003,03,T070506,X320399
SH,688004,04,T1205,X420202
SH,688005,05,T0706,X300202
SH,688006,06,T0706,X300203
SH,688007,07,T1204,X400202
SH,688008,08,T1203,X400103
SH,688009,09,T0703,X3201
SH,688010,10,T1204,X400302
SH,688011,11,T1204,X3105
SH,688012,12,T1203,X400102
SH,688013,13,T0403,X270303
SH,688015,15,T0703,X3201
SH,688016,16,T0403,X270303
SH,688017,17,T070402,X320501
SH,688018,18,T1203,X400103
SH,688019,19,T1203,X4006
SH,688020,20,T1204,X400401
SH,688021,21,T040202,X260304
SH,688022,22,T070506,X320399
SH,688023,23,T1205,X420201
SH,688025,25,T070506,X320503
SH,688026,26,T0403,X270303
SH,688027,27,T1202,X410104
SH,688028,28,T070402,X320203
SH,688029,29,T0403,X270303
SH,688030,30,T1205,X420201
SH,688031,31,T1205,X420202
SH,688032,32,T0706,X300404
SH,688033,33,T0706,X300406
SH,688035,35,T1203,X4006
SH,688036,36,T1202,X400202
SH,688037,37,T1203,X400102
SH,688038,38,T1205,X420201
SH,688039,39,T1205,X420202
SH,688041,41,T1203,X400103
SH,688045,45,T1203,X400103
SH,688046,46,T040502,X270402
SH,688047,47,T1203,X400103
SH,688048,48,T1203,X400105
SH,688049,49,T1203,X400103
SH,688050,50,T0403,X270303
SH,688051,51,T1205,X420202
SH,688052,52,T1203,X400103
SH,688053,53,T1204,X600602
SH,688055,55,T1204,X400301
SH,688056,56,T0708,X320201
SH,688057,57,T0805,X630202
SH,688058,58,T1205,X420201
SH,688059,59,T070402,X320204
SH,688060,60,T1201,X420102
SH,688061,61,T1203,X400103
SH,688062,62,T040502,X270206
SH,688063,63,T0706,X300201
SH,688065,65,T020401,X120306
SH,688066,66,T1205,X420202
SH,688067,67,T0403,X270304
SH,688068,68,T0403,X270204
SH,688069,69,T0805,X630204
SH,688070,70,T0701,X3102
SH,688071,71,T070506,X320399
SH,688072,72,T1203,X400102
SH,688073,73,T040501,X270402
SH,688075,75,T0403,X270204
SH,688076,76,T040502,X270402
SH,688077,77,T0208,X140501
SH,688078,78,T1205,X420202
SH,688079,79,T1204,X400302
SH,688080,80,T1202,X410105
SH,688081,81,T1205,X3105
SH,688082,82,T1203,X400102
SH,688083,83,T1205,X420202
SH,688084,84,T070506,X3101
SH,688085,85,T0403,X270303
SH,688087,87,T0805,X630203
SH,688088,88,T1205,X420203
SH,688089,89,T030403,X120406
SH,688090,90,T070506,X320501
SH,688091,91,T040501,X270101
SH,688092,92,T070506,X320399
SH,688093,93,T020401,X4005
SH,688095,95,T1205,X420201
SH,688096,96,T0805,X630202
SH,688097,97,T070506,X320502
SH,688098,98,T030206,X2007
SH,688099,99,T1203,X400103
SH,688100,00,T1202,X410104
SH,688101,01,T0805,X630202
SH,688102,02,T020201,X140101
SH,688103,03,T1204,X4005
SH,688105,05,T040502,X270206
SH,688106,06,T020401,X4006
SH,688107,07,T1203,X400103
SH,688108,08,T0403,X270303
SH,688109,09,T1205,X420202
SH,688110,10,T1203,X400103
SH,688111,11,T1205,X420303
SH,688112,12,T0708,X320201
SH,688113,13,T070506,X320399
SH,688114,14,T0403,X270302
SH,688115,15,T0708,X320201
SH,688116,16,T020401,X300202
SH,688117,17,T040502,X270206
SH,688118,18,T1205,X420302
SH,688119,19,T020604,X150303
SH,688120,20,T1203,X400102
SH,688121,21,T070506,X320301
SH,688122,22,T020205,X140403
SH,688123,23,T1203,X400103
SH,688125,25,T070506,X320399
SH,688126,26,T1203,X400101
SH,688127,27,T1204,X400302
SH,688128,28,T070506,X320399
SH,688129,29,T020406,X120402
SH,688130,30,T1203,X400103
SH,688131,31,T040501,X270402
SH,688132,32,T1202,X3105
SH,688133,33,T020401,X120499
SH,688135,35,T1203,X400106
SH,688136,36,T040502,X270205
SH,688137,37,T040502,X270206
SH,688138,38,T1203,X400101
SH,688139,39,T0403,X270302
SH,688141,41,T1203,X400103
SH,688143,43,T1202,X410101
SH,688146,46,T1203,X4006
SH,688147,47,T070506,X300406
SH,688148,48,T0706,X300202
SH,688150,50,T1204,X4006
SH,688151,51,T0403,X270303
SH,688152,52,T1205,X420201
SH,688153,53,T1203,X400103
SH,688155,55,T0706,X300203
SH,688156,56,T030204,X200501
SH,688157,57,T020406,X120402
SH,688158,58,T1205,X420301
SH,688159,59,T1202,X410104
SH,688160,60,T0708,X320502
SH,688161,61,T0403,X270303
SH,688162,62,T070506,X320399
SH,688163,63,T040502,X270206
SH,688165,65,T070506,X320501
SH,688166,66,T040501,X270102
SH,688167,67,T1204,X400302
SH,688168,68,T1205,X420201
SH,688169,69,T0401,X240302
SH,688170,70,T070506,X320503
SH,688171,71,T1205,X420202
SH,688172,72,T1203,X400104
SH,688173,73,T1203,X400103
SH,688175,75,T1202,X410105
SH,688176,76,T040501,X270206
SH,688177,77,T040502,X270206
SH,688178,78,T0805,X630202
SH,688179,79,T040501,X120499
SH,688180,80,T040502,X270203
SH,688181,81,T1204,X400302
SH,688182,82,T1202,X410102
SH,688183,83,T1204,X400401
SH,688184,84,T0706,X300202
SH,688185,85,T040502,X270202
SH,688186,86,T020102,X300502
SH,688187,87,T0703,X3201
SH,688188,88,T070506,X320502
SH,688189,89,T040501,X270101
SH,688190,90,T0208,X140501
SH,688191,91,T1205,X300302
SH,688192,92,T040502,X270206
SH,688193,93,T0403,X270204
SH,688195,95,T1204,X400302
SH,688196,96,T0805,X630203
SH,688197,97,T040501,X270101
SH,688198,98,T0403,X270303
SH,688199,99,T020401,X120505
SH,688200,00,T1203,X400102
SH,688201,01,T1205,X420201
SH,688202,02,T0403,X270402
SH,688203,03,T020404,X120503
SH,688205,05,T1202,X410102
SH,688206,06,T1203,X400103
SH,688207,07,T1205,X420203
SH,688208,08,T1201,X420102
SH,688209,09,T1203,X400103
SH,688210,10,T1204,X400201
SH,688211,11,T070506,X320399
SH,688212,12,T0403,X270302
SH,688213,13,T1203,X400103
SH,688215,15,T070506,X320399
SH,688216,16,T1203,X400106
SH,688217,17,T0403,X270204
SH,688218,18,T070506,X320501
SH,688219,19,T020404,X120503
SH,688220,20,T1203,X400103
SH,688221,21,T040502,X270206
SH,688222,22,T040501,X270402
SH,688223,23,T0706,X300403
SH,688225,25,T1205,X420202
SH,688226,26,T0706,X300305
SH,688227,27,T1205,X420302
SH,688228,28,T1205,X420202
SH,688229,29,T1205,X420202
SH,688230,30,T1203,X400104
SH,688231,31,T0701,X3103
SH,688232,32,T1205,X420202
SH,688233,33,T1203,X400101
SH,688234,34,T1203,X400101
SH,688235,35,T040502,X270206
SH,688236,36,T0403,X270303
SH,688237,37,T0701,X3102
SH,688238,38,T0403,X270402
SH,688239,39,T0701,X3102
SH,688244,44,T1205,X420202
SH,688246,46,T1205,X420202
SH,688247,47,T040501,X270101
SH,688248,48,T0706,X300302
SH,688249,49,T1203,X400105
SH,688251,51,T070506,X320299
SH,688252,52,T1203,X400103
SH,688253,53,T0403,X270304
SH,688255,55,T070402,X320501
SH,688256,56,T1203,X400103
SH,688257,57,T070402,X320204
SH,688258,58,T1205,X420403
SH,688259,59,T1203,X400103
SH,688260,60,T1204,X400201
SH,688261,61,T1203,X400104
SH,688262,62,T1203,X400103
SH,688265,65,T0403,X270402
SH,688266,66,T040502,X270206
SH,688267,67,T020401,X120499
SH,688268,68,T020401,X4006
SH,688269,69,T020401,X120499
SH,688270,70,T1203,X400103
SH,688271,71,T0403,X270302
SH,688272,72,T1204,X3105
SH,688273,73,T0403,X270302
SH,688275,75,T0706,X300202
SH,688276,76,T040502,X270202
SH,688277,77,T0403,X270302
SH,688278,78,T040502,X270206
SH,688279,79,T1203,X400103
SH,688280,80,T040202,X260302
SH,688281,81,T0701,X3102
SH,688282,82,T1202,X3105
SH,688283,83,T0708,X320201
SH,688285,85,T0703,X3201
SH,688286,86,T1203,X400103
SH,688288,88,T1201,X420102
SH,688289,89,T0403,X270204
SH,688290,90,T070506,X320501
SH,688291,91,T1205,X420202
SH,688292,92,T1202,X410105
SH,688293,93,T040502,X270402
SH,688295,95,T0203,X120205
SH,688296,96,T1205,X420202
SH,688297,97,T0701,X3102
SH,688298,98,T0403,X270204
SH,688299,99,T1204,X400302
SH,688300,00,T0208,X1208
SH,688301,01,T0403,X270302
SH,688302,02,T040502,X270206
SH,688303,03,T0706,X300401
SH,688305,05,T070401,X320202
SH,688306,06,T070506,X320399
SH,688307,07,T1204,X400302
SH,688308,08,T070402,X320204
SH,688309,09,T0805,X6301
SH,688310,10,T0403,X270305
SH,688311,11,T1204,X3105
SH,688312,12,T070506,X320399
SH,688313,13,T1202,X410102
SH,688314,14,T0403,X270303
SH,688315,15,T0403,X270401
SH,688316,16,T1205,X420301
SH,688317,17,T0403,X270204
SH,688318,18,T1205,X420202
SH,688319,19,T040502,X270202
SH,688320,20,T0708,X320502
SH,688321,21,T040501,X270101
SH,688322,22,T1204,X400302
SH,688323,23,T020404,X120502
SH,688325,25,T1203,X400103
SH,688326,26,T040202,X260305
SH,688327,27,T1205,X420202
SH,688328,28,T070506,X320399
SH,688329,29,T070506,X320599
SH,688330,30,T0706,X300302
SH,688331,31,T040502,X270203
SH,688332,32,T1203,X400103
SH,688333,33,T070402,X320299
SH,688334,34,T0706,X600602
SH,688335,35,T0805,X6301
SH,688336,36,T040502,X270203
SH,688337,37,T0708,X320201
SH,688338,38,T0403,X270204
SH,688339,39,T040202,X300204
SH,688343,43,T1205,X420202
SH,688345,45,T0706,X300201
SH,688347,47,T1203,X400105
SH,688348,48,T0706,X300404
SH,688349,49,T0706,X300501
SH,688350,50,T020401,X120499
SH,688351,51,T0403,X270303
SH,688352,52,T1203,X400106
SH,688353,53,T020401,X300202
SH,688355,55,T070402,X320204
SH,688356,56,T040501,X270102
SH,688357,57,T020401,X1208
SH,688358,58,T0403,X270302
SH,688359,59,T020401,X4006
SH,688360,60,T070402,X320399
SH,688361,61,T1203,X400102
SH,688362,62,T1203,X400106
SH,688363,63,T0403,X270701
SH,688365,65,T1205,X420303
SH,688366,66,T0403,X270303
SH,688367,67,T0703,X3201
SH,688368,68,T1203,X400103
SH,688369,69,T1205,X420202
SH,688370,70,T0805,X630203
SH,688371,71,T1204,X4006
SH,688372,72,T1203,X400106
SH,688373,73,T040501,X270101
SH,688375,75,T1204,X3105
SH,688376,76,T070506,X6301
SH,688377,77,T070506,X320301
SH,688378,78,T070506,X320399
SH,688379,79,T070402,X320204
SH,688380,80,T1203,X400103
SH,688381,81,T1203,X400103
SH,688382,82,T040502,X270206
SH,688383,83,T070506,X320399
SH,688385,85,T1203,X400103
SH,688386,86,T020401,X120502
SH,688387,87,T1202,X410103
SH,688388,88,T0706,X300201
SH,688389,89,T0403,X270304
SH,688390,90,T0706,X300404
SH,688391,91,T1203,X400103
SH,688392,92,T070506,X320399
SH,688393,93,T0403,X270204
SH,688395,95,T070402,X320502
SH,688396,96,T1203,X400104
SH,688398,98,T0208,X1208
SH,688399,99,T0403,X270204
SH,688400,00,T070506,X320399
SH,688401,01,T1203,X400101
SH,688403,03,T1203,X400106
SH,688408,08,T0706,X300405
SH,688409,09,T1203,X400102
SH,688410,10,T0403,X270302
SH,688411,11,T0706,X300205
SH,688416,16,T1203,X400103
SH,688418,18,T1202,X410105
SH,688419,19,T1203,X400102
SH,688420,20,T070506,X320399
SH,688425,25,T0707,X320401
SH,688426,26,T040502,X270204
SH,688428,28,T040502,X270206
SH,688429,29,T0706,X300403
SH,688432,32,T1203,X400101
SH,688433,33,T070506,X320399
SH,688435,35,T1205,X420202
SH,688439,39,T1204,X3105
SH,688443,43,T040502,X270206
SH,688448,48,T070506,X320399
SH,688449,49,T1203,X400103
SH,688450,50,T0708,X320201
SH,688455,55,T070402,X320299
SH,688456,56,T020201,X140101
SH,688458,58,T1203,X400103
SH,688459,59,T0703,X3201
SH,688466,66,T0805,X630202
SH,688468,68,T0403,X270204
SH,688469,69,T1203,X400105
SH,688472,72,T0706,X300403
SH,688475,75,T1201,X400202
SH,688478,78,T1203,X400102
SH,688479,79,T1205,X420202
SH,688480,80,T0805,X630202
SH,688484,84,T1203,X400103
SH,688485,85,T0703,X3201
SH,688486,86,T1203,X400103
SH,688488,88,T040502,X270206
SH,688489,89,T1201,X420101
SH,688496,96,T1204,X400301
SH,688498,98,T1203,X400103
SH,688499,99,T070506,X300203
SH,688500,00,T1206,X420202
SH,688501,01,T0805,X6301
SH,688502,02,T1204,X400302
SH,688503,03,T0706,X300405
SH,688505,05,T040501,X270101
SH,688506,06,T040501,X270101
SH,688507,07,T1205,X420202
SH,688508,08,T1203,X400103
SH,688509,09,T1205,X420202
SH,688510,10,T0701,X3102
SH,688511,11,T1204,X3105
SH,688512,12,T1203,X400103
SH,688513,13,T040501,X270101
SH,688515,15,T1203,X400103
SH,688516,16,T070506,X300406
SH,688517,17,T0706,X300304
SH,688518,18,T070506,X320503
SH,688519,19,T1204,X400401
SH,688520,20,T040502,X270203
SH,688521,21,T1203,X400103
SH,688522,22,T1202,X3105
SH,688523,23,T0701,X3103
SH,688525,25,T1203,X400103
SH,688526,26,T030206,X2007
SH,688528,28,T0708,X320201
SH,688529,29,T070506,X320399
SH,688530,30,T1203,X400101
SH,688531,31,T070506,X320399
SH,688533,33,T040202,X260305
SH,688535,35,T1203,X400101
SH,688536,36,T1203,X400103
SH,688538,38,T1203,X400301
SH,688539,39,T0708,X320201
SH,688543,43,T070506,X3101
SH,688545,45,T1204,X4006
SH,688548,48,T020401,X4006
SH,688549,49,T1204,X4006
SH,688550,50,T020401,X4006
SH,688551,51,T070506,X3006
SH,688552,52,T1202,X3105
SH,688553,53,T040501,X270101
SH,688556,56,T070506,X300406
SH,688557,57,T070506,X320399
SH,688558,58,T070401,X320202
SH,688559,59,T070506,X320503
SH,688560,60,T0706,X300405
SH,688561,61,T1205,X420201
SH,688562,62,T1205,X420202
SH,688563,63,T0701,X3102
SH,688565,65,T0805,X630202
SH,688566,66,T040501,X270101
SH,688567,67,T0706,X300201
SH,688568,68,T1205,X420302
SH,688569,69,T0703,X3201
SH,688570,70,T070506,X320502
SH,688571,71,T020406,X120402
SH,688573,73,T070506,X300203
SH,688575,75,T0403,X270204
SH,688576,76,T0403,X270302
SH,688577,77,T070401,X320202
SH,688578,78,T040501,X270203
SH,688579,79,T1205,X420202
SH,688580,80,T0403,X270302
SH,688581,81,T0403,X270302
SH,688582,82,T1204,X400402
SH,688583,83,T0708,X320201
SH,688584,84,T1203,X400101
SH,688585,85,T020401,X120501
SH,688586,86,T0701,X3102
SH,688588,88,T1205,X420202
SH,688589,89,T1203,X400103
SH,688590,90,T1205,X420304
SH,688591,91,T1203,X400103
SH,688592,92,T1202,X410104
SH,688593,93,T1203,X400103
SH,688595,95,T1203,X400103
SH,688596,96,T070506,X400102
SH,688597,97,T0708,X300301
SH,688598,98,T0208,X300405
SH,688599,99,T0706,X300403
SH,688600,00,T0708,X320201
SH,688601,01,T1203,X400103
SH,688602,02,T020401,X120499
SH,688603,03,T020401,X4006
SH,688605,05,T1203,X400102
SH,688606,06,T0403,X270204
SH,688607,07,T0403,X270302
SH,688608,08,T1203,X400103
SH,688609,09,T0401,X240202
SH,688610,10,T0708,X320201
SH,688611,11,T0706,X300302
SH,688612,12,T040202,X260305
SH,688613,13,T0403,X270303
SH,688615,15,T1205,X420202
SH,688616,16,T0708,X300301
SH,688617,17,T0403,X270303
SH,688618,18,T1202,X410105
SH,688619,19,T1205,X420101
SH,688620,20,T1203,X400103
SH,688621,21,T0403,X270402
SH,688622,22,T0708,X320201
SH,688623,23,T070506,X320599
SH,688625,25,T020401,X120505
SH,688626,26,T0403,X270302
SH,688627,27,T070506,X320399
SH,688628,28,T0708,X320201
SH,688629,29,T1204,X3105
SH,688630,30,T070506,X320399
SH,688631,31,T1205,X420202
SH,688633,33,T070506,X320301
SH,688635,35,T1202,X410105
SH,688636,36,T1204,X3105
SH,688638,38,T070506,X300203
SH,688639,39,T040501,X120406
SH,688646,46,T070506,X320503
SH,688648,48,T070401,X320399
SH,688651,51,T1205,X420202
SH,688652,52,T1203,X400102
SH,688653,53,T1203,X400103
SH,688655,55,T1204,X400401
SH,688656,56,T0403,X270204
SH,688657,57,T1205,X420202
SH,688658,58,T040501,X270101
SH,688659,59,T0805,X6301
SH,688660,60,T0706,X300501
SH,688661,61,T1204,X400201
SH,688662,62,T1204,X4005
SH,688663,63,T0706,X300302
SH,688665,65,T0708,X320201
SH,688667,67,T040202,X260305
SH,688668,68,T1202,X410102
SH,688669,69,T020401,X120503
SH,688670,70,T040502,X270202
SH,688671,71,T0805,X6303
SH,688676,76,T0706,X300303
SH,688677,77,T0403,X270302
SH,688678,78,T1204,X400201
SH,688679,79,T0805,X630203
SH,688680,80,T020404,X300405
SH,688681,81,T0706,X300302
SH,688682,82,T1205,X3105
SH,688683,83,T1204,X4006
SH,688685,85,T0701,X3102
SH,688686,86,T0708,X320502
SH,688687,87,T040502,X270205
SH,688688,88,T00,X420403
SH,688689,89,T1203,X400104
SH,688690,90,T020401,X120499
SH,688691,91,T1203,X400105
SH,688692,92,T1205,X420201
SH,688693,93,T1203,X400104
SH,688695,95,T1205,X420201
SH,688696,96,T0401,X240201
SH,688697,97,T070401,X320202
SH,688698,98,T0706,X320502
SH,688699,99,T1203,X400103
SH,688700,00,T070506,X320399
SH,688701,01,T0805,X630204
SH,688702,02,T1203,X400103
SH,688707,07,T0706,X300202
SH,688708,08,T020401,X3102
SH,688709,09,T1203,X400103
SH,688710,10,T040502,X270402
SH,688711,11,T1203,X400104
SH,688712,12,T0403,X270302
SH,688716,16,T020401,X120501
SH,688717,17,T0706,X300404
SH,688718,18,T020404,X120506
SH,688719,19,T0706,X3006
SH,688720,20,T1203,X400101
SH,688721,21,T1203,X400101
SH,688722,22,T0203,X120299
SH,688726,26,T070506,X300406
SH,688727,27,T1203,X400101
SH,688728,28,T1203,X400103
SH,688729,29,T1203,X400102
SH,688733,33,T0208,X300202
SH,688737,37,T040202,X260304
SH,688739,39,T040502,X270202
SH,688750,50,T020205,X140403
SH,688755,55,T070506,X320399
SH,688757,57,T0708,X600602
SH,688758,58,T020401,X120399
SH,688759,59,T040502,X270206
SH,688765,65,T040502,X270201
SH,688766,66,T1203,X400103
SH,688767,67,T0403,X270204
SH,688768,68,T0708,X320201
SH,688772,72,T0706,X300201
SH,688775,75,T1201,X400202
SH,688776,76,T1204,X3105
SH,688777,77,T070506,X320502
SH,688778,78,T0706,X300202
SH,688779,79,T0706,X300202
SH,688781,81,T1204,X400301
SH,688783,83,T1203,X400101
SH,688785,85,T1203,X400102
SH,688786,86,T020205,X140502
SH,688787,87,T1205,X420203
SH,688788,88,T1202,X3105
SH,688789,89,T070506,X320302
SH,688790,90,T1203,X400103
SH,688793,93,T0401,X240303
SH,688795,95,T1203,X400103
SH,688796,96,T040502,X270402
SH,688797,97,T1203,X400101
SH,688798,98,T1203,X400103
SH,688799,99,T040501,X270101
SH,688800,00,T1204,X4005
SH,688801,01,T1203,X400103
SH,688802,02,T1203,X400103
SH,688805,05,T0403,X270302
SH,688806,06,T040502,X270206
SH,688807,07,T1203,X400103
SH,688808,08,T0708,X320201
SH,688809,09,T1203,X400101
SH,688811,11,T020205,X140502
SH,688813,13,T070506,X320399
SH,688816,16,T070506,X320599
SH,688818,18,T0701,X3103
SH,688819,19,T0706,X300205
SH,688820,20,T1203,X400103
SH,688825,25,T1203,X400103
SH,688826,26,T1204,X400302
SH,688828,28,T0708,X320201
SH,688835,35,T070506,X320399
SH,688836,36,T070506,X320501
SH,688837,37,T040502,X270206
SH,688981,81,T1203,X400105
SH,689009,09,T040204,X260502
BJ,874774,74,T0706,X300304
SH,900901,01,,
SH,900902,02,,
SH,900903,03,,
SH,900904,04,,
SH,900905,05,,
SH,900906,06,,
SH,900908,08,,
SH,900909,09,,
SH,900910,10,,
SH,900911,11,,
SH,900912,12,,
SH,900913,13,,
SH,900914,14,,
SH,900915,15,,
SH,900916,16,,
SH,900917,17,,
SH,900918,18,,
SH,900920,20,,
SH,900921,21,,
SH,900922,22,,
SH,900923,23,,
SH,900924,24,,
SH,900925,25,,
SH,900926,26,,
SH,900927,27,,
SH,900928,28,,
SH,900929,29,,
SH,900932,32,,
SH,900934,34,,
SH,900936,36,,
SH,900937,37,,
SH,900938,38,,
SH,900939,39,,
SH,900940,40,,
SH,900941,41,,
SH,900942,42,,
SH,900943,43,,
SH,900945,45,,
SH,900946,46,,
SH,900947,47,,
SH,900948,48,,
BJ,920000,00,T040202,X260302
BJ,920001,01,T1204,X400302
BJ,920002,02,T0707,X320402
BJ,920003,03,T110101,X5204
BJ,920005,05,T1204,X400201
BJ,920006,06,T0701,X3102
BJ,920007,07,T0706,X300405
BJ,920008,08,T1202,X3105
BJ,920009,09,T0403,X270304
BJ,920010,10,T0804,X6202
BJ,920011,11,T0706,X3001
BJ,920012,12,T1204,X4005
BJ,920014,14,T070506,X320399
BJ,920015,15,T020401,X120499
BJ,920016,16,T0301,X120406
BJ,920017,17,T040501,X270101
BJ,920018,18,T0706,X300305
BJ,920019,19,T110101,X520304
BJ,920020,20,T040202,X260303
BJ,920021,21,T060102,X4307
BJ,920022,22,T040202,X260302
BJ,920023,23,T030403,X200602
BJ,920025,25,T070506,X320399
BJ,920026,26,T070402,X320399
BJ,920027,27,T0703,X3201
BJ,920028,28,T020404,X120506
BJ,920029,29,T0708,X320201
BJ,920030,30,T040203,X260401
BJ,920033,33,T020401,X120499
BJ,920035,35,T070506,X320599
BJ,920036,36,T1201,X400202
BJ,920037,37,T0706,X300305
BJ,920038,38,T020401,X120499
BJ,920039,39,T110101,X600604
BJ,920045,45,T1202,X410105
BJ,920046,46,T0706,X300303
BJ,920047,47,T040502,X270205
BJ,920050,50,T0403,X270303
BJ,920055,55,T040202,X260304
BJ,920056,56,T020404,X120506
BJ,920057,57,T020103,X520302
BJ,920058,58,T040204,X260501
BJ,920059,59,T040202,X260301
BJ,920060,60,T1204,X400401
BJ,920061,61,T070506,X320399
BJ,920062,62,T0706,X300303
BJ,920065,65,T1206,X250602
BJ,920066,66,T020404,X120506
BJ,920068,68,T020205,X140403
BJ,920069,69,T0403,X270303
BJ,920071,71,T020205,X140502
BJ,920072,72,T0403,X270302
BJ,920075,75,T0602,X230204
BJ,920076,76,T020604,X150303
BJ,920077,77,T0203,X120205
BJ,920078,78,T020205,X140502
BJ,920079,79,T040202,X260301
BJ,920080,80,T070506,X320399
BJ,920081,81,T0401,X240302
BJ,920082,82,T070402,X320204
BJ,920083,83,T0208,X1208
BJ,920086,86,T040202,X260302
BJ,920087,87,T030201,X200103
BJ,920088,88,T010301,X110201
BJ,920089,89,T020404,X120503
BJ,920090,90,T1201,X420102
BJ,920091,91,T070506,X320399
BJ,920092,92,T1205,X420202
BJ,920093,93,T070504,X320303
BJ,920096,96,T0708,X320502
BJ,920098,98,T020405,X120603
BJ,920099,99,T010302,X520304
BJ,920100,00,T0706,X3001
BJ,920101,01,T070506,X320399
BJ,920106,06,T040202,X260302
BJ,920107,07,T020406,X120402
BJ,920108,08,T0401,X2406
BJ,920110,10,T0706,X3006
BJ,920111,11,T0706,X300304
BJ,920112,12,T070506,X320399
BJ,920116,16,T1205,X3105
BJ,920117,17,T070506,X320299
BJ,920118,18,T020404,X120506
BJ,920119,19,T070506,X300203
BJ,920121,21,T0602,X230201
BJ,920122,22,T1301,X600602
BJ,920123,23,T0301,X120102
BJ,920124,24,T070402,X320206
BJ,920125,25,T070506,X320599
BJ,920126,26,T070506,X320204
BJ,920128,28,T1204,X4005
BJ,920130,30,T1205,X420202
BJ,920132,32,T0404,X230302
BJ,920136,36,T040202,X260302
BJ,920138,38,T1205,X400103
BJ,920139,39,T1203,X400106
BJ,920145,45,T0805,X6301
BJ,920146,46,T040202,X260302
BJ,920149,49,T110101,X520304
BJ,920152,52,T020205,X140502
BJ,920156,56,T070506,X320599
BJ,920157,57,T1202,X410105
BJ,920158,58,T070506,X320301
BJ,920159,59,T020402,X120705
BJ,920160,60,T0708,X600602
BJ,920161,61,T1204,X4005
BJ,920163,63,T020404,X230205
BJ,920165,65,T0301,X120102
BJ,920166,66,T0403,X270303
BJ,920167,67,T020205,X300405
BJ,920168,68,T040202,X260301
BJ,920169,69,T070402,X320203
BJ,920171,71,T1205,X420202
BJ,920174,74,T0707,X320401
BJ,920175,75,T020401,X1208
BJ,920176,76,T020401,X120102
BJ,920177,77,T070506,X320399
BJ,920178,78,T070506,X320599
BJ,920179,79,T0208,X1208
BJ,920180,80,T0403,X270303
BJ,920181,81,T1204,X400101
BJ,920183,83,T1201,X400202
BJ,920184,84,T1205,X420202
BJ,920185,85,T020401,X300202
BJ,920186,86,T070402,X320299
BJ,920187,87,T040202,X260301
BJ,920188,88,T020405,X120603
BJ,920189,89,T020401,X4006
BJ,920190,90,T1201,X420102
BJ,920191,91,T020604,X150303
BJ,920193,93,T020401,X120499
BJ,920195,95,T040202,X260302
BJ,920198,98,T1201,X420101
BJ,920199,99,T0401,X240303
BJ,920200,00,T0706,X300502
BJ,920201,01,T0403,X270303
BJ,920202,02,T040202,X260301
BJ,920204,04,T020404,X230203
BJ,920206,06,T020406,X120404
BJ,920207,07,T1205,X420202
BJ,920208,08,T110101,X5204
BJ,920211,11,T070506,X320599
BJ,920212,12,T1204,X400201
BJ,920218,18,T020404,X120506
BJ,920220,20,T040202,X260302
BJ,920221,21,T040202,X260304
BJ,920222,22,T0706,X300305
BJ,920223,23,T070402,X320203
BJ,920225,25,T020405,X120603
BJ,920227,27,T1205,X420303
BJ,920229,29,T070506,X320399
BJ,920230,30,T040502,X270206
BJ,920237,37,T0706,X300201
BJ,920238,38,T070402,X320204
BJ,920239,39,T0706,X300201
BJ,920242,42,T040202,X260302
BJ,920245,45,T070402,X320402
BJ,920247,47,T020405,X120603
BJ,920249,49,T1204,X4005
BJ,920252,52,T0706,X300201
BJ,920258,58,T020401,X120399
BJ,920260,60,T070506,X320399
BJ,920261,61,T020401,X120401
BJ,920262,62,T030301,X220201
BJ,920263,63,T0805,X630201
BJ,920266,66,T040503,X2706
BJ,920267,67,T1204,X4005
BJ,920268,68,T0403,X270303
BJ,920269,69,T040202,X260302
BJ,920270,70,T040202,X260301
BJ,920271,71,T040202,X260304
BJ,920273,73,T030403,X210605
BJ,920274,74,T0602,X230203
BJ,920275,75,T030206,X2007
BJ,920278,78,T0403,X270301
BJ,920284,84,T070506,X320399
BJ,920288,88,T0207,X230103
BJ,920289,89,T070506,X320599
BJ,920298,98,T070402,X320299
BJ,920299,99,T0706,X300302
BJ,920300,00,T0403,X270302
BJ,920304,04,T020401,X120399
BJ,920339,39,T0401,X400303
BJ,920344,44,T040502,X270205
BJ,920346,46,T1204,X400201
BJ,920351,51,T0902,X610401
BJ,920357,57,T1204,X400401
BJ,920363,63,T0708,X320201
BJ,920367,67,T040501,X270102
BJ,920368,68,T070506,X300406
BJ,920370,70,T0805,X630203
BJ,920371,71,T030403,X210605
BJ,920374,74,T1202,X410104
BJ,920375,75,T0706,X300302
BJ,920378,78,T040202,X260304
BJ,920392,92,T0602,X230204
BJ,920394,94,T0207,X230103
BJ,920395,95,T1201,X420101
BJ,920396,96,T0708,X320502
BJ,920402,02,T020401,X120399
BJ,920403,03,T030201,X200103
BJ,920405,05,T0708,X320502
BJ,920407,07,T0708,X320201
BJ,920414,14,T0708,X300406
BJ,920415,15,T1205,X420202
BJ,920418,18,T040202,X260302
BJ,920419,19,T030204,X200503
BJ,920422,22,T030403,X2104
BJ,920425,25,T070506,X320502
BJ,920427,27,T110101,X5204
BJ,920429,29,T030403,X210605
BJ,920433,33,T040503,X2706
BJ,920436,36,T040202,X260305
BJ,920438,38,T1204,X400302
BJ,920445,45,T0404,X230302
BJ,920454,54,T040202,X260302
BJ,920455,55,T070506,X320299
BJ,920469,69,T020404,X120503
BJ,920471,71,T020401,X120306
BJ,920475,75,T070506,X320301
BJ,920476,76,T0708,X320201
BJ,920478,78,T040501,X270102
BJ,920489,89,T020401,X120505
BJ,920491,91,T1204,X400402
BJ,920493,93,T1205,X420303
BJ,920496,96,T0706,X300303
BJ,920504,04,T0403,X270305
BJ,920505,05,T070402,X320203
BJ,920508,08,T0706,X300302
BJ,920509,09,T0708,X320201
BJ,920510,10,T070402,X320204
BJ,920519,19,T020401,X120499
BJ,920522,22,T070506,X300203
BJ,920523,23,T0706,X300201
BJ,920526,26,T020401,X4006
BJ,920527,27,T030301,X220103
BJ,920533,33,T040202,X260301
BJ,920541,41,T0703,X3201
BJ,920547,47,T040501,X270102
BJ,920553,53,T070506,X320302
BJ,920556,56,T0708,X300301
BJ,920564,64,T1205,X420202
BJ,920566,66,T040501,X270101
BJ,920570,70,T070402,X320203
BJ,920571,71,T090102,X610302
BJ,920575,75,T040502,X270202
BJ,920576,76,T020205,X140502
BJ,920578,78,T070506,X320501
BJ,920579,79,T070402,X320299
BJ,920580,80,T020604,X150303
BJ,920592,92,T1205,X420202
BJ,920593,93,T070402,X320502
BJ,920599,99,T0707,X320401
BJ,920608,08,T070402,X320203
BJ,920627,27,T0706,X300204
BJ,920634,34,T020203,X140103
BJ,920639,39,T0706,X300305
BJ,920640,40,T1202,X410102
BJ,920641,41,T1204,X400303
BJ,920642,42,T0701,X3102
BJ,920651,51,T0708,X320201
BJ,920656,56,T040501,X270102
BJ,920662,62,T070402,X320299
BJ,920663,63,T040202,X260304
BJ,920665,65,T020405,X120603
BJ,920670,70,T1205,X420202
BJ,920675,75,T0208,X1208
BJ,920679,79,T070402,X320299
BJ,920682,82,T0706,X300305
BJ,920685,85,T0708,X320201
BJ,920689,89,T070506,X320399
BJ,920690,90,T040202,X260301
BJ,920693,93,T070402,X320204
BJ,920694,94,T020404,X120506
BJ,920699,99,T0401,X2406
BJ,920701,01,T1204,X400201
BJ,920703,03,T070506,X320399
BJ,920706,06,T0707,X320401
BJ,920717,17,T070506,X320399
BJ,920718,18,T0401,X2406
BJ,920719,19,T020401,X1208
BJ,920720,20,T070402,X320204
BJ,920725,25,T0208,X1208
BJ,920726,26,T030403,X2104
BJ,920729,29,T030206,X2007
BJ,920735,35,T040501,X270101
BJ,920748,48,T1205,X420202
BJ,920751,51,T020205,X140502
BJ,920753,53,T030301,X600602
BJ,920765,65,T0404,X230302
BJ,920768,68,T0401,X2406
BJ,920770,70,T0706,X300403
BJ,920779,79,T0708,X320201
BJ,920781,81,T070506,X320301
BJ,920786,86,T030401,X210302
BJ,920790,90,T1205,X420202
BJ,920792,92,T020604,X150303
BJ,920799,99,T1205,X420202
BJ,920802,02,T0805,X6301
BJ,920806,06,T1205,X420202
BJ,920807,07,T070402,X320207
BJ,920808,08,T1201,X420102
BJ,920809,09,T0706,X300202
BJ,920810,10,T070506,X320302
BJ,920819,19,T020402,X120701
BJ,920821,21,T1204,X400401
BJ,920826,26,T030403,X210603
BJ,920832,32,T020401,X1208
BJ,920833,33,T040202,X260302
BJ,920834,34,T020404,X120506
BJ,920837,37,T040202,X260304
BJ,920839,39,T0707,X320402
BJ,920855,55,T070401,X320299
BJ,920856,56,T070506,X320399
BJ,920857,57,T1204,X400201
BJ,920866,66,T020402,X120701
BJ,920870,70,T070401,X320202
BJ,920871,71,T020404,X120503
BJ,920873,73,T110101,X5204
BJ,920876,76,T1204,X400201
BJ,920879,79,T0708,X320201
BJ,920885,85,T0708,X320502
BJ,920892,92,T110101,X5204
BJ,920895,95,T070505,X320304
BJ,920896,96,T040202,X260304
BJ,920906,06,T040202,X260301
BJ,920914,14,T020205,X300201
BJ,920924,24,T1202,X410302
BJ,920925,25,T0403,X270302
BJ,920926,26,T0401,X240301
BJ,920931,31,T070501,X320301
BJ,920932,32,T1205,X420202
BJ,920942,42,T070402,X320402
BJ,920943,43,T070402,X320203
BJ,920946,46,T040501,X270102
BJ,920950,50,T1204,X4005
BJ,920953,53,T1205,X420202
BJ,920957,57,T020401,X120499
BJ,920961,61,T0708,X320201
BJ,920964,64,T110101,X520304
BJ,920970,70,T030204,X200501
BJ,920971,71,T020401,X1208
BJ,920974,74,T020401,X120499
BJ,920976,76,T1202,X4005
BJ,920978,78,T040202,X260305
BJ,920981,81,T1204,X400402
BJ,920982,82,T0403,X270701
BJ,920985,85,T0706,X300403
BJ,920992,92,T0403,X270302
